ym,P_shock,P_trend,P_max,regime_max,ret,dd6,breadth,newlow,trend,slope
2004-01,,,,Bull,0.04115495923412649,-22.1225153975113,0.42348008385744235,0.029227557411273485,0.15824128686832947,0.10361069508827891
2004-02,,,,Bull,-0.0033053167990804155,-23.125651268905422,0.4716981132075472,0.03333333333333333,0.1613811332129025,0.1165981946276704
2004-03,,,,Bull,-0.020056755416844152,-23.125651268905422,0.4225941422594142,0.041666666666666664,0.12127312523347315,0.11848373756260111
2004-04,,,,Bull,-0.06837883983548998,-17.04822669606366,0.4435146443514644,0.079002079002079,0.07128273535108715,0.10508519836307184
2004-05,,,,Bull,-0.022454777350083832,-11.790086712312286,0.27348643006263046,0.043568464730290454,-0.010148399600305103,0.07806714003270177
2004-06,,,,Bull,-0.06420284374016216,-8.936841114166516,0.28958333333333336,0.022821576763485476,-0.03760665885061895,0.04455468877026636
2004-07,,,,Bull,0.0927869801410397,-8.936841114166516,0.225,0.05578512396694215,-0.1056667270607355,0.014339097444159288
2004-08,,,,Bull,0.03922498257022733,-8.936841114166516,0.38958333333333334,0.02053388090349076,-0.01601324675233033,0.002316874521739676
2004-09,,,,Bull,-0.0002993689206676198,-8.936841114166516,0.5435684647302904,0.026694045174537988,0.017163207917091326,0.00607261932900105
2004-10,,,,Bull,0.05177036236022192,-10.900575155165859,0.5663900414937759,0.03696098562628337,0.011368610080991055,0.010346407738856644
2004-11,,,,Bull,0.020340279025603536,-10.900575155165859,0.6970954356846473,0.02459016393442623,0.060744857088629985,0.011609742910758003
2004-12,,,,Bull,0.04105280605239425,-10.900575155165859,0.7125256673511293,0.016293279022403257,0.08167439434173603,0.003247823850031084
2005-01,,,,Bull,0.08433576939534881,-10.900575155165859,0.8459958932238193,0.014256619144602852,0.11980339957208566,0.0023175603252283405
2005-02,,,,Bull,-0.045166897383133287,-10.900575155165859,0.9301848049281314,0.012195121951219513,0.1917411217093751,0.010393676851279121
2005-03,,,,Bull,-0.05631265563671062,-8.150820576126073,0.889344262295082,0.014227642276422764,0.11883663529980971,0.038543409497941994
2005-04,,,,Bull,0.06464395365828834,-8.322152523383552,0.7402862985685071,0.028455284552845527,0.0381519981234112,0.0603980096601453
2005-05,,,,Bull,0.03911519187847001,-8.322152523383552,0.7576374745417516,0.016260162601626018,0.07708156318980375,0.07108956698904634
2005-06,,,,Bull,0.10229533870135499,-8.322152523383552,0.8065173116089613,0.014198782961460446,0.09291739768206721,0.06853698394890073
2005-07,,,,Bull,-0.02516002305878673,-8.746719412492364,0.8780487804878049,0.012072434607645875,0.16735933682648987,0.06835116081257508
2005-08,,,,Bull,0.12708967654909675,-8.746719412492364,0.7439024390243902,0.01603206412825651,0.11176872813970651,0.07363876321283302
2005-09,,,,Bull,-0.05151474919205312,-8.746719412492364,0.9004065040650406,0.005671077504725898,0.19932315682764482,0.08464913313343159
2005-10,,,,Bull,0.12030805175416193,-8.746719412492364,0.8536585365853658,0.007518796992481203,0.11552293340277414,0.09288404328335442
2005-11,,,,Bull,0.0631474730322672,-11.5340989307117,0.8985801217038539,0.00375234521575985,0.19429252939974578,0.09879895961954843
2005-12,,,,Bull,0.014832830212289538,-17.808423193543497,0.8373493975903614,0.009328358208955223,0.22232906025660304,0.09791039776317167
2006-01,,,,Bull,-0.0201738719136767,-17.808423193543497,0.7454909819639278,0.005597014925373134,0.199220547453102,0.10480494287103026
2006-02,,,,Bull,-0.00874167246273494,-17.808423193543497,0.6616257088846881,0.00558659217877095,0.1435452088081431,0.10867729187049902
2006-03,,,,Bull,0.04422624739817227,-17.808423193543497,0.5902255639097744,0.0074211502782931356,0.10154566353499148,0.10596289646618362
2006-04,,,,Bull,-0.07186579891986777,-17.808423193543497,0.6303939962476548,0.011131725417439703,0.11278025181992381,0.10149804985368571
2006-05,,,,Bull,-0.01711309675450623,-8.639293468825793,0.416044776119403,0.05730129390018484,0.015212804000979619,0.08841728305786045
2006-06,,,,Bull,0.002061476913616911,-5.153632653612938,0.2947761194029851,0.011029411764705883,-0.013166327380923458,0.06675181376112871
2006-07,,,,Bull,0.04231715200737107,-5.9967543387908995,0.24394785847299813,0.014678899082568808,-0.016672469677263595,0.038932228121186796
2006-08,,,,Bull,0.013801650043684832,-5.9967543387908995,0.33766233766233766,0.012844036697247707,0.014602599869848435,0.025064732689217717
2006-09,,,,Bull,-0.005002140264830257,-6.386264430782818,0.49907578558225507,0.01282051282051282,0.02320683621676341,0.019652436166625042
2006-10,,,,Bull,0.04958404579405595,-6.386264430782818,0.522140221402214,0.012750455373406194,0.01908522473013526,0.01372125727802076
2006-11,,,,Bull,0.0015709987092444866,-6.386264430782818,0.7522935779816514,0.014519056261343012,0.06400078824017569,0.006946624881744468
2006-12,,,,Bull,-0.0517476837905162,-6.386264430782818,0.7119266055045872,0.019855595667870037,0.059890355051110525,0.00829974661851951
2007-01,,,,Bull,0.04198553639575109,-6.386264430782818,0.5394495412844037,0.032432432432432434,0.004252712379903002,0.011922568987031701
2007-02,,,,Bull,0.024842369408128562,-18.268953995384496,0.6190476190476191,0.03423423423423423,0.0450758281281636,0.008524259251800448
2007-03,,,,Bull,0.061746541180188075,-18.268953995384496,0.7231329690346083,0.012612612612612612,0.06339369480008655,0.008639790653498736
2007-04,,,,Bull,0.10288284894052024,-18.268953995384496,0.8061594202898551,0.01981981981981982,0.10289315874078206,0.027307871596212507
2007-05,,,,Bull,0.0250982947648013,-18.268953995384496,0.8826714801444043,0.012589928057553957,0.1760744838779892,0.053257302079425584
2007-06,,,,Bull,0.10878071036997672,-18.268953995384496,0.8954954954954955,0.012544802867383513,0.17157764065553208,0.07552228624974289
2007-07,,,,Bull,-0.031051032028847292,-23.042352546683908,0.9117117117117117,0.012522361359570662,0.2357287915979698,0.09559554844538831
2007-08,,,,Bull,0.03909802834457499,-23.042352546683908,0.8432432432432433,0.008928571428571428,0.17232185377212264,0.10050080005834316
2007-09,,,,Bull,0.060812398984444904,-23.75039993492264,0.8216216216216217,0.010676156583629894,0.18597959723074153,0.10039446401779095
2007-10,,,,Bull,-0.0769305712974303,-23.75039993492264,0.6834532374100719,0.01060070671378092,0.20556931502929685,0.09885362430796696
2007-11,,,,Bull,-0.0046537225168874485,-19.390534055808338,0.4946236559139785,0.012345679012345678,0.09064464839158813,0.10238302630363183
2007-12,,,,Bull,-0.1436116399354005,-17.00938062473454,0.4400715563506261,0.012280701754385965,0.061961428788612466,0.0994494500978731
2008-01,,,,Bull,0.05351203839037111,-20.19609395422751,0.16607142857142856,0.03152364273204904,-0.11030726319812328,0.07477986431601491
2008-02,,,,Bull,-0.004457768023614417,-21.95639635110014,0.23309608540925267,0.017452006980802792,-0.06571552666346805,0.05281191406193542
2008-03,,,,Bull,0.07129148713604883,-26.530536804210758,0.19081272084805653,0.015706806282722512,-0.07085405855911349,0.024537385198886374
2008-04,,,,Bull,0.014544226557667628,-50.301236840175,0.26455026455026454,0.017421602787456445,-0.002413875470199361,0.008670551329460041
2008-05,,,,Bull,-0.095625303030343,-49.31210299564691,0.356140350877193,0.017421602787456445,0.01613525253455018,-0.0032475272795573495
2008-06,,,,Bull,-0.04791273487358194,-43.95254845785039,0.29597197898423816,0.10416666666666667,-0.08147053381121248,-0.006568978985020735
2008-07,,,,Bull,-0.0755203586899934,-41.13202266736796,0.24781849912739964,0.031088082901554404,-0.10874284490467363,-0.028330754382733914
2008-08,,,,Bull,-0.01775825633142869,-37.484600271205935,0.17770034843205576,0.14457831325301204,-0.16019089939252723,-0.050252061523684
2008-09,,,,Bull,-0.23134399572164677,-35.17188776606094,0.14285714285714285,0.10652920962199312,-0.15005229851235985,-0.07142393465600272
2008-10,,,,Bull,-0.03323280897476555,-19.704612573727786,0.01916376306620209,0.024054982817869417,-0.3676482008703952,-0.09198489468217474
2008-11,,,,Bull,0.044978511462916426,-17.046503244304912,0.05025996533795494,0.010309278350515464,-0.36328060602431195,-0.10113731431530915
2008-12,,,,Bull,0.033473561437039834,-17.046503244304912,0.06368330464716007,0.010309278350515464,-0.2797203962162543,-0.11179333882985376
2009-01,0.9985874662212446,0.9999994623633636,0.9999994623633636,Bear,-0.08525867370867979,-15.818915824881863,0.0963855421686747,0.00859106529209622,-0.21296970755925537,-0.10555710609831026
2009-02,0.9983489246897546,0.9999996503721408,0.9999996503721408,Bear,0.13473747356270582,-5.23507102218862,0.11855670103092783,0.02577319587628866,-0.2549394517452872,-0.11355240633476182
2009-03,0.9065053247141507,0.9999194973953183,0.9999194973953183,Bear,0.13521129297623613,-5.23507102218862,0.3556701030927835,0.005128205128205128,-0.07152892309056592,-0.12753877431868255
2009-04,0.4557443665406075,0.5004922578583518,0.5004922578583518,Bear,0.019374035739815998,-8.039541043237852,0.7920962199312714,0.005119453924914676,0.08430311563580845,-0.11746977354353605
2009-05,0.22790596711142003,0.250246803956211,0.250246803956211,Bull,-0.004169431902441678,-11.308526734305968,0.8333333333333334,0.005110732538330494,0.11582055272844527,-0.08543992341060802
2009-06,0.11396379119029384,0.1251236188630535,0.1251236188630535,Bull,0.12029617158463801,-11.308526734305968,0.8092783505154639,0.003395585738539898,0.12039650568715698,-0.04345502339016172
2009-07,0.0569830501357785,0.06256198063119071,0.06256198063119071,Bull,0.022192357015423214,-11.308526734305968,0.8970840480274442,0.003389830508474576,0.2288316787069986,-0.01404523052797968
2009-08,0.028493097833420064,0.03128116010259687,0.03128116010259687,Bull,0.0510663946409764,-11.308526734305968,0.8683760683760684,0.005084745762711864,0.21152881440654714,0.040455927276065395
2009-09,0.014252916100183756,0.01566109682268505,0.01566109682268505,Bull,-0.05525543136425026,-9.826886588548733,0.7662116040955631,0.005067567567567568,0.21100335580063334,0.09957517746097921
2009-10,0.007150756487456811,0.009459007156096511,0.009459007156096511,Bull,-0.015872794001580925,-9.826886588548733,0.6207482993197279,0.008431703204047217,0.11846226221756012,0.1268400802001326
2009-11,0.003716804220441927,0.029457720684900723,0.029457720684900723,Bull,0.08174983668112512,-10.921698461936312,0.47368421052631576,0.0067226890756302525,0.0712545545250961,0.11470138167548516
2009-12,0.0019150948464226384,0.01945014232712395,0.01945014232712395,Bull,-0.047742689070899846,-10.921698461936312,0.5610169491525424,0.008389261744966443,0.11033078928034609,0.10679521498819988
2010-01,0.0011317162352899612,0.046972078496790304,0.046972078496790304,Bull,-0.0048988707108124085,-10.921698461936312,0.3559322033898305,0.01669449081803005,0.034310035476126294,0.09949974378109072
2010-02,0.0008504034468139476,0.07869247214235744,0.07869247214235744,Bull,0.06162752714789543,-10.921698461936312,0.40878378378378377,0.0066555740432612314,0.015479414443327906,0.08385505783671876
2010-03,0.00047450459755877183,0.044632508859384204,0.044632508859384204,Bull,0.028774010520898452,-10.921698461936312,0.5430016863406408,0.008305647840531562,0.05702194992769746,0.059227671195747345
2010-04,0.047433132057536444,0.02291073869644102,0.047433132057536444,Bull,-0.05759781759966809,-10.37748320233044,0.5932773109243697,0.03820598006644518,0.06308711798021331,0.053222390552449594
2010-05,0.024617564953657106,0.0416437091068636,0.0416437091068636,Bull,0.03475402227722779,-3.91121457460053,0.4429530201342282,0.01652892561983471,-0.0029349726695730993,0.04638027493330532
2010-06,0.012476398974866085,0.030691385031343707,0.030691385031343707,Bull,0.035941986108499524,-3.845078550467851,0.52,0.014802631578947368,0.02514853549060055,0.03352066514508856
2010-07,0.006317907810485594,0.01784449246653008,0.01784449246653008,Bull,-0.009424017363899306,-3.845078550467851,0.5640599001663894,0.016339869281045753,0.055829218533211336,0.01594238639880774
2010-08,0.06762521148314196,0.030548085476433604,0.06762521148314196,Bull,0.07462921164467073,-8.337227923902812,0.5149501661129569,0.037520391517128875,0.0363023259848881,0.01960317929768851
2010-09,0.03385599538399591,0.015797564576466017,0.03385599538399591,Bull,0.005414266402295365,-9.064177775192928,0.6461794019933554,0.00487012987012987,0.09618033981896787,0.026858675389589637
2010-10,0.016953545471203518,0.007927613061463896,0.016953545471203518,Bull,0.011513876774815301,-9.064177775192928,0.7166392092257001,0.003246753246753247,0.08833412707003842,0.03521207497665979
2010-11,0.008585357324270399,0.006241562772966504,0.008585357324270399,Bull,0.07684956907217955,-9.064177775192928,0.5773026315789473,0.021103896103896104,0.08175307313050299,0.04316024479646052
2010-12,0.004304626266767635,0.0036951546083295516,0.004304626266767635,Bull,0.009132121145173144,-9.390475387247498,0.6356209150326797,0.004838709677419355,0.13271851868142573,0.05234175726082113
2011-01,0.0021996707667754976,0.00211689989555877,0.0021996707667754976,Bull,-0.0630178491259451,-9.390475387247498,0.5481239804241436,0.04019292604501608,0.11957276955761448,0.06178776911952788
2011-02,0.4745283430404977,0.004153399699241627,0.4745283430404977,Bull,0.0863197535857878,-23.251203200063088,0.4042207792207792,0.0688,0.04138724794095733,0.060144444282714815
2011-03,0.23735412287424956,0.002834485483568617,0.23735412287424956,Bull,0.040660824149329144,-25.852864569071464,0.5097402597402597,0.011164274322169059,0.10304364967273119,0.05809498669515811
2011-04,0.1186816645949336,0.00216628836147766,0.1186816645949336,Bull,-0.022756360394378228,-25.852864569071464,0.512987012987013,0.030254777070063694,0.11869774828595674,0.060176607289885053
2011-05,0.059719817303760706,0.003874342176654339,0.059719817303760706,Bull,-0.01950087042907933,-24.20813200447799,0.4251207729468599,0.042993630573248405,0.07751751056133888,0.06313231105604644
2011-06,0.029867052353243516,0.00458095654106272,0.029867052353243516,Bull,0.015480637523060725,-24.20813200447799,0.432475884244373,0.006309148264984227,0.04126517741947798,0.0583488519787243
2011-07,0.014934584151235929,0.00236684971148079,0.014934584151235929,Bull,-0.11864747503555884,-23.91924189646364,0.5846645367412141,0.0047169811320754715,0.04127518485936128,0.04886743863132126
2011-08,0.010563949615755363,0.048003446160305,0.048003446160305,Bull,-0.058751861219887624,-12.122613715830276,0.36363636363636365,0.0015723270440251573,-0.08285941892949396,0.026314403413044474
2011-09,0.04019196627882022,0.5034210854523495,0.5034210854523495,Bull,0.07876133866014645,-7.933741609358291,0.2054140127388535,0.031446540880503145,-0.1365310667223814,0.0037751670744003984
2011-10,0.02234029140220324,0.7477656622732132,0.7477656622732132,Bear,-0.03222579979734985,-7.882660174514566,0.2761904761904762,0.006289308176100629,-0.05115424439360188,-0.019140763940498462
2011-11,0.012259759452919105,0.8719321719152633,0.8719321719152633,Bear,-0.011783437933314267,-13.020185847949882,0.2854889589905363,0.018867924528301886,-0.07140901812878174,-0.028449977345178845
2011-12,0.007749079968218889,0.9322481949922052,0.9322481949922052,Bear,0.07123141823246693,-13.020185847949882,0.33490566037735847,0.009404388714733543,-0.07711183414770117,-0.026367268563940782
2012-01,0.0039018987349055574,0.9495306193538646,0.9495306193538646,Bear,0.03807155136815821,-13.661869861640385,0.44654088050314467,0.004702194357366771,0.00013734079217226375,-0.025327643036900938
2012-02,0.0019514906009693769,0.5254488731983129,0.5254488731983129,Bear,-0.007984219154045014,-13.661869861640385,0.6572327044025157,0.006259780907668232,0.046407847367799133,-0.02282993667906752
2012-03,0.0009795470059341307,0.29682298662077133,0.29682298662077133,Bull,-0.015913312648463407,-13.661869861640385,0.5220125786163522,0.010954616588419406,0.04221316966275463,-0.02049795915154984
2012-04,0.002879304668867915,0.3262188367373112,0.3262188367373112,Bull,-0.06988936382815414,-11.493339096104327,0.38836477987421386,0.051643192488262914,0.031500741932268234,-0.01722131713451769
2012-05,0.012362929089360656,0.6449852765751394,0.6449852765751394,Bear,0.005717499731487274,-7.3236472533480645,0.3213166144200627,0.050078247261345854,-0.029407077981188294,-0.020042914666071998
2012-06,0.006364704179024728,0.8164187057378732,0.8164187057378732,Bear,0.015091601621011197,-7.3236472533480645,0.39184952978056425,0.0140625,-0.025556756071804798,-0.014788327261555656
2012-07,0.0033723471628658596,0.9032546849460927,0.9032546849460927,Bear,0.012290184859023556,-7.3236472533480645,0.3395931142410016,0.0171606864274571,-0.013657506765791227,-0.0055919972563004405
2012-08,0.0017343311618843503,0.9170111593257828,0.9170111593257828,Bear,0.0478132432884939,-7.3236472533480645,0.4507042253521127,0.014040561622464899,-0.003589130206397849,0.00718054236546295
2012-09,0.0008711339171003758,0.625552192034925,0.625552192034925,Bear,-0.04215483540831033,-6.781851986112352,0.5774647887323944,0.014040561622464899,0.03794308130433076,0.009693205264716953
2012-10,0.0006329530192281972,0.45995419676253446,0.45995419676253446,Bear,0.010899221353768418,-6.451672422199928,0.5007824726134585,0.029503105590062112,-0.010632422558024934,0.012753682833965607
2012-11,0.0004921135657602982,0.4283040871737603,0.4283040871737603,Bear,0.03318848549009101,-6.451672422199928,0.4546875,0.030959752321981424,0.0028183782082578926,0.007903906412566775
2012-12,0.0002561765747977563,0.3537855096967826,0.3537855096967826,Bull,-0.017580985234935786,-12.331740126719692,0.48829953198127923,0.0046439628482972135,0.03729184304887848,0.0007289812324080547
2013-01,0.0001330721700889827,0.20439359303428134,0.20439359303428134,Bull,0.03290113395716787,-12.132306921640767,0.5351014040561622,0.018575851393188854,0.021832651438406066,-0.006887691221877379
2013-02,6.685295464294577e-05,0.10600279338465174,0.10600279338465174,Bull,-0.010658811881641417,-12.132306921640767,0.6090342679127726,0.007739938080495356,0.05412612020521722,-0.004196059929307605
2013-03,3.393933306616233e-05,0.05426945957700643,0.05426945957700643,Bull,-0.02042010443338027,-11.185651488465798,0.6319875776397516,0.009287925696594427,0.03556642853750416,0.005643619076779904
2013-04,1.90173739395899e-05,0.028167392463461248,0.028167392463461248,Bull,0.01889055147974239,-11.021884452870378,0.6253869969040248,0.010819165378670788,0.010206728522246874,0.012865115940490446
2013-05,9.920889634092998e-06,0.014280512592401247,0.014280512592401247,Bull,-0.06882891440907302,-11.015218938396721,0.6873065015479877,0.0030864197530864196,0.021540732752069407,0.019301255900862513
2013-06,9.803299470989896e-05,0.024635713216937458,0.024635713216937458,Bull,0.02721490912433233,-4.77913215205239,0.4891640866873065,0.0015432098765432098,-0.04779646160269803,0.009485674861108073
2013-07,6.0640313078147055e-05,0.01724162321547376,0.01724162321547376,Bull,0.006441882241114527,-7.246142739958561,0.5681114551083591,0.007716049382716049,-0.014719593069165772,-0.002022198497450667
2013-08,7.272528676647242e-05,0.046076880025128074,0.046076880025128074,Bull,0.03664941969455038,-8.3866660186533,0.46367851622874806,0.01848998459167951,-0.006923695813577788,-0.009788790672443648
2013-09,4.028059827296351e-05,0.03196528522610041,0.03196528522610041,Bull,0.016590219899681458,-8.3866660186533,0.5564142194744977,0.013846153846153847,0.02545937463204781,-0.0036158551523703952
2013-10,2.4538963520138e-05,0.026938154278602574,0.026938154278602574,Bull,0.007280479951982111,-7.768226263366884,0.5246913580246914,0.013824884792626729,0.039725518451936746,0.004433816901183496
2013-11,2.5709632107130413e-05,0.04152912465531967,0.04152912465531967,Bull,-0.016397144746090997,-7.727631580911054,0.4567901234567901,0.009188361408882083,0.04477692635325284,0.008033485706498089
2013-12,9.396381615166307e-05,0.07206926437618916,0.07206926437618916,Bull,-0.034897104715772675,-6.189405687248028,0.42592592592592593,0.019877675840978593,0.028749479173697367,0.0036573245327924386
2014-01,0.001483213405976086,0.5340296519894937,0.5340296519894937,Bull,0.02000873983557061,-3.421768335813602,0.43143297380585516,0.010703363914373088,-0.005370800305059548,0.0002132312077938181
2014-02,0.005943829232621007,0.7657992398094677,0.7657992398094677,Bear,0.0028383957216482347,-3.421768335813602,0.5153846153846153,0.013761467889908258,0.014360489492486599,-0.001824323182705867
2014-03,0.006647113740698072,0.8816607233094915,0.8816607233094915,Bear,-0.011996286513861865,-3.421768335813602,0.5806451612903226,0.010703363914373088,0.018440361331302,-0.0024958428908601338
2014-04,0.007472398543768765,0.9391574530592932,0.9391574530592932,Bear,0.01690798771251334,-8.736636425309053,0.5911179173047473,0.010687022900763359,-0.0013179598132411067,0.006823792845236598
2014-05,0.5037361369784286,0.9676155469383165,0.9676155469383165,Bear,0.0036341581495165087,-8.736636425309053,0.5886850152905199,0.05030487804878049,0.01054159749314762,0.011460059763660047
2014-06,0.25719868936826584,0.9814037112166129,0.9814037112166129,Bear,0.03691428855712653,-8.888370740264406,0.5688073394495413,0.007621951219512195,0.009353322563359141,0.01756490542511191
2014-07,0.1903068030063769,0.9888533255804066,0.9888533255804066,Bear,-0.0036510787898287322,-9.515865937522005,0.6467889908256881,0.0213089802130898,0.043797608487609586,0.011246410713739996
2014-08,0.10001430214311029,0.9928028214357596,0.9928028214357596,Bear,-0.023422352155265003,-8.996204297547195,0.6758409785932722,0.010574018126888218,0.03889974820819407,0.007316287068767968
2014-09,0.5500071490152493,0.9940358998825516,0.9940358998825516,Bear,-0.027553184784407714,-6.813558652203144,0.6641221374045801,0.05740181268882175,0.01351043889129138,0.004371145848660163
2014-10,0.772354531524156,0.9953453448741361,0.9953453448741361,Bear,0.008323012343988134,-5.243581772122841,0.5289634146341463,0.03469079939668175,-0.012503524833585187,0.001002966656276083
2014-11,0.5280492302015157,0.9956950056942779,0.9956950056942779,Bear,-0.03291130893504779,-5.243581772122841,0.4496951219512195,0.024096385542168676,-0.00534189142940645,0.000889693196446828
2014-12,0.6622229730831447,0.9912457932278166,0.9912457932278166,Bear,0.017576853369501766,-6.657278067984107,0.3668188736681887,0.03453453453453453,-0.03828321931380702,-0.0013281778239357944
2015-01,0.3343845782999741,0.9871481329168543,0.9871481329168543,Bear,0.018745595189680886,-7.232871732847979,0.4622356495468278,0.016467065868263474,-0.01889628763830438,-0.001316199452384259
2015-02,0.17026182927571448,0.9923831321751209,0.9923831321751209,Bear,0.027812458007211216,-15.809252161832122,0.6057401812688822,0.004491017964071856,0.0009564439477115414,-0.003577731394741046
2015-03,0.08982705300416852,0.9956576195610962,0.9956576195610962,Bear,0.04220412798522122,-15.809252161832122,0.6998491704374057,0.005979073243647235,0.027424305420686964,-0.002275985325727925
2015-04,0.04662873071339529,0.9972136301002341,0.9972136301002341,Bear,-0.005815178618157391,-14.737897799264788,0.7650602409638554,0.0029895366218236174,0.06270577857667142,0.005859203345155439
2015-05,0.030955665135801815,0.9981320831855989,0.9981320831855989,Bear,-0.019198078645188077,-13.475978043044623,0.7252252252252253,0.01195814648729447,0.053034752267822415,0.01066742555217215
2015-06,0.02224286132673923,0.9984950033227225,0.9984950033227225,Bear,-0.021232242806343726,-13.169271506729208,0.6362275449101796,0.013412816691505217,0.03343840794307418,0.0100164627378041
2015-07,0.09001127144654358,0.998842194485442,0.998842194485442,Bear,-0.04367638139480012,-10.339199628550688,0.6287425149700598,0.0237741456166419,0.009608554563292081,0.00559515913596198
2015-08,0.0459618297888415,0.9934759882864652,0.9934759882864652,Bear,0.010981291928680692,-10.594951610021997,0.47832585949177875,0.004451038575667656,-0.03589627518248424,0.0032019785723162997
2015-09,0.02382179520967806,0.9931525812745863,0.9931525812745863,Bear,0.03396146856773963,-10.594951610021997,0.49177877428998507,0.0073964497041420114,-0.023482359340020888,0.0013001049379501861
2015-10,0.01677275456526912,0.9884349366762752,0.9884349366762752,Bear,-0.018477730905773315,-10.594951610021997,0.43946188340807174,0.02064896755162242,0.004785644946230964,0.004295121784259948
2015-11,0.012964735814065792,0.9131095587588053,0.9131095587588053,Bear,-0.015391754173157857,-9.320975498543882,0.3561847988077496,0.02643171806167401,-0.0176122193613024,0.007664055934943015
2015-12,0.00750665977139255,0.7429691478898874,0.7429691478898874,Bear,-0.02511076705297277,-6.425808542849055,0.34175334323922735,0.021994134897360705,-0.03279132288627723,0.008344845574461912
2016-01,0.004000928684628485,0.38271697496159285,0.38271697496159285,Bull,0.0024057694031434096,-5.023973796205061,0.31602373887240354,0.01906158357771261,-0.05113123521373259,-0.0042750689778816575
2016-02,0.0027149892065495536,0.31521389210901574,0.31521389210901574,Bull,0.04131663414171549,-5.023973796205061,0.30280649926144754,0.024890190336749635,-0.03833859023393697,-0.017546921730701937
2016-03,0.00650511047476497,0.6449053530366844,0.6449053530366844,Bear,-0.0008517429629829598,-5.023973796205061,0.43593519882179677,0.02046783625730994,0.009043664080544057,-0.024082887254092245
2016-04,0.00542149868295748,0.8186122266079494,0.8186122266079494,Bear,-0.0053907679303911715,-5.023973796205061,0.5242290748898678,0.011695906432748537,0.011564655937463983,-0.020447270585108313
2016-05,0.0038678235579101836,0.8720454452336525,0.8720454452336525,Bear,-0.006579635306791065,-5.333731359629579,0.4750733137829912,0.008746355685131196,0.010346840610232071,-0.013638406978740969
2016-06,0.0025989877255298698,0.7041739785003918,0.7041739785003918,Bear,0.023264885115996004,-5.333731359629579,0.4178885630498534,0.00727802037845706,0.0014509334445545186,-0.005043397476847122
2016-07,0.03077294708169523,0.3893370562779349,0.3893370562779349,Bull,0.009155924562810336,-5.333731359629579,0.5183016105417276,0.026124818577648767,0.021992937983596052,0.0008032214734039478
2016-08,0.5144090405310511,0.2123457574083308,0.5144090405310511,Bull,0.004413525845230248,-5.333731359629579,0.45321637426900585,0.060781476121562955,0.03099140574137041,0.0050015435188282
2016-09,0.2874076724617668,0.11188675056648367,0.2874076724617668,Bull,-0.017341722029861617,-5.176973873892088,0.5,0.017341040462427744,0.03307340139235608,0.0043426357891813705
2016-10,0.6437038078193148,0.06444129276402054,0.6437038078193148,Bear,-0.012304593518776774,-2.5032266220640476,0.3425655976676385,0.1239193083573487,0.011678705601946992,0.006332874654467746
2016-11,0.8112837309041196,0.05760122316259135,0.8112837309041196,Bear,0.021668976189309852,-2.5032266220640476,0.28820960698689957,0.0603448275862069,-0.0055371160483419805,0.011026333267063482
2016-12,0.4115850058209733,0.12050965486099444,0.4115850058209733,Bear,0.020286661574530296,-2.5032266220640476,0.3367198838896952,0.00860832137733142,0.010546851729104212,0.013388921637367268
2017-01,0.6982059540393933,0.0602548274705388,0.6982059540393933,Bear,0.011641600247119799,-2.5032266220640476,0.40998487140695916,0.04484304932735426,0.02670350466294721,0.013568706108703754
2017-02,0.5734082221273674,0.5301274098261187,0.5734082221273674,Bear,0.03279249364769088,-5.37705297443093,0.4539969834087481,0.02242152466367713,0.03408083399220426,0.013258379527072872
2017-03,0.3801801401714414,0.7650637044006205,0.7650637044006205,Bear,0.020928309182937088,-5.37705297443093,0.5,0.008955223880597015,0.057676754659490403,0.016612001243730967
2017-04,0.2367205360703185,0.8825318516893308,0.8825318516893308,Bear,0.06435901460809901,-5.37705297443093,0.5262368815592204,0.011922503725782414,0.06899814731019348,0.02200072310699075
2017-05,0.14856132867821892,0.94126592534034,0.94126592534034,Bear,0.018919032481777176,-5.37705297443093,0.6651718983557549,0.002976190476190476,0.11816255622471675,0.031444378486326086
2017-06,0.3159928251447991,0.9706329621633003,0.9706329621633003,Bear,0.004565585480605261,-5.37705297443093,0.6154992548435171,0.017673048600883652,0.12056172260447018,0.03971059408738209
2017-07,0.657996411420445,0.9853164805651142,0.9853164805651142,Bear,-0.016448102423411104,-5.106779372261084,0.5439642324888226,0.07363770250368189,0.10701810246205311,0.04822215525446483
2017-08,0.7885395828503451,0.9926582397668391,0.9926582397668391,Bear,0.01323635851219862,-9.022432045446305,0.5022288261515602,0.021994134897360705,0.07237232580256894,0.05068979423762188
2017-09,0.8938574586375884,0.996329119340585,0.996329119340585,Bear,0.05385741417322154,-9.022432045446305,0.33825701624815363,0.010263929618768328,0.06792414288340817,0.05274618723971258
2017-10,0.9469246311930422,0.9981645591357691,0.9981645591357691,Bear,-0.01864914649028071,-9.022432045446305,0.3735294117647059,0.01466275659824047,0.1044723427561803,0.05466670098346449
2017-11,0.9540669969561222,0.9990822790406335,0.9990822790406335,Bear,-0.003585944964967669,-9.022432045446305,0.4161764705882353,0.02046783625730994,0.06323498219499395,0.059378073466289205
2017-12,0.953428923879782,0.9995411389786462,0.9995411389786462,Bear,0.04010957332950493,-10.92876031296578,0.35043988269794724,0.021897810218978103,0.0449518288065326,0.05807982297410352
2018-01,0.5711876561251221,0.4997705694893231,0.5711876561251221,Bear,-0.05419911303226155,-12.107655925343652,0.5469208211143695,0.002902757619738752,0.06663073151421918,0.05392766578677799
2018-02,0.7618307888693259,0.24988528474466154,0.7618307888693259,Bear,0.0076173247545101574,-10.916038402810212,0.3812316715542522,0.049204052098408106,0.00039833410371750775,0.04567904729066452
2018-03,0.4853683858863448,0.12494264237233077,0.4853683858863448,Bear,0.028427655980584055,-10.916038402810212,0.41751824817518246,0.01300578034682081,0.0014204112093784366,0.03445361509616962
2018-04,0.2629124725273509,0.062471321186165385,0.2629124725273509,Bull,-0.03672203696866427,-20.646179033749025,0.5276967930029155,0.017316017316017316,0.02586194663557565,0.02088012370566461
2018-05,0.5702507045753591,0.031235660593082692,0.5702507045753591,Bull,-0.03998337875727398,-19.207231269225268,0.508695652173913,0.044733044733044736,-0.013486506385806884,0.01143063812690337
2018-06,0.7851253513826295,0.015617830296541346,0.7851253513826295,Bear,-0.013270915469926647,-15.257506834948876,0.35021707670043417,0.0953757225433526,-0.055121105649671806,0.006374891931971716
2018-07,0.4320531961214903,0.007808915148270673,0.4320531961214903,Bear,0.012033439753823538,-15.357280452694022,0.2402315484804631,0.01875901875901876,-0.0646651771331531,-0.001304864434337527
2018-08,0.22114131823496644,0.0039044575741353366,0.22114131823496644,Bull,0.008691876707128454,-15.357280452694022,0.2976878612716763,0.017167381974248927,-0.04319894107003041,-0.012619844839963146
2018-09,0.11492675580149503,0.0019522287870676683,0.11492675580149503,Bull,-0.1337476549186405,-14.910784013904033,0.3309248554913295,0.015714285714285715,-0.02676937530992641,-0.02068893660059612
2018-10,0.556415597338265,0.0009761143935338341,0.556415597338265,Bull,0.03309380642103732,-6.483795664071157,0.0838150289017341,0.07845934379457917,-0.1564911710161133,-0.030657327159418157
2018-11,0.29965024254408695,0.00048805719676691707,0.29965024254408695,Bull,-0.026620787987619576,-10.019876469916355,0.16017316017316016,0.02275960170697013,-0.10311455950389839,-0.041562655916410174
2018-12,0.1512680988691,0.00024402859838345854,0.1512680988691,Bull,0.0802581308836019,-10.019876469916355,0.1630901287553648,0.019886363636363636,-0.11585041706123472,-0.047093538534574764
2019-01,0.07904416348602679,0.5001220127520186,0.5001220127520186,Bull,-0.004267934704496712,-10.019876469916355,0.30428571428571427,0.00425531914893617,-0.021462696675266933,-0.04825651590077373
2019-02,0.042099361392227704,0.750061004883126,0.750061004883126,Bear,-0.02494717277311076,-15.072285771240034,0.3176638176638177,0.011347517730496455,-0.01594087542600675,-0.04205486293636174
2019-03,0.030279233116260518,0.8750305009545056,0.8750305009545056,Bear,0.02939274540771497,-15.072285771240034,0.3314366998577525,0.028328611898016998,-0.02784397746559102,-0.040299416829879475
2019-04,0.019035805779020188,0.9375152496308252,0.9375152496308252,Bear,-0.07344836888932471,-13.695177451700369,0.5120567375886524,0.011283497884344146,0.009009729462064546,-0.031050459275316578
2019-05,0.03527934101728918,0.9687576231699473,0.9687576231699473,Bear,0.04353156003126646,-10.52373122249326,0.3045325779036827,0.03526093088857546,-0.05755215157558609,-0.02863709794709457
2019-06,0.023790465961080046,0.9843788105086059,0.9843788105086059,Bear,-0.049783660401832464,-10.368350250142655,0.4198581560283688,0.022598870056497175,-0.007101519983515922,-0.023894183861519647
2019-07,0.5118952104119929,0.9921894024258685,0.9921894024258685,Bear,-0.02803586396813429,-6.538316914075426,0.20679886685552407,0.08615819209039548,-0.04628444306771609,-0.028423496589400687
2019-08,0.2624796616681121,0.996094699083257,0.996094699083257,Bear,0.04840964120898228,-12.36034800901422,0.1906779661016949,0.00847457627118644,-0.0671955097361137,-0.025338344372677568
2019-09,0.14596711013785424,0.9980473475915714,0.9980473475915714,Bear,0.009902780425627533,-35.70889779916474,0.2274011299435028,0.029661016949152543,-0.017867039511590337,-0.019939141791463055
2019-10,0.11236634468851583,0.9990236717753053,0.9990236717753053,Bear,0.002150239268313925,-35.70889779916474,0.21610169491525424,0.03531073446327684,-0.008773354293174272,-0.008517614070351343
2019-11,0.22006101476950285,0.9995118339210884,0.9995118339210884,Bear,0.05254409231498869,-35.70889779916474,0.22284908321579688,0.04219409282700422,-0.0060845591303646295,-0.0015555817325110244
2019-12,0.1234647199663099,0.9997559155918935,0.9997559155918935,Bear,-0.035792414195787936,-35.70889779916474,0.29760225669957685,0.015384615384615385,0.04753831670836856,-0.002095461650410746
2020-01,0.5617323210552393,0.999877953307464,0.999877953307464,Bear,-0.062293240424381,-35.03091217438568,0.2002820874471086,0.25034965034965034,0.009693605282830312,-0.0016405949231153016
2020-02,0.7808661394706065,0.9999389657010148,0.9999389657010148,Bear,-0.11694455185185326,-30.09792506344231,0.11706629055007052,0.4664804469273743,-0.052737451993655156,-0.0028993886232172583
2020-03,0.47326416414776895,0.9999694806968928,0.9999694806968928,Bear,0.10994850358748165,-7.508801311518287,0.0800561797752809,0.002793296089385475,-0.16232042770724772,-0.015270831867671752
2020-04,0.2376986642918714,0.9999847390937693,0.9999847390937693,Bear,0.04212446061941999,-7.508801311518287,0.25874125874125875,0.002793296089385475,-0.045317524689084815,-0.028535477936231457
2020-05,0.11911728515652227,0.9999923685962695,0.9999923685962695,Bear,0.038790945746012495,-7.508801311518287,0.36923076923076925,0.004189944134078212,0.0002933678401253365,-0.03107799811411327
2020-06,0.06002892878580006,0.9999961833280999,0.9999961833280999,Bear,0.06689656450185977,-7.220151177391654,0.3551532033426184,0.004172461752433936,0.028130658314911024,-0.005775853967539768
2020-07,0.030781979650945784,0.9999980909176098,0.9999980909176098,Bear,0.034142804734832444,-7.253996740571744,0.48885793871866295,0.005563282336578581,0.08500565887107073,0.01536419244031495
2020-08,0.01674470401231068,0.9999990447540569,0.9999990447540569,Bear,0.0007394002849707704,-7.253996740571744,0.5306406685236769,0.006944444444444444,0.10648609531186078,0.028107223947830384
2020-09,0.009766758409763099,0.9999995217265107,0.9999995217265107,Bear,-0.02609229518459133,-7.817720647628201,0.596100278551532,0.002777777777777778,0.09428833212388435,0.032266238631072586
2020-10,0.006565373410858801,0.9999997601898387,0.9999997601898387,Bear,0.14299459652479585,-7.817720647628201,0.5771905424200278,0.008321775312066574,0.05982764941382349,0.033603534201051666
2020-11,0.00877693613981786,0.9999998795319877,0.9999998795319877,Bear,0.1088741242922524,-7.817720647628201,0.8263888888888888,0.002770083102493075,0.1789921716056031,0.03556509631206284
2020-12,0.04424041394826432,0.9999999392011184,0.9999999392011184,Bear,0.03575467684780964,-7.817720647628201,0.8571428571428571,0.0027624309392265192,0.250970199987554,0.0547257164361139
2021-01,0.02212020731298254,0.4999999696005592,0.4999999696005592,Bear,0.012344555900485554,-6.484782512052478,0.7642163661581137,0.002758620689655172,0.22547621511658206,0.11181313650568381
2021-02,0.01106010487315021,0.2499999848002796,0.2499999848002796,Bull,0.01608721402234803,-7.403461627668206,0.7534626038781164,0.006887052341597796,0.19342085260031527,0.1470184497065503
2021-03,0.005530053097093143,0.1249999924001398,0.1249999924001398,Bull,0.0282353247031637,-7.41072259557074,0.8174273858921162,0.001375515818431912,0.16590025086033847,0.16000977955672835
2021-04,0.002765028240937602,0.0624999962000699,0.0624999962000699,Bull,0.017808864606451147,-12.008311333757815,0.81353591160221,0.012345679012345678,0.15110312854570276,0.13347497865798297
2021-05,0.0013825167234199263,0.03124999810003495,0.03124999810003495,Bull,0.02895203751264175,-14.105002607448291,0.8234482758620689,0.00823045267489712,0.13618449709010436,0.11842786745844336
2021-06,0.000691260824835632,0.015624999050017475,0.015624999050017475,Bull,-0.02862269472253287,-14.105002607448291,0.8471074380165289,0.008207934336525308,0.13013010064537364,0.11003579591341262
2021-07,0.0003457895354861652,0.0078124995250087375,0.0078124995250087375,Bull,-0.0009524497124010489,-20.29917010731119,0.7658402203856749,0.015047879616963064,0.06820764477687961,0.09930381426622126
2021-08,0.0001736539307902017,0.0039062497625043688,0.0039062497625043688,Bull,-0.04077491126897381,-18.476031508636524,0.6145404663923183,0.009549795361527967,0.03902834569868092,0.09212483670492189
2021-09,9.083615847382698e-05,0.0019531248812521844,0.0019531248812521844,Bull,-0.03197976242745859,-14.804715428229386,0.4917808219178082,0.024324324324324326,-0.01894062537778562,0.0772023781017328
2021-10,4.875311554307271e-05,0.0009765624406260922,0.0009765624406260922,Bull,-0.044323159985223404,-13.700956530435404,0.417462482946794,0.021592442645074223,-0.05652299926207223,0.052304694864740764
2021-11,0.500024317364375,0.0004882812203130461,0.500024317364375,Bull,0.04883388649607845,-15.826997871484672,0.15279672578444747,0.28706199460916443,-0.09672632705117,0.016420774098150792
2021-12,0.2500283050196569,0.00024414061015652305,0.2500283050196569,Bull,-0.1055563362924995,-22.578311680558038,0.23433242506811988,0.006720430107526882,-0.04652629484340204,-0.0035537748669977054
2022-01,0.12501462032728036,0.00012207030507826152,0.12501462032728036,Bull,0.013456728231198367,-17.313566132999235,0.13378378378378378,0.01478494623655914,-0.15162837328133236,-0.013285960723083301
2022-02,0.06250816691589985,6.103515253913076e-05,0.06250816691589985,Bull,0.021662124120634507,-16.93207993889052,0.17813765182186234,0.012080536912751677,-0.12499562763251286,-0.022386899522508164
2022-03,0.031255527511335236,3.051757626956538e-05,0.031255527511335236,Bull,-0.022700435418731346,-21.879891694006993,0.30551816958277256,0.009395973154362415,-0.08662633775378654,-0.03619134240134858
2022-04,0.01563015309963187,1.525878813478269e-05,0.01563015309963187,Bull,-0.003395167554811729,-20.0204095960431,0.40860215053763443,0.013422818791946308,-0.08958797063819257,-0.048965210129056524
2022-05,0.007816381607017654,7.629394067391345e-06,0.007816381607017654,Bull,-0.1315238924046893,-19.74794040710648,0.35618279569892475,0.008053691275167786,-0.07187937994158612,-0.054856993519047825
2022-06,0.003915241800768151,3.8146970336956726e-06,0.003915241800768151,Bull,0.05095518935436982,-14.92113843121784,0.1342281879194631,0.05906040268456376,-0.188198407031154,-0.06289614868548321
2022-07,0.0019585647360303832,1.9073485168478363e-06,0.0019585647360303832,Bull,0.00838264280160117,-14.92113843121784,0.17986577181208055,0.006711409395973154,-0.11012047432411311,-0.07055671484169823
2022-08,0.0009808611121944284,9.536742584239182e-07,0.0009808611121944284,Bull,-0.12805568347769303,-12.805568347769302,0.2442953020134228,0.014745308310991957,-0.0810094452419559,-0.06815750259888687
2022-09,0.5004903487477255,4.768371292119591e-07,0.5004903487477255,Bull,0.06407829208823257,-10.650944354368285,0.09664429530201342,0.30120481927710846,-0.1945588916680447,-0.06567974742117799
2022-10,0.25030157410606235,2.3841856460597954e-07,0.25030157410606235,Bull,0.0780079932923361,-10.650944354368285,0.12080536912751678,0.038821954484605084,-0.10422497886324614,-0.06904234556382882
2022-11,0.12515151150061798,1.1920928230298977e-07,0.12515151150061798,Bull,-0.09550141925688738,-10.531330529144933,0.2657718120805369,0.00535475234270415,-0.01108148224600031,-0.06640569808610586
2022-12,0.39827115739313285,5.9604641151494885e-08,0.39827115739313285,Bull,0.08436781614214572,-5.436753639916714,0.1686746987951807,0.12416555407209613,-0.09679931345329791,-0.05626498322686213
2023-01,0.20462753364010544,0.5000000287323765,0.5000000287323765,Bull,-0.005043124381363007,-5.422280511656896,0.30614973262032086,0.008,-0.0014223935164539398,-0.04253661965760225
2023-02,0.10283966327078826,0.7500000133609994,0.7500000133609994,Bear,0.026528796723759074,-6.095455469581212,0.35561497326203206,0.017333333333333333,0.0031616326523328203,-0.03738160685279368
2023-03,0.0518369980861326,0.8750000057316294,0.8750000057316294,Bear,0.009960159558901616,-7.652596010790235,0.3890374331550802,0.012,0.038573901473973965,-0.031084263506905407
2023-04,0.02659131374451576,0.9375000019248292,0.9375000019248292,Bear,0.030217541666638148,-14.588296075938468,0.41255006675567424,0.03195739014647137,0.04218945826008652,-0.01159732795517987
2023-05,0.01355377049309239,0.9687500000997278,0.9687500000997278,Bear,-0.0049823397074086895,-14.588296075938468,0.4833555259653795,0.03851261620185923,0.06712525867587818,0.002490638214040608
2023-06,0.006916953618986104,0.9843749992238991,0.9843749992238991,Bear,0.02663517558449069,-14.588296075938468,0.5172872340425532,0.03306878306878307,0.05629279850645504,0.017155965315179822
2023-07,0.004339297122265649,0.9921874986150596,0.9921874986150596,Bear,-0.02898679482832678,-14.588296075938468,0.3598937583001328,0.013175230566534914,0.06920165333066294,0.02353148698291152
2023-08,0.0028490288861679567,0.996093748331378,0.996093748331378,Bear,-0.03567696310446833,-12.42811367563088,0.3740053050397878,0.011842105263157895,0.027950871948379755,0.030756487626321993
2023-09,0.006710818181847424,0.9980468729922194,0.9980468729922194,Bear,-0.07589239775626777,-8.761303280623856,0.28835978835978837,0.04199475065616798,-0.012585355701384738,0.02908933846772066
2023-10,0.5033427818185388,0.9990234347973233,0.9990234347973233,Bear,0.11295047385245627,-8.761303280623856,0.19129287598944592,0.13368283093053734,-0.09427100994547444,0.018979616478561168
2023-11,0.255714129529258,0.9995117163611332,0.9995117163611332,Bear,0.047327914512986125,-8.761303280623856,0.34342105263157896,0.01832460732984293,0.010664219656660182,0.009086558628619734
2023-12,0.12816571712552788,0.9997558571921952,0.9997558571921952,Bear,-0.0595756152499437,-8.761303280623856,0.36662286465177396,0.006535947712418301,0.052794103216056154,0.008990605126465656
2024-01,0.06547288584105064,0.9998779274570644,0.9998779274570644,Bear,0.05817572230802637,-6.271472847747561,0.3136482939632546,0.04177545691906005,-0.01267658822026686,0.010247299289822154
2024-02,0.033046030175795306,0.9999389627457322,0.9999389627457322,Bear,0.039460849828057754,-15.556748011689637,0.40339425587467365,0.0390625,0.04017952408909992,0.01191962838331273
2024-03,0.016705232307779056,0.9999694803923845,0.9999694803923845,Bear,-0.019867920523340188,-15.556748011689637,0.3981723237597911,0.031209362808842653,0.07271245190602368,0.013498904562824876
2024-04,0.008455588548677312,0.99998473927655,0.99998473927655,Bear,-0.020631054974127316,-15.556748011689637,0.4276401564537158,0.01818181818181818,0.0494145378826015,0.013175548957828243
2024-05,0.005345813948522946,0.99999236868039,0.99999236868039,Bear,0.06117914813209069,-16.410672322905484,0.4348958333333333,0.05194805194805195,0.024344177358783737,0.013388138541375882
2024-06,0.002841113524918202,0.9999961834092473,0.9999961834092473,Bear,-0.009696880532075847,-18.35716885207005,0.44545454545454544,0.042690815006468305,0.0764859229140458,0.014800897293495208
2024-07,0.002742869703858659,0.9999980906915763,0.9999980906915763,Bear,-0.03478551727212853,-15.01612366365288,0.40414507772020725,0.05426356589147287,0.05397881881220789,0.023896058258872088
2024-08,0.0019741670389395683,0.9999990442803735,0.9999990442803735,Bear,-0.030303157557248217,-11.951507716337185,0.33635187580853815,0.015444015444015444,0.008346978310445192,0.030136538542830937
2024-09,0.0020820623180382624,0.9999995210456845,0.9999995210456845,Bear,-0.014314019330007755,-10.361688207723441,0.32470892626131953,0.017994858611825194,-0.026093303364016773,0.02615189448796329
2024-10,0.0036773232874075593,0.9999997593370908,0.9999997593370908,Bear,-0.03921522370126429,-14.142513086077047,0.2971576227390181,0.03465982028241335,-0.04155982191301317,0.015768876088393613
2024-11,0.4565559365198467,0.9999998781865019,0.9999998781865019,Bear,-0.022973123564838382,-14.142513086077047,0.23901808785529716,0.09242618741976893,-0.08134976121706189,0.004991572901709818
2024-12,0.24897935102830168,0.9999999377258116,0.9999999377258116,Bear,0.04912715928504907,-14.142513086077047,0.22136422136422138,0.03713188220230474,-0.09722073381716936,-0.006640463382975859
2025-01,0.12448967551415084,0.9999999675929792,0.9999999675929792,Bear,0.006121432841425634,-14.142513086077047,0.27742749054224464,0.047619047619047616,-0.04223335124172008,-0.014564717864428145
2025-02,0.06224483775707542,0.999999982566862,0.999999982566862,Bear,-0.020396525364153484,-13.246896601141799,0.3161209068010076,0.05137844611528822,-0.03262800304068284,-0.018105674784172354
2025-03,0.031122418883937554,0.9999999893427055,0.9999999893427055,Bear,0.030425770083210457,-9.030334502270755,0.23173803526448364,0.1677096370463079,-0.048467322341249376,-0.016088342226914132
2025-04,0.015561209441968777,0.9999999937494206,0.9999999937494206,Bear,0.055174550880334294,-4.149986320647181,0.44221105527638194,0.01373283395755306,-0.0065084513560545836,-0.01907403111512862
2025-05,0.0077806047209843885,0.9999999961290149,0.9999999961290149,Bear,0.13864929369746903,-8.901506871653952,0.6077694235588973,0.0149812734082397,0.054373798994654,-0.02335810143680883
2025-06,0.0038903023604921943,0.9999999973754323,0.9999999973754323,Bear,0.0565615108884876,-8.901506871653952,0.6946182728410513,0.014943960149439602,0.1731593442650227,-0.00807288442693177
2025-07,0.0019451511802460971,0.9999999979985056,0.9999999979985056,Bear,-0.01831182604318171,-8.901506871653952,0.7025,0.0161892901618929,0.20326394938316508,0.02974545173396481
2025-08,0.0009725755901230486,0.9999999982398284,0.9999999982398284,Bear,0.07488679795710262,-8.901506871653952,0.6221945137157108,0.029850746268656716,0.16283542110893048,0.05979244002576589
2025-09,0.0004862877950615243,0.9999999983180207,0.9999999983180207,Bear,0.19941011588801794,-19.894662107505688,0.5810473815461347,0.036069651741293535,0.20077369439638454,0.08029263328598657
2025-10,0.00024314389753076214,0.9999999983170471,0.9999999983170471,Bear,-0.044043800878727946,-19.894662107505688,0.5616438356164384,0.055900621118012424,0.3394639198645848,0.10446790418182683
2025-11,0.00012157194876538107,0.9999999983548904,0.9999999983548904,Bear,0.07323907704836685,-19.894662107505688,0.5591531755915318,0.02608695652173913,0.24419642262152758,0.13614509014050435
2025-12,6.0785974382690535e-05,0.9999999983185885,0.9999999983185885,Bear,0.23971267417636266,-19.894662107505688,0.5261194029850746,0.05217391304347826,0.2649523475400175,0.15604545857709606
2026-01,3.0392987191345268e-05,0.4999999991592943,0.4999999991592943,Bear,0.19519520978992544,-38.630429604794614,0.568407960199005,0.02977667493796526,0.40944755765938273,0.179059482890789
2026-02,1.5196493595672634e-05,0.24999999957964714,0.24999999957964714,Bull,-0.19084643404922963,,0.6878109452736318,0.034739454094292806,0.5145445961220702,0.21631873209729924
2026-03,7.598246797836317e-06,0.12499999978982357,0.12499999978982357,Bull,0.3060707394429423,,0.47139303482587064,0.05093167701863354,0.22453110494167575,0.2515712492452946
2026-04,3.7991233989181584e-06,0.062499999894911784,0.062499999894911784,Bull,0.28448510731373733,,0.6687422166874222,0.01987577639751553,0.41137237956509753,0.2606674992070477
2026-05,1.8995616994590792e-06,0.031249999947455892,0.031249999947455892,Bull,3.894198542830907e-05,,0.4166666666666667,0.16770186335403728,0.5729459789192315,0.27493210480582464
2026-06,9.497808497295396e-07,0.015624999973727946,0.015624999973727946,Bull,-0.22191170974465646,,0.24906600249066002,0.03482587064676617,0.4630986814240598,0.3172611086393202
2026-07,4.748904248647698e-07,0.007812499986863973,0.007812499986863973,Bull,,,0.2082294264339152,0.018703241895261846,0.13992806481532993,0.30547339911793747
