model,ym,prisk,regime,ret,dd6,P_S0,P_S1,P_S2
2-state,2004-01,,Benign,0.04115495923412649,-22.1225153975113,,,
2-state,2004-02,,Benign,-0.0033053167990804155,-23.125651268905422,,,
2-state,2004-03,,Benign,-0.020056755416844152,-23.125651268905422,,,
2-state,2004-04,,Benign,-0.06837883983548998,-17.04822669606366,,,
2-state,2004-05,,Benign,-0.022454777350083832,-11.790086712312286,,,
2-state,2004-06,,Benign,-0.06420284374016216,-8.936841114166516,,,
2-state,2004-07,,Benign,0.0927869801410397,-8.936841114166516,,,
2-state,2004-08,,Benign,0.03922498257022733,-8.936841114166516,,,
2-state,2004-09,,Benign,-0.0002993689206676198,-8.936841114166516,,,
2-state,2004-10,,Benign,0.05177036236022192,-10.900575155165859,,,
2-state,2004-11,,Benign,0.020340279025603536,-10.900575155165859,,,
2-state,2004-12,,Benign,0.04105280605239425,-10.900575155165859,,,
2-state,2005-01,,Benign,0.08433576939534881,-10.900575155165859,,,
2-state,2005-02,,Benign,-0.045166897383133287,-10.900575155165859,,,
2-state,2005-03,,Benign,-0.05631265563671062,-8.150820576126073,,,
2-state,2005-04,,Benign,0.06464395365828834,-8.322152523383552,,,
2-state,2005-05,,Benign,0.03911519187847001,-8.322152523383552,,,
2-state,2005-06,,Benign,0.10229533870135499,-8.322152523383552,,,
2-state,2005-07,,Benign,-0.02516002305878673,-8.746719412492364,,,
2-state,2005-08,,Benign,0.12708967654909675,-8.746719412492364,,,
2-state,2005-09,,Benign,-0.05151474919205312,-8.746719412492364,,,
2-state,2005-10,,Benign,0.12030805175416193,-8.746719412492364,,,
2-state,2005-11,,Benign,0.0631474730322672,-11.5340989307117,,,
2-state,2005-12,,Benign,0.014832830212289538,-17.808423193543497,,,
2-state,2006-01,,Benign,-0.0201738719136767,-17.808423193543497,,,
2-state,2006-02,,Benign,-0.00874167246273494,-17.808423193543497,,,
2-state,2006-03,,Benign,0.04422624739817227,-17.808423193543497,,,
2-state,2006-04,,Benign,-0.07186579891986777,-17.808423193543497,,,
2-state,2006-05,,Benign,-0.01711309675450623,-8.639293468825793,,,
2-state,2006-06,,Benign,0.002061476913616911,-5.153632653612938,,,
2-state,2006-07,,Benign,0.04231715200737107,-5.9967543387908995,,,
2-state,2006-08,,Benign,0.013801650043684832,-5.9967543387908995,,,
2-state,2006-09,,Benign,-0.005002140264830257,-6.386264430782818,,,
2-state,2006-10,,Benign,0.04958404579405595,-6.386264430782818,,,
2-state,2006-11,,Benign,0.0015709987092444866,-6.386264430782818,,,
2-state,2006-12,,Benign,-0.0517476837905162,-6.386264430782818,,,
2-state,2007-01,,Benign,0.04198553639575109,-6.386264430782818,,,
2-state,2007-02,,Benign,0.024842369408128562,-18.268953995384496,,,
2-state,2007-03,,Benign,0.061746541180188075,-18.268953995384496,,,
2-state,2007-04,,Benign,0.10288284894052024,-18.268953995384496,,,
2-state,2007-05,,Benign,0.0250982947648013,-18.268953995384496,,,
2-state,2007-06,,Benign,0.10878071036997672,-18.268953995384496,,,
2-state,2007-07,,Benign,-0.031051032028847292,-23.042352546683908,,,
2-state,2007-08,,Benign,0.03909802834457499,-23.042352546683908,,,
2-state,2007-09,,Benign,0.060812398984444904,-23.75039993492264,,,
2-state,2007-10,,Benign,-0.0769305712974303,-23.75039993492264,,,
2-state,2007-11,,Benign,-0.0046537225168874485,-19.390534055808338,,,
2-state,2007-12,,Benign,-0.1436116399354005,-17.00938062473454,,,
2-state,2008-01,,Benign,0.05351203839037111,-20.19609395422751,,,
2-state,2008-02,,Benign,-0.004457768023614417,-21.95639635110014,,,
2-state,2008-03,,Benign,0.07129148713604883,-26.530536804210758,,,
2-state,2008-04,,Benign,0.014544226557667628,-50.301236840175,,,
2-state,2008-05,,Benign,-0.095625303030343,-49.31210299564691,,,
2-state,2008-06,,Benign,-0.04791273487358194,-43.95254845785039,,,
2-state,2008-07,,Benign,-0.0755203586899934,-41.13202266736796,,,
2-state,2008-08,,Benign,-0.01775825633142869,-37.484600271205935,,,
2-state,2008-09,,Benign,-0.23134399572164677,-35.17188776606094,,,
2-state,2008-10,,Benign,-0.03323280897476555,-19.704612573727786,,,
2-state,2008-11,,Benign,0.044978511462916426,-17.046503244304912,,,
2-state,2008-12,,Benign,0.033473561437039834,-17.046503244304912,,,
2-state,2009-01,0.9999993133460084,Risk,-0.08525867370867979,-15.818915824881863,6.866539915363412e-07,0.9999993115856317,
2-state,2009-02,0.9999955721962441,Risk,0.13473747356270582,-5.23507102218862,8.168953520177079e-06,0.9999918294142323,
2-state,2009-03,0.9978775093768215,Risk,0.13521129297623613,-5.23507102218862,0.004240553442601097,0.9957594452995022,
2-state,2009-04,0.5347369520541634,Risk,0.019374035739815998,-8.039541043237852,0.9284036052684946,0.07159638210409056,
2-state,2009-05,0.26745708018939907,Benign,-0.004169431902441678,-11.308526734305968,0.9998227916753653,0.00017720720703643216,
2-state,2009-06,0.13377182297836027,Benign,0.12029617158463801,-11.308526734305968,0.9999134342326785,8.656472189291186e-05,
2-state,2009-07,0.06689126750907395,Benign,0.022192357015423214,-11.308526734305968,0.9999892879602124,1.0710979289143825e-05,
2-state,2009-08,0.03345177465395806,Benign,0.0510663946409764,-11.308526734305968,0.9999877182011578,1.2280742346785903e-05,
2-state,2009-09,0.016748205440175835,Benign,-0.05525543136425026,-9.826886588548733,0.9999553637736064,4.463518281925252e-05,
2-state,2009-10,0.00844213420975436,Benign,-0.015872794001580925,-9.826886588548733,0.9998639370206671,0.00013606194946511982,
2-state,2009-11,0.004884739930581245,Benign,0.08174983668112512,-10.921698461936312,0.9986726543485919,0.001327344631337368,
2-state,2009-12,0.00261388631785264,Benign,-0.047742689070899846,-10.921698461936312,0.999656967294876,0.00034303167515745467,
2-state,2010-01,0.0017429764053726858,Benign,-0.0048988707108124085,-10.921698461936312,0.9991279335071073,0.0008720654635627324,
2-state,2010-02,0.0016193796970910828,Benign,0.06162752714789543,-10.921698461936312,0.9985042170111905,0.0014957819465949897,
2-state,2010-03,0.0010811012472717592,Benign,0.028774010520898452,-10.921698461936312,0.9994571772025476,0.0005428217219788734,
2-state,2010-04,0.18092056600968218,Benign,-0.05759781759966809,-10.37748320233044,0.6392399692279074,0.3607600265193117,
2-state,2010-05,0.09512658342589923,Benign,0.03475402227722779,-3.91121457460053,0.9906673991578837,0.009332599449115925,
2-state,2010-06,0.04806441439320621,Benign,0.035941986108499524,-3.845078550467851,0.9989977546394868,0.001002244272293281,
2-state,2010-07,0.024349874755638223,Benign,-0.009424017363899306,-3.845078550467851,0.9993646648819298,0.0006353340221592233,
2-state,2010-08,0.1403598940216339,Benign,0.07462921164467073,-8.337227923902812,0.7436300867123704,0.2563699098281307,
2-state,2010-09,0.0708837965814372,Benign,0.005414266402295365,-9.064177775192928,0.9985923008587595,0.0014076977397631703,
2-state,2010-10,0.03583690534106261,Benign,0.011513876774815301,-9.064177775192928,0.999209985899312,0.0007900129504463066,
2-state,2010-11,0.01844151200275821,Benign,0.07684956907217955,-9.064177775192928,0.9989538813355462,0.0010461175696052064,
2-state,2010-12,0.009372113344495104,Benign,0.009132121145173144,-9.390475387247498,0.999697285313768,0.00030271356440770793,
2-state,2011-01,0.008489810505795137,Benign,-0.0630178491259451,-9.390475387247498,0.9923924923329048,0.007607506619655456,
2-state,2011-02,0.49745934594599733,Benign,0.0863197535857878,-23.251203200063088,0.013571118613800424,0.9864288549383469,
2-state,2011-03,0.26176867167870577,Benign,0.040660824149329144,-25.852864569071464,0.9739220025885857,0.02607799231569371,
2-state,2011-04,0.1313736187145862,Benign,-0.022756360394378228,-25.852864569071464,0.9990214342495334,0.0009785647214858434,
2-state,2011-05,0.06965538186393944,Benign,-0.01950087042907933,-24.20813200447799,0.9920628549867073,0.007937144006861437,
2-state,2011-06,0.03500420416666225,Benign,0.015480637523060725,-24.20813200447799,0.9996469735306149,0.00035302544809601643,
2-state,2011-07,0.01761777411545977,Benign,-0.11864747503555884,-23.91924189646364,0.9997686559357427,0.0002313430343795528,
2-state,2011-08,0.01870434980303972,Benign,-0.058751861219887624,-12.122613715830276,0.9802090745093803,0.019790924241995717,
2-state,2011-09,0.04158030114685014,Benign,0.07876133866014645,-7.933741609358291,0.9355437475093394,0.06445624883858457,
2-state,2011-10,0.026426366230662558,Benign,-0.03222579979734985,-7.882660174514566,0.988727568685525,0.011272430278736992,
2-state,2011-11,0.015603113555813081,Benign,-0.011783437933314267,-13.020185847949882,0.9952201391190364,0.004779859863767714,
2-state,2011-12,0.012761695598022352,Benign,0.07123141823246693,-13.020185847949882,0.9900797223597684,0.009920276624598337,
2-state,2012-01,0.006894472387598956,Benign,0.03807155136815821,-13.661869861640385,0.9989727508228244,0.0010272481356774406,
2-state,2012-02,0.0038040405460766182,Benign,-0.007984219154045014,-13.661869861640385,0.9992863912954457,0.0007136076083022722,
2-state,2012-03,0.0022705330919294735,Benign,-0.015913312648463407,-13.661869861640385,0.9992629743622177,0.0007370245592194714,
2-state,2012-04,0.1456280727265249,Benign,-0.06988936382815414,-11.493339096104327,0.7110143876388797,0.28898560705818904,
2-state,2012-05,0.44340788124175007,Benign,0.005717499731487274,-7.3236472533480645,0.25881231024302476,0.7411876866427877,
2-state,2012-06,0.2451501358103921,Benign,0.015091601621011197,-7.3236472533480645,0.9531076096209659,0.04689238827216585,
2-state,2012-07,0.12437513327911807,Benign,0.012290184859023556,-7.3236472533480645,0.996399869252156,0.0036001296780633395,
2-state,2012-08,0.06288820408862367,Benign,0.0478132432884939,-7.3236472533480645,0.9985987251018708,0.0014012738424720931,
2-state,2012-09,0.03187775778008842,Benign,-0.04215483540831033,-6.781851986112352,0.9991326885284468,0.0008673103868493018,
2-state,2012-10,0.021006652610849455,Benign,0.010899221353768418,-6.451672422199928,0.9898644525583895,0.010135546386690616,
2-state,2012-11,0.014221344067989868,Benign,0.03318848549009101,-6.451672422199928,0.9925639644748697,0.007436034464302465,
2-state,2012-12,0.00767923654449407,Benign,-0.017580985234935786,-12.331740126719692,0.9988628709790017,0.001137127933740314,
2-state,2013-01,0.004310319366220382,Benign,0.03290113395716787,-12.132306921640767,0.9990585978120533,0.0009414010735662015,
2-state,2013-02,0.0023533328052700525,Benign,-0.010658811881641417,-12.132306921640767,0.9996036537556803,0.00039634508224432717,
2-state,2013-03,0.001483203944441233,Benign,-0.02042010443338027,-11.185651488465798,0.9993869249163876,0.0006130739026462407,
2-state,2013-04,0.0014501436026940746,Benign,0.01889055147974239,-11.021884452870378,0.9985829167390531,0.0014170820783371062,
2-state,2013-05,0.001355137470968131,Benign,-0.06882891440907302,-11.015218938396721,0.9987398686607578,0.0012601300914869729,
2-state,2013-06,0.0043268510238670815,Benign,0.02721490912433233,-4.77913215205239,0.992701435423234,0.00729856345607213,
2-state,2013-07,0.0036663137431043255,Benign,0.006441882241114527,-7.246142739958561,0.9969942235376584,0.003005775279317375,
2-state,2013-08,0.003143892421456792,Benign,0.03664941969455038,-8.3866660186533,0.9973785289001907,0.0026214699756166495,
2-state,2013-09,0.002170920056374563,Benign,0.016590219899681458,-8.3866660186533,0.9988020523087077,0.0011979464926009863,
2-state,2013-10,0.0016633231460798778,Benign,0.007280479951982111,-7.768226263366884,0.9988442737642148,0.0011557250456707513,
2-state,2013-11,0.0020274130028716873,Benign,-0.016397144746090997,-7.727631580911054,0.9976084971403365,0.002391501700815809,
2-state,2013-12,0.0026363626614089343,Benign,-0.034897104715772675,-6.189405687248028,0.9967546876800538,0.003245311173528572,
2-state,2014-01,0.00479213609360671,Benign,0.02000873983557061,-3.421768335813602,0.9930520904741955,0.006947908358548515,
2-state,2014-02,0.007911060289891622,Benign,0.0028383957216482347,-3.421768335813602,0.9889700155138235,0.011029983265619072,
2-state,2014-03,0.007738570076484645,Benign,-0.011996286513861865,-3.421768335813602,0.9924339201369223,0.007566078546640707,
2-state,2014-04,0.010053584905408666,Benign,0.01690798771251334,-8.736636425309053,0.9876314002656673,0.012368598409255565,
2-state,2014-05,0.5050267923593149,Benign,0.0036341581495165087,-8.736636425309053,1.8677882351787493e-10,0.9999999953922537,
2-state,2014-06,0.2583526645181594,Benign,0.03691428855712653,-8.888370740264406,0.9883214633229961,0.011678534979337362,
2-state,2014-07,0.21374711808496694,Benign,-0.0036510787898287322,-9.515865937522005,0.8308584283482255,0.16914157059989293,
2-state,2014-08,0.11284736753974589,Benign,-0.023422352155265003,-8.996204297547195,0.9880523830054752,0.0119476154126783,
2-state,2014-09,0.556423683769872,Benign,-0.027553184784407714,-6.813558652203144,1.9256652724458593e-15,0.9999999965369203,
2-state,2014-10,0.7778930768004453,Risk,0.008323012343988134,-5.243581772122841,0.0006375301689813727,0.9993624669245789,
2-state,2014-11,0.6042711911242362,Risk,-0.03291130893504779,-5.243581772122841,0.569350694551973,0.4306493039149383,
2-state,2014-12,0.7963800918070141,Risk,0.017576853369501766,-6.657278067984107,0.011511007510208103,0.988488984419032,
2-state,2015-01,0.4065655601818359,Risk,0.018745595189680886,-7.232871732847979,0.9832489714433422,0.016751027356675937,
2-state,2015-02,0.20866543976887944,Benign,0.027812458007211216,-15.809252161832122,0.989234680644077,0.010765318092660858,
2-state,2015-03,0.11384700237271046,Benign,0.04220412798522122,-15.809252161832122,0.9809714350234585,0.019028563513859006,
2-state,2015-04,0.06133005862666994,Benign,-0.005815178618157391,-14.737897799264788,0.9911868851193706,0.008813113150116344,
2-state,2015-05,0.04424944928833861,Benign,-0.019198078645188077,-13.475978043044623,0.9728311600499927,0.027168838481034872,
2-state,2015-06,0.0317659214081557,Benign,-0.021232242806343726,-13.169271506729208,0.9807176064720272,0.019282392294823605,
2-state,2015-07,0.11470779273055381,Benign,-0.04367638139480012,-10.339199628550688,0.8023503359470481,0.197649663017082,
2-state,2015-08,0.062207142417141564,Benign,0.010981291928680692,-10.594951610021997,0.9902935078962707,0.00970649081257247,
2-state,2015-09,0.033102415086897166,Benign,0.03396146856773963,-10.594951610021997,0.9960023122433472,0.003997686649857969,
2-state,2015-10,0.02399375300298235,Benign,-0.018477730905773315,-10.594951610021997,0.9851149090809325,0.01488508986180275,
2-state,2015-11,0.020044723873276497,Benign,-0.015391754173157857,-9.320975498543882,0.9839043052564294,0.01609569371346089,
2-state,2015-12,0.012424493318971887,Benign,-0.02511076705297277,-6.425808542849055,0.9951957372353327,0.004804261720037419,
2-state,2016-01,0.006511154277853038,Benign,0.0024057694031434096,-5.023973796205061,0.9994021847632658,0.0005978142021017982,
2-state,2016-02,0.004195804529831509,Benign,0.04131663414171549,-5.023973796205061,0.99811954521819,0.001880453751723132,
2-state,2016-03,0.007854455113687056,Benign,-0.0008517429629829598,-5.023973796205061,0.9884868943024574,0.011513104632742466,
2-state,2016-04,0.006032507742161609,Benign,-0.0053907679303911715,-5.023973796205061,0.9957894396293638,0.004210559231694225,
2-state,2016-05,0.004471980205506227,Benign,-0.006579635306791065,-5.333731359629579,0.9970885473311492,0.002911451568415116,
2-state,2016-06,0.0033410017983845994,Benign,0.023264885115996004,-5.333731359629579,0.997789976608737,0.002210022322008415,
2-state,2016-07,0.03697423472622475,Benign,0.009155924562810336,-5.333731359629579,0.9293925323459351,0.07060746661646872,
2-state,2016-08,0.5184840813373027,Benign,0.004413525845230248,-5.333731359629579,6.072051619273714e-06,0.9999939134963007,
2-state,2016-09,0.2947367492501244,Benign,-0.017341722029861617,-5.176973873892088,0.929010582837054,0.07098941577819591,
2-state,2016-10,0.6473683746250622,Risk,-0.012304593518776774,-2.5032266220640476,1.7991624330622128e-28,0.99999994559187,
2-state,2016-11,0.8236470939089364,Risk,0.021668976189309852,-2.5032266220640476,7.41868071892717e-05,0.9999258069506515,
2-state,2016-12,0.44189495632891973,Risk,0.020286661574530296,-2.5032266220640476,0.939857181251097,0.06014281746648345,
2-state,2017-01,0.714426814633842,Risk,0.011641600247119799,-2.5032266220640476,0.013041327061235744,0.9869586691982768,
2-state,2017-02,0.6359454654803317,Risk,0.03279249364769088,-5.37705297443093,0.4425358836731785,0.5574641152644603,
2-state,2017-03,0.594417989520748,Risk,0.020928309182937088,-5.37705297443093,0.4471094864388357,0.5528905123811054,
2-state,2017-04,0.6102785883744634,Risk,0.06435901460809901,-5.37705297443093,0.3738608127718213,0.6261391860027791,
2-state,2017-05,0.67423974654508,Risk,0.018919032481777176,-5.37705297443093,0.26179909528430334,0.738200903539268,
2-state,2017-06,0.8256892148561935,Risk,0.004565585480605261,-5.37705297443093,0.022861316832692942,0.9771386817664235,
2-state,2017-07,0.9128446074279855,Risk,-0.016448102423411104,-5.106779372261084,2.2272422215980327e-13,0.9999999987459542,
2-state,2017-08,0.9442892327186855,Risk,0.01323635851219862,-9.022432045446305,0.024266141990614488,0.9757338568479292,
2-state,2017-09,0.9720747494868007,Risk,0.05385741417322154,-9.022432045446305,0.0001397337450838713,0.9998602647616764,
2-state,2017-10,0.9860368087507979,Risk,-0.01864914649028071,-9.022432045446305,1.1319852049337027e-06,0.9999988666800113,
2-state,2017-11,0.9900333207264145,Risk,-0.003585944964967669,-9.022432045446305,0.005970167297968905,0.9940298314694971,
2-state,2017-12,0.9908191548269555,Risk,0.04010957332950493,-10.92876031296578,0.008395011072503554,0.9916049875955937,
2-state,2018-01,0.9212709776148684,Risk,-0.05419911303226155,-12.107655925343652,0.14827719959721877,0.8517227992985873,
2-state,2018-02,0.9584056737599839,Risk,0.0076173247545101574,-10.916038402810212,0.00445963009490072,0.9955403684276414,
2-state,2018-03,0.6601855387018574,Risk,0.028427655980584055,-10.916038402810212,0.6380345963562692,0.36196539948518125,
2-state,2018-04,0.3700043342357543,Benign,-0.03672203696866427,-20.646179033749025,0.9201768702303488,0.07982312826063484,
2-state,2018-05,0.6283414165861403,Risk,-0.03998337875727398,-19.207231269225268,0.11332150106347362,0.8866784927628726,
2-state,2018-06,0.8141707082930695,Risk,-0.013270915469926647,-15.257506834948876,1.2789226442051443e-15,0.9999999976732246,
2-state,2018-07,0.4274409915961171,Risk,0.012033439753823538,-15.357280452694022,0.9592887251008353,0.040711272758354955,
2-state,2018-08,0.21586503534312998,Benign,0.008691876707128454,-15.357280452694022,0.9957109209098571,0.004289078005417012,
2-state,2018-09,0.11018894961284038,Benign,-0.1337476549186405,-14.910784013904033,0.9954871361174492,0.004512862821076819,
2-state,2018-10,0.5548815589559444,Benign,0.03309380642103732,-6.483795664071157,0.0004258317009517149,0.9995740897249731,
2-state,2018-11,0.2804503440368893,Benign,-0.026620787987619576,-10.019876469916355,0.9939808708821658,0.006019127797092888,
2-state,2018-12,0.14087417671528324,Benign,0.0802581308836019,-10.019876469916355,0.9987019906063228,0.0012980083284646867,
2-state,2019-01,0.5356128254503709,Benign,-0.004267934704496712,-10.019876469916355,0.06964852581454137,0.9303514728174676,
2-state,2019-02,0.747024084300838,Risk,-0.02494717277311076,-15.072285771240034,0.04156465684869499,0.9584353418332318,
2-state,2019-03,0.8440986076550812,Risk,0.02939274540771497,-15.072285771240034,0.05882686899067584,0.9411731297605624,
2-state,2019-04,0.9164841578508947,Risk,-0.07344836888932471,-13.695177451700369,0.011130291953291991,0.988869706927123,
2-state,2019-05,0.9009326910265059,Risk,0.04353156003126646,-10.52373122249326,0.11461877579788284,0.8853812230297481,
2-state,2019-06,0.9351582725879422,Risk,-0.049783660401832464,-10.368350250142655,0.03061614585062156,0.9693838529556109,
2-state,2019-07,0.46757913765338965,Risk,-0.02803586396813429,-6.538316914075426,0.9999999972811628,1.2330419793591626e-11,
2-state,2019-08,0.6473497508987491,Risk,0.04840964120898228,-12.36034800901422,0.17287963585589122,0.8271203577080605,
2-state,2019-09,0.6026761703925725,Risk,0.009902780425627533,-35.70889779916474,0.44199741011360416,0.558002588803564,
2-state,2019-10,0.3353267997735067,Benign,0.002150239268313925,-35.70889779916474,0.9320225708455591,0.06797742751006657,
2-state,2019-11,0.16871678105381047,Benign,0.05254409231498869,-35.70889779916474,0.9978932376658858,0.0021067611701551512,
2-state,2019-12,0.08473025045515097,Benign,-0.035792414195787936,-35.70889779916474,0.9992562801435085,0.0007437187274916719,
2-state,2020-01,0.5423651252275755,Benign,-0.062293240424381,-35.03091217438568,1.480032250289064e-45,0.9999999225104517,
2-state,2020-02,0.7711825626137878,Risk,-0.11694455185185326,-30.09792506344231,1.3547839036337641e-174,0.9999999578859738,
2-state,2020-03,0.49875517698798866,Risk,0.10994850358748165,-7.508801311518287,0.7736722086378105,0.22632778966377626,
2-state,2020-04,0.2513562423645703,Benign,0.04212446061941999,-7.508801311518287,0.996042692258848,0.003957306674997115,
2-state,2020-05,0.1260512903353022,Benign,0.038790945746012495,-7.508801311518287,0.9992536616939659,0.0007463372734684219,
2-state,2020-06,0.06369867805410903,Benign,0.06689656450185977,-7.220151177391654,0.9986539342270842,0.0013460647274793076,
2-state,2020-07,0.03321223472702846,Benign,0.034142804734832444,-7.253996740571744,0.9972742086000521,0.0027257902737556675,
2-state,2020-08,0.019290861309822584,Benign,0.0007394002849707704,-7.253996740571744,0.9946305121073833,0.005369486672142045,
2-state,2020-09,0.012803981980722235,Benign,-0.02609229518459133,-7.817720647628201,0.9936828973483781,0.006317101198759859,
2-state,2020-10,0.009128370230686933,Benign,0.14299459652479585,-7.817720647628201,0.9945472415193484,0.005452757028081434,
2-state,2020-11,0.025119808272218668,Benign,0.1088741242922524,-7.817720647628201,0.9588887536862496,0.04111124414313597,
2-state,2020-12,0.16291607170130815,Benign,0.03575467684780964,-7.817720647628201,0.6992876648696024,0.30071233354733234,
2-state,2021-01,0.08146669653753118,Benign,0.012344555900485554,-6.484782512052478,0.9999826786262458,1.7320159669353236e-05,
2-state,2021-02,0.04074645700222864,Benign,0.01608721402234803,-7.403461627668206,0.9999737825330739,2.6216277750457614e-05,
2-state,2021-03,0.020393428905089866,Benign,0.0282353247031637,-7.41072259557074,0.9999595991920489,4.03995792232321e-05,
2-state,2021-04,0.010231692388777905,Benign,0.017808864606451147,-12.008311333757815,0.9999300441275341,6.995466742929343e-05,
2-state,2021-05,0.005180032824791648,Benign,0.02895203751264175,-14.105002607448291,0.9998716267391946,0.0001283720573289884,
2-state,2021-06,0.0026910009565029986,Benign,-0.02862269472253287,-14.105002607448291,0.9997980309117857,0.00020196788094607398,
2-state,2021-07,0.0023754819989245174,Benign,-0.0009524497124010489,-20.29917010731119,0.997940036958654,0.0020599618940511178,
2-state,2021-08,0.001722159243588681,Benign,-0.04077491126897381,-18.476031508636524,0.9989311635117472,0.0010688353959449717,
2-state,2021-09,0.0019509450743500233,Benign,-0.03197976242745859,-14.804715428229386,0.9978202690948886,0.002179729848849978,
2-state,2021-10,0.002289237713739686,Benign,-0.044323159985223404,-13.700956530435404,0.9973724696468707,0.002627529309377047,
2-state,2021-11,0.5011446188568643,Benign,0.04883388649607845,-15.826997871484672,1.1030085340456298e-14,0.9999998854112259,
2-state,2021-12,0.2545290138942209,Benign,-0.1055563362924995,-22.578311680558038,0.9920865910684226,0.007913407652590247,
2-state,2022-01,0.12738204282072718,Benign,0.013456728231198367,-17.313566132999235,0.9997649282527665,0.00023507073910074142,
2-state,2022-02,0.06392180567612116,Benign,0.021662124120634507,-16.93207993889052,0.9995384314684849,0.00046156752066494163,
2-state,2022-03,0.03292870819603272,Benign,-0.022700435418731346,-21.879891694006993,0.9980643892840557,0.0019356096931450785,
2-state,2022-04,0.020709101843840422,Benign,-0.003395167554811729,-20.0204095960431,0.9915105045083519,0.008489494454519316,
2-state,2022-05,0.012714089430954631,Benign,-0.1315238924046893,-19.74794040710648,0.9952809229819312,0.004719075969265085,
2-state,2022-06,0.00909089327956008,Benign,0.05095518935436982,-14.92113843121784,0.9945323028718345,0.005467696105195597,
2-state,2022-07,0.005637715116940969,Benign,0.00838264280160117,-14.92113843121784,0.9978154630456781,0.002184535907620234,
2-state,2022-08,0.004666650960758396,Benign,-0.12805568347769303,-12.805568347769302,0.9963044131954242,0.0036955857385054572,
2-state,2022-09,0.5023333254803792,Benign,0.06407829208823257,-10.650944354368285,1.7183913327828475e-35,0.9999999557631191,
2-state,2022-10,0.25715798471841406,Benign,0.0780079932923361,-10.650944354368285,0.9880173560435511,0.011982642747316063,
2-state,2022-11,0.12943367480471188,Benign,-0.09550141925688738,-10.531330529144933,0.9982906351089903,0.0017093638690218163,
2-state,2022-12,0.5632790457126853,Benign,0.08436781614214572,-5.436753639916714,0.0028755833793413957,0.9971243748538843,
2-state,2023-01,0.2912451080394691,Benign,-0.005043124381363007,-5.422280511656896,0.980788829633747,0.01921116894803414,
2-state,2023-02,0.14686841662116434,Benign,0.026528796723759074,-6.095455469581212,0.9975082747971404,0.002491724119815131,
2-state,2023-03,0.07457280346445527,Benign,0.009960159558901616,-7.652596010790235,0.9977228096922538,0.0022771891898066207,
2-state,2023-04,0.03854493543519327,Benign,0.030217541666638148,-14.588296075938468,0.9974829325940687,0.002517066316555423,
2-state,2023-05,0.020283257014997252,Benign,-0.0049823397074086895,-14.588296075938468,0.9979784214051988,0.0020215774691528434,
2-state,2023-06,0.010731789432375863,Benign,0.02663517558449069,-14.588296075938468,0.9988196781502455,0.0011803206874720297,
2-state,2023-07,0.00769878457966567,Benign,-0.02898679482832678,-14.588296075938468,0.9953342202730445,0.004665778610700584,
2-state,2023-08,0.005440556435791947,Benign,-0.03567696310446833,-12.42811367563088,0.9968176717080818,0.0031823271533784094,
2-state,2023-09,0.011726281741584106,Benign,-0.07589239775626777,-8.761303280623856,0.9819879929526237,0.018012005958373916,
2-state,2023-10,0.5058588585170802,Benign,0.11295047385245627,-8.761303280623856,8.564707423612356e-06,0.9999914196284548,
2-state,2023-11,0.26084351557185886,Benign,0.047327914512986125,-8.761303280623856,0.9841718273733625,0.015828171176980453,
2-state,2023-12,0.13132107097365084,Benign,-0.0595756152499437,-8.761303280623856,0.9982013736245572,0.0017986253117292569,
2-state,2024-01,0.06893173711573812,Benign,0.05817572230802637,-6.271472847747561,0.9934575967421746,0.006542402194577276,
2-state,2024-02,0.035563306546457195,Benign,0.039460849828057754,-15.556748011689637,0.9978051240228237,0.002194874861946817,
2-state,2024-03,0.01854022178788071,Benign,-0.019867920523340188,-15.556748011689637,0.9984828629706958,0.0015171358968892085,
2-state,2024-04,0.00970530782738909,Benign,-0.020631054974127316,-15.556748011689637,0.9991296061331025,0.0008703927001925087,
2-state,2024-05,0.007715811832779691,Benign,0.06117914813209069,-16.410672322905484,0.9942736841618297,0.00572631470884216,
2-state,2024-06,0.004589495317937174,Benign,-0.009696880532075847,-18.35716885207005,0.9985368211969053,0.0014631776472947794,
2-state,2024-07,0.00656558276429131,Benign,-0.03478551727212853,-15.01612366365288,0.9914583297893546,0.008541669079374946,
2-state,2024-08,0.004973297970536694,Benign,-0.030303157557248217,-11.951507716337185,0.9966189868232179,0.0033810120451996466,
2-state,2024-09,0.004980139515006254,Benign,-0.014314019330007755,-10.361688207723441,0.9950130189405242,0.0049869799359884,
2-state,2024-10,0.0074028653242364795,Benign,-0.03921522370126429,-14.142513086077047,0.9901744088665333,0.009825590032828537,
2-state,2024-11,0.4667694419618983,Benign,-0.022973123564838382,-14.142513086077047,0.07386398140043991,0.9261360062075914,
2-state,2024-12,0.2619445616572066,Benign,0.04912715928504907,-14.142513086077047,0.9428803186474851,0.057119680149617824,
2-state,2025-01,0.13398469636374521,Benign,0.006121432841425634,-14.142513086077047,0.9939751689297162,0.0060248300272807516,
2-state,2025-02,0.06954369702311747,Benign,-0.020396525364153484,-13.246896601141799,0.9948973023175103,0.005102696639691368,
2-state,2025-03,0.5347718459353532,Benign,0.030425770083210457,-9.030334502270755,5.15241092458306e-09,0.9999999607063556,
2-state,2025-04,0.2690847224354675,Benign,0.055174550880334294,-4.149986320647181,0.9966024010644182,0.003397597338471657,
2-state,2025-05,0.134544253277418,Benign,0.13864929369746903,-8.901506871653952,0.9999962158806315,3.783056253404019e-06,
2-state,2025-06,0.06727212940505227,Benign,0.0565615108884876,-8.901506871653952,0.9999999944673135,4.401005105118128e-09,
2-state,2025-07,0.03363606603323573,Benign,-0.01831182604318171,-8.901506871653952,0.9999999973385808,1.4787135276693497e-09,
2-state,2025-08,0.016818088565445016,Benign,0.07488679795710262,-8.901506871653952,0.9999998889023457,1.0992042213546184e-07,
2-state,2025-09,0.00840917960213002,Benign,0.19941011588801794,-19.894662107505688,0.999999729361185,2.694386476361365e-07,
2-state,2025-10,0.004206126740331865,Benign,-0.044043800878727946,-19.894662107505688,0.9999969261214663,3.0726482344413138e-06,
2-state,2025-11,0.0021033357041415255,Benign,0.07323907704836685,-19.894662107505688,0.9999994553320488,5.433363811210407e-07,
2-state,2025-12,0.0010569031543035494,Benign,0.23971267417636266,-19.894662107505688,0.9999895293955344,1.0469259214221515e-05,
2-state,2026-01,0.002567776323470735,Benign,0.19519520978992544,-38.630429604794614,0.9959213505073621,0.0040786479904713294,
2-state,2026-02,0.0017366154056886,Benign,-0.19084643404922963,,0.9990945455120935,0.0009054526592422196,
2-state,2026-03,0.007666578674872586,Benign,0.3060707394429423,,0.9864034580559434,0.013596540588027322,
2-state,2026-04,0.005018817148964934,Benign,0.28448510731373733,,0.9976289443769427,0.002371053746027664,
2-state,2026-05,0.5025085295173185,Benign,3.894198542830907e-05,,1.758114327892687e-06,0.9999982357799795,
2-state,2026-06,0.7052653617155127,Risk,-0.22191170974465646,,0.09197780608629326,0.9080221899371816,
2-state,2026-07,0.41370915595912566,Risk,,,0.8778470497972614,0.12215294911048553,
3-state,2004-01,,Benign,0.04115495923412649,-22.1225153975113,,,
3-state,2004-02,,Benign,-0.0033053167990804155,-23.125651268905422,,,
3-state,2004-03,,Benign,-0.020056755416844152,-23.125651268905422,,,
3-state,2004-04,,Benign,-0.06837883983548998,-17.04822669606366,,,
3-state,2004-05,,Benign,-0.022454777350083832,-11.790086712312286,,,
3-state,2004-06,,Benign,-0.06420284374016216,-8.936841114166516,,,
3-state,2004-07,,Benign,0.0927869801410397,-8.936841114166516,,,
3-state,2004-08,,Benign,0.03922498257022733,-8.936841114166516,,,
3-state,2004-09,,Benign,-0.0002993689206676198,-8.936841114166516,,,
3-state,2004-10,,Benign,0.05177036236022192,-10.900575155165859,,,
3-state,2004-11,,Benign,0.020340279025603536,-10.900575155165859,,,
3-state,2004-12,,Benign,0.04105280605239425,-10.900575155165859,,,
3-state,2005-01,,Benign,0.08433576939534881,-10.900575155165859,,,
3-state,2005-02,,Benign,-0.045166897383133287,-10.900575155165859,,,
3-state,2005-03,,Benign,-0.05631265563671062,-8.150820576126073,,,
3-state,2005-04,,Benign,0.06464395365828834,-8.322152523383552,,,
3-state,2005-05,,Benign,0.03911519187847001,-8.322152523383552,,,
3-state,2005-06,,Benign,0.10229533870135499,-8.322152523383552,,,
3-state,2005-07,,Benign,-0.02516002305878673,-8.746719412492364,,,
3-state,2005-08,,Benign,0.12708967654909675,-8.746719412492364,,,
3-state,2005-09,,Benign,-0.05151474919205312,-8.746719412492364,,,
3-state,2005-10,,Benign,0.12030805175416193,-8.746719412492364,,,
3-state,2005-11,,Benign,0.0631474730322672,-11.5340989307117,,,
3-state,2005-12,,Benign,0.014832830212289538,-17.808423193543497,,,
3-state,2006-01,,Benign,-0.0201738719136767,-17.808423193543497,,,
3-state,2006-02,,Benign,-0.00874167246273494,-17.808423193543497,,,
3-state,2006-03,,Benign,0.04422624739817227,-17.808423193543497,,,
3-state,2006-04,,Benign,-0.07186579891986777,-17.808423193543497,,,
3-state,2006-05,,Benign,-0.01711309675450623,-8.639293468825793,,,
3-state,2006-06,,Benign,0.002061476913616911,-5.153632653612938,,,
3-state,2006-07,,Benign,0.04231715200737107,-5.9967543387908995,,,
3-state,2006-08,,Benign,0.013801650043684832,-5.9967543387908995,,,
3-state,2006-09,,Benign,-0.005002140264830257,-6.386264430782818,,,
3-state,2006-10,,Benign,0.04958404579405595,-6.386264430782818,,,
3-state,2006-11,,Benign,0.0015709987092444866,-6.386264430782818,,,
3-state,2006-12,,Benign,-0.0517476837905162,-6.386264430782818,,,
3-state,2007-01,,Benign,0.04198553639575109,-6.386264430782818,,,
3-state,2007-02,,Benign,0.024842369408128562,-18.268953995384496,,,
3-state,2007-03,,Benign,0.061746541180188075,-18.268953995384496,,,
3-state,2007-04,,Benign,0.10288284894052024,-18.268953995384496,,,
3-state,2007-05,,Benign,0.0250982947648013,-18.268953995384496,,,
3-state,2007-06,,Benign,0.10878071036997672,-18.268953995384496,,,
3-state,2007-07,,Benign,-0.031051032028847292,-23.042352546683908,,,
3-state,2007-08,,Benign,0.03909802834457499,-23.042352546683908,,,
3-state,2007-09,,Benign,0.060812398984444904,-23.75039993492264,,,
3-state,2007-10,,Benign,-0.0769305712974303,-23.75039993492264,,,
3-state,2007-11,,Benign,-0.0046537225168874485,-19.390534055808338,,,
3-state,2007-12,,Benign,-0.1436116399354005,-17.00938062473454,,,
3-state,2008-01,,Benign,0.05351203839037111,-20.19609395422751,,,
3-state,2008-02,,Benign,-0.004457768023614417,-21.95639635110014,,,
3-state,2008-03,,Benign,0.07129148713604883,-26.530536804210758,,,
3-state,2008-04,,Benign,0.014544226557667628,-50.301236840175,,,
3-state,2008-05,,Benign,-0.095625303030343,-49.31210299564691,,,
3-state,2008-06,,Benign,-0.04791273487358194,-43.95254845785039,,,
3-state,2008-07,,Benign,-0.0755203586899934,-41.13202266736796,,,
3-state,2008-08,,Benign,-0.01775825633142869,-37.484600271205935,,,
3-state,2008-09,,Benign,-0.23134399572164677,-35.17188776606094,,,
3-state,2008-10,,Benign,-0.03323280897476555,-19.704612573727786,,,
3-state,2008-11,,Benign,0.044978511462916426,-17.046503244304912,,,
3-state,2008-12,,Benign,0.033473561437039834,-17.046503244304912,,,
3-state,2009-01,0.9999999998414915,Risk,-0.08525867370867979,-15.818915824881863,1.5850850547544391e-10,0.9999984821803829,1.51591370954855e-06
3-state,2009-02,0.9999999899209709,Risk,0.13473747356270582,-5.23507102218862,1.9999549555878758e-08,0.9999884704407189,1.15077337330715e-05
3-state,2009-03,0.9999445031079923,Risk,0.13521129297623613,-5.23507102218862,0.0001109837049863766,0.9992363333230807,0.0006526812718393363
3-state,2009-04,0.5002879102378521,Risk,0.019374035739815998,-8.039541043237852,0.999368682632288,0.00011759172873124351,0.0005137172446722713
3-state,2009-05,0.25014440710690333,Benign,-0.004169431902441678,-11.308526734305968,0.9999990960240455,8.082788426206688e-08,8.221079851499125e-07
3-state,2009-06,0.125072994054366,Benign,0.12029617158463801,-11.308526734305968,0.9999984189981713,2.502466141345077e-07,1.3297092206661155e-06
3-state,2009-07,0.0625365688818843,Benign,0.022192357015423214,-11.308526734305968,0.9999998562905974,3.158450079416031e-08,1.1106196890154601e-07
3-state,2009-08,0.03126840382285079,Benign,0.0510663946409764,-11.308526734305968,0.9999997612361827,6.929263657121348e-08,1.6841291630634622e-07
3-state,2009-09,0.01563662549847017,Benign,-0.05525543136425026,-9.826886588548733,0.9999951528259104,3.841538767782265e-06,1.004590902803869e-06
3-state,2009-10,0.007867810665462244,Benign,-0.015872794001580925,-9.826886588548733,0.9999010041675457,9.173253864128585e-05,7.2622639345184305e-06
3-state,2009-11,0.007514797786558766,Benign,0.08174983668112512,-10.921698461936312,0.9928382150923447,0.007068618822672108,9.316507151348045e-05
3-state,2009-12,0.0041328699089442575,Benign,-0.047742689070899846,-10.921698461936312,0.9992490579686703,0.0007297798744099038,2.1161126310239946e-05
3-state,2010-01,0.02269892242548528,Benign,-0.0048988707108124085,-10.921698461936312,0.9587350250579737,0.04124328034262407,2.1693214592187567e-05
3-state,2010-02,0.068365305890257,Benign,0.06162752714789543,-10.921698461936312,0.8859683106449713,0.1140238969951245,7.790724497767194e-06
3-state,2010-03,0.04263817930554524,Benign,0.028774010520898452,-10.921698461936312,0.9830889472791665,0.016909003889063797,2.0476411290396446e-06
3-state,2010-04,0.168591381455878,Benign,-0.05759781759966809,-10.37748320233044,0.7054554163937893,0.2749368085511188,0.019607770741723273
3-state,2010-05,0.2072699694943718,Benign,0.03475402227722779,-3.91121457460053,0.7540514424671344,0.24591921039681808,2.934602581379286e-05
3-state,2010-06,0.15571328667748885,Benign,0.035941986108499524,-3.845078550467851,0.8958433961393941,0.10413507755635139,2.1524722033245085e-05
3-state,2010-07,0.08507720609584962,Benign,-0.009424017363899306,-3.845078550467851,0.9855588744857896,0.014431831509945647,9.29270635807405e-06
3-state,2010-08,0.2896122438375851,Benign,0.07462921164467073,-8.337227923902812,0.5058527184206794,0.4650145411897659,0.02913273524856846
3-state,2010-09,0.15402374563118743,Benign,0.005414266402295365,-9.064177775192928,0.9815647525752103,0.01843399485164046,1.2504843855597502e-06
3-state,2010-10,0.0780577032098965,Benign,0.011513876774815301,-9.064177775192928,0.9979083392113944,0.002091068092112459,5.914493090288887e-07
3-state,2010-11,0.04233285901696522,Benign,0.07684956907217955,-9.064177775192928,0.993391985175966,0.00659476021966485,1.3253472968364287e-05
3-state,2010-12,0.02198463879635474,Benign,0.009132121145173144,-9.390475387247498,0.9983635814242557,0.0016360600934406467,3.573138504947815e-07
3-state,2011-01,0.01344841310953861,Benign,-0.0630178491259451,-9.390475387247498,0.9950878125772775,0.004912186366429283,5.943601872351451e-13
3-state,2011-02,0.013230120083807759,Benign,0.0863197535857878,-23.251203200063088,0.9869881729419231,0.010903434129176067,0.002108385718272125
3-state,2011-03,0.010961270684902883,Benign,0.040660824149329144,-25.852864569071464,0.991307578714002,0.008692420219183924,1.5087426522637012e-16
3-state,2011-04,0.01040137059306054,Benign,-0.022756360394378228,-25.852864569071464,0.9901585294987818,0.009841469442446592,7.610055332472276e-14
3-state,2011-05,0.013458205999465109,Benign,-0.01950087042907933,-24.20813200447799,0.9834849585941303,0.016515039100657332,1.2691439680991775e-09
3-state,2011-06,0.01875575183417643,Benign,0.015480637523060725,-24.20813200447799,0.9759467023311122,0.024053296627488365,2.4772827676096227e-15
3-state,2011-07,0.011654074286822521,Benign,-0.11864747503555884,-23.91924189646364,0.9954476032605314,0.004552395640947218,8.456456500191795e-17
3-state,2011-08,0.2964039092998598,Benign,-0.058751861219887624,-12.122613715830276,0.4188462556871028,0.5811537307180307,9.73411445232437e-15
3-state,2011-09,0.6437691945169203,Risk,0.07876133866014645,-7.933741609358291,0.008865520266019259,0.9911344616587171,1.621389255132383e-08
3-state,2011-10,0.8168292769510332,Risk,-0.03222579979734985,-7.882660174514566,0.010110640614853767,0.989889358165098,2.893265536388657e-12
3-state,2011-11,0.9001966042789242,Risk,-0.011783437933314267,-13.020185847949882,0.01643606839318491,0.983563929732902,5.767941304977162e-10
3-state,2011-12,0.9437827819603175,Risk,0.07123141823246693,-13.020185847949882,0.012631040358289339,0.9873689582433947,1.2124783329394522e-11
3-state,2012-01,0.9249997029434284,Risk,0.03807155136815821,-13.661869861640385,0.09378337607346071,0.9062166226162122,6.594600284562759e-13
3-state,2012-02,0.5072181235678779,Risk,-0.007984219154045014,-13.661869861640385,0.9105634558076725,0.08943654060366102,4.352987337526452e-15
3-state,2012-03,0.27862274239761814,Benign,-0.015913312648463407,-13.661869861640385,0.9499726387726416,0.05002736010021724,4.9057516422598985e-14
3-state,2012-04,0.140309943041061,Benign,-0.06988936382815414,-11.493339096104327,0.9980028563154961,0.0019964235227967475,7.190584134381369e-07
3-state,2012-05,0.07403238003393679,Benign,0.005717499731487274,-7.3236472533480645,0.9922451829731874,0.007754549709249121,2.662781284062053e-07
3-state,2012-06,0.17639142764215834,Benign,0.015091601621011197,-7.3236472533480645,0.7212495247496201,0.2787504711666938,2.4671925715326104e-13
3-state,2012-07,0.43585822679381525,Benign,0.012290184859023556,-7.3236472533480645,0.30467497405452776,0.6953250237631992,3.13677432094808e-11
3-state,2012-08,0.6078433448401273,Risk,0.0478132432884939,-7.3236472533480645,0.2201715371135609,0.7798284616899245,7.509669621519739e-12
3-state,2012-09,0.4250052692689487,Risk,-0.04215483540831033,-6.781851986112352,0.7578328063022298,0.2421671910701452,2.4080689758402125e-13
3-state,2012-10,0.2697333325826591,Benign,0.010899221353768418,-6.451672422199928,0.8855386041036305,0.11446139379679506,8.860149690975912e-10
3-state,2012-11,0.16276073731195262,Benign,0.03318848549009101,-6.451672422199928,0.9442118579587538,0.055788139964702645,9.659898274006753e-10
3-state,2012-12,0.11805832006716166,Benign,-0.017580985234935786,-12.331740126719692,0.9266440971776293,0.07335590177765244,3.607100785971642e-15
3-state,2013-01,0.06000450645964228,Benign,0.03290113395716787,-12.132306921640767,0.9980493071478771,0.0019506917595474406,4.254323468231361e-15
3-state,2013-02,0.030285675921237876,Benign,-0.010658811881641417,-12.132306921640767,0.9994331546171665,0.0005668442768745923,6.119337353573058e-19
3-state,2013-03,0.015250844537393449,Benign,-0.02042010443338027,-11.185651488465798,0.999783986846451,0.00021601204407948945,3.573667340606354e-19
3-state,2013-04,0.007739793119752092,Benign,0.01889055147974239,-11.021884452870378,0.9997712582978893,0.00022874059975685812,1.3177846461334352e-18
3-state,2013-05,0.0038904110648924906,Benign,-0.06882891440907302,-11.015218938396721,0.9999589709899671,4.102788226582435e-05,1.0037541933068008e-20
3-state,2013-06,0.014878125080041812,Benign,0.02721490912433233,-4.77913215205239,0.9741341609048089,0.025865838062282848,9.418188220674426e-19
3-state,2013-07,0.008564539763453775,Benign,0.006441882241114527,-7.246142739958561,0.9977490455531343,0.0022509533456765026,3.1074550247175157e-16
3-state,2013-08,0.008321145624213013,Benign,0.03664941969455038,-8.3866660186533,0.9919222485150277,0.008077750443186645,5.65781513710696e-14
3-state,2013-09,0.004800050556076225,Benign,0.016590219899681458,-8.3866660186533,0.9987210445120606,0.0012789544134969195,1.2438093750062088e-15
3-state,2013-10,0.0037038112903650033,Benign,0.007280479951982111,-7.768226263366884,0.9973924279753462,0.002607570967835619,3.556556929108568e-16
3-state,2013-11,0.009519174951051642,Benign,-0.016397144746090997,-7.727631580911054,0.9846654613882617,0.015334537582649462,1.0842461606998645e-15
3-state,2013-12,0.010933435039441523,Benign,-0.034897104715772675,-6.189405687248028,0.9876523048721686,0.01234769409309007,8.577900367228687e-13
3-state,2014-01,0.49879882826949895,Benign,0.02000873983557061,-3.421768335813602,0.0133357785004437,0.9866642203477142,5.213266116294347e-56
3-state,2014-02,0.7379022782248568,Risk,0.0028383957216482347,-3.421768335813602,0.02299427181978525,0.977005727081086,2.436026584247276e-53
3-state,2014-03,0.8507416341721155,Risk,-0.011996286513861865,-3.421768335813602,0.03641900988062581,0.9635809890149309,4.420568319216459e-67
3-state,2014-04,0.9083801983398532,Risk,0.01690798771251334,-8.736636425309053,0.03398123749240913,0.9660187613889386,8.309347912388938e-69
3-state,2014-05,0.45441310452165123,Risk,0.0036341581495165087,-8.736636425309053,0.9995539892965507,0.0004459987958062983,1.584177419903248e-09
3-state,2014-06,0.39739564994152776,Benign,0.03691428855712653,-8.888370740264406,0.6596218046385958,0.34037819252173385,1.1653903683155166e-77
3-state,2014-07,0.2999916383515713,Benign,-0.0036510787898287322,-9.515865937522005,0.7974123732383852,0.20258762535141062,1.9917536072669714e-48
3-state,2014-08,0.39661160645144433,Benign,-0.023422352155265003,-8.996204297547195,0.5067684254486826,0.49323157353965036,1.9620285473670254e-79
3-state,2014-09,0.19830610403337834,Benign,-0.027553184784407714,-6.813558652203144,0.9999993983846877,5.992101762082548e-07,3.506669786427378e-19
3-state,2014-10,0.1038498250078973,Benign,0.008323012343988134,-5.243581772122841,0.9906064540175837,0.009393544876089966,2.5500013711673483e-23
3-state,2014-11,0.11595899350071687,Benign,-0.03291130893504779,-5.243581772122841,0.8719318380064636,0.12806816023075038,2.902127467081868e-29
3-state,2014-12,0.09128824054573678,Benign,0.017576853369501766,-6.657278067984107,0.9333825124092433,0.06661748615636859,3.314759024278494e-10
3-state,2015-01,0.5444726212693035,Benign,0.018745595189680886,-7.232871732847979,0.0023429980071296326,0.9976570008729733,1.3696744355663422e-18
3-state,2015-02,0.7519739615883376,Risk,0.027812458007211216,-15.809252161832122,0.04052469809262829,0.9594753007505619,2.2167195320485867e-39
3-state,2015-03,0.7958580637991962,Risk,0.04220412798522122,-15.809252161832122,0.16025783398994514,0.8397421648573675,1.3894709723127963e-46
3-state,2015-04,0.7361808350554007,Risk,-0.005815178618157391,-14.737897799264788,0.32349639368839506,0.6765036048658492,2.0130223894060545e-56
3-state,2015-05,0.6488595671805784,Risk,-0.019198078645188077,-13.475978043044623,0.43846170069424384,0.5615382978323074,2.548363497036026e-42
3-state,2015-06,0.6637157447999769,Risk,-0.021232242806343726,-13.169271506729208,0.3214280775806246,0.6785719212772644,3.003310519949476e-32
3-state,2015-07,0.5703281555118845,Risk,-0.04367638139480012,-10.339199628550688,0.5230594337762078,0.476940564440811,4.3356597228030476e-24
3-state,2015-08,0.7789829757169185,Risk,0.010981291928680692,-10.594951610021997,0.012362204078047487,0.9876377940509767,1.646311141506792e-31
3-state,2015-09,0.8887017035535107,Risk,0.03396146856773963,-10.594951610021997,0.0015795686098972143,0.9984204303078743,7.86366128406888e-29
3-state,2015-10,0.9429108091872979,Risk,-0.018477730905773315,-10.594951610021997,0.002880085178915071,0.9971199137620246,5.903460970391194e-14
3-state,2015-11,0.9712015371511766,Risk,-0.015391754173157857,-9.320975498543882,0.0005077348849444626,0.9994922376567467,2.641089862176773e-08
3-state,2015-12,0.9855578074715152,Risk,-0.02511076705297277,-6.425808542849055,8.592220814615727e-05,0.9999140767155221,2.986987469764493e-11
3-state,2016-01,0.49279755328553426,Risk,0.0024057694031434096,-5.023973796205061,0.9999627009004467,3.729806270793284e-05,1.6237865997006438e-12
3-state,2016-02,0.24643557294891247,Benign,0.04131663414171549,-5.023973796205061,0.9999264073877093,7.358288265813834e-05,8.69806729660766e-09
3-state,2016-03,0.12867093618991488,Benign,-0.0008517429629829598,-5.023973796205061,0.9890937005690827,0.010906298365688166,2.1015997583388414e-12
3-state,2016-04,0.07315950748463945,Benign,-0.0053907679303911715,-5.023973796205061,0.982351921220636,0.01764807766068627,5.436557402785784e-22
3-state,2016-05,0.04203577501315983,Benign,-0.006579635306791065,-5.333731359629579,0.9890879574583198,0.01091204144734652,1.358096011694931e-22
3-state,2016-06,0.023185653910370654,Benign,0.023264885115996004,-5.333731359629579,0.9956644671924185,0.004335531737821886,2.427738678521961e-22
3-state,2016-07,0.051345330009669295,Benign,0.009155924562810336,-5.333731359629579,0.9204949938910321,0.0795050050557717,2.6258822978618174e-11
3-state,2016-08,0.522672297053681,Benign,0.004413525845230248,-5.333731359629579,0.006000735902307296,0.8388009590291288,0.15519828897450513
3-state,2016-09,0.35827333539343265,Benign,-0.017341722029861617,-5.176973873892088,0.8061256262668157,0.193874372474516,1.323562500363196e-15
3-state,2016-10,0.6791366676967147,Risk,-0.012304593518776774,-2.5032266220640476,3.3511164619904374e-15,0.9999999962822845,1.2498456411231533e-50
3-state,2016-11,0.8256574700406487,Risk,0.021668976189309852,-2.5032266220640476,0.027821727615417277,0.9721776027334033,2.5969370995436074e-15
3-state,2016-12,0.5499617261111585,Risk,0.020286661574530296,-2.5032266220640476,0.7257340178183319,0.27426597924758256,3.0269605460248895e-21
3-state,2017-01,0.7623793645156458,Risk,0.011641600247119799,-2.5032266220640476,0.025202997079866875,0.30596890644468366,0.6688280761650509
3-state,2017-02,0.4516406896725678,Risk,0.03279249364769088,-5.37705297443093,0.8590979851705102,0.0025879290423097773,0.13831408432902834
3-state,2017-03,0.25762872576587414,Benign,0.020928309182937088,-5.37705297443093,0.9363832381408196,6.47102231298853e-07,0.06361611352820273
3-state,2017-04,0.14659423303048974,Benign,0.06435901460809901,-5.37705297443093,0.9644402597048947,4.133839406006209e-07,0.03555932579000333
3-state,2017-05,0.09806460955405652,Benign,0.018919032481777176,-5.37705297443093,0.9504650139223767,1.560778283459272e-13,0.04953498481422039
3-state,2017-06,0.24852378868893032,Benign,0.004565585480605261,-5.37705297443093,0.6010170321761958,1.8209305100429801e-09,0.39898296272462735
3-state,2017-07,0.6242618943438905,Risk,-0.016448102423411104,-5.106779372261084,1.1494719488814665e-12,0.00033147741017523,0.9996685184927766
3-state,2017-08,0.6902498495108836,Risk,0.01323635851219862,-9.022432045446305,0.2437621953221232,1.1094340616566548e-07,0.7562376924758599
3-state,2017-09,0.8438165157288466,Risk,0.05385741417322154,-9.022432045446305,0.0026168180531903154,1.5766850487296423e-08,0.9973831630812067
3-state,2017-10,0.9218987856587594,Risk,-0.01864914649028071,-9.022432045446305,1.8944411327931104e-05,1.1792761367184825e-12,0.9999810534451413
3-state,2017-11,0.9259489241104715,Risk,-0.003585944964967669,-9.022432045446305,0.07000093743781634,5.002387809148706e-10,0.9299990603409458
3-state,2017-12,0.9245756868859614,Risk,0.04010957332950493,-10.92876031296578,0.07679755033854879,7.275727212303655e-06,0.9231951718616118
3-state,2018-01,0.46960331698443936,Risk,-0.05419911303226155,-12.107655925343652,0.9853690529170827,0.014630945995442677,2.2632666887083093e-18
3-state,2018-02,0.23520324598556003,Benign,0.0076173247545101574,-10.916038402810212,0.9991968250133193,0.000746053791339311,5.7120155943346285e-05
3-state,2018-03,0.2740586590122115,Benign,0.028427655980584055,-10.916038402810212,0.687085927961137,0.31291406403739175,8.665003949340532e-13
3-state,2018-04,0.5451397235110945,Benign,-0.03672203696866427,-20.646179033749025,0.18377921199002245,0.8162206840733444,1.0143249564663412e-07
3-state,2018-05,0.4298059310385051,Benign,-0.03998337875727398,-19.207231269225268,0.6855278614340843,0.13442448150465763,0.18004765334191877
3-state,2018-06,0.2149029662612902,Benign,-0.013270915469926647,-15.257506834948876,0.9999999985159247,5.855609804361568e-16,1.3024664382504285e-14
3-state,2018-07,0.28634156888396095,Benign,0.012033439753823538,-15.357280452694022,0.6422198284933683,0.35778014132027325,4.895737558246338e-34
3-state,2018-08,0.6177549049004611,Risk,0.008691876707128454,-15.357280452694022,0.050831759083038615,0.9491682381997623,9.10564576252491e-17
3-state,2018-09,0.8069785510856728,Risk,-0.1337476549186405,-14.910784013904033,0.0037978027291153183,0.9962021961424071,6.215959510116982e-14
3-state,2018-10,0.40349493249371204,Risk,0.03309380642103732,-6.483795664071157,0.9999886860982488,1.123048036417934e-05,1.853251753685301e-51
3-state,2018-11,0.3619404611269759,Benign,-0.026620787987619576,-10.019876469916355,0.6796140102397602,0.3203859518989315,2.1891371647826927e-37
3-state,2018-12,0.6527884502155589,Risk,0.0802581308836019,-10.019876469916355,0.0563635606958581,0.9436364362676194,8.224514946260904e-38
3-state,2019-01,0.8149201054859566,Risk,-0.004267934704496712,-10.019876469916355,0.02294823924364563,2.269151863070527e-21,0.9770517596738488
3-state,2019-02,0.8577510652192948,Risk,-0.02494717277311076,-15.072285771240034,0.09941797504736699,2.6110815171280877e-16,0.900582023441884
3-state,2019-03,0.757424141028192,Risk,0.02939274540771497,-15.072285771240034,0.34290278316291084,7.363768634874766e-11,0.65709721400274
3-state,2019-04,0.42447179442844907,Risk,-0.07344836888932471,-13.695177451700369,0.9084805521712939,1.7119798229328963e-10,0.09151944463527736
3-state,2019-05,0.29594270487279123,Benign,0.04353156003126646,-10.52373122249326,0.8325863846828666,2.6742515303306176e-13,0.167413613750055
3-state,2019-06,0.16135819537668258,Benign,-0.049783660401832464,-10.368350250142655,0.9732263141194261,1.3185899298505239e-08,0.026773671380911985
3-state,2019-07,0.5806790967150575,Benign,-0.02803586396813429,-6.538316914075426,1.946567559307927e-09,6.119454161797307e-14,0.9999999683231122
3-state,2019-08,0.7849595924668733,Risk,0.04840964120898228,-12.36034800901422,0.010759911781310907,9.146768259335629e-37,0.9892400870839175
3-state,2019-09,0.8797899730538516,Risk,0.009902780425627533,-35.70889779916474,0.025379646359169984,3.691081521214051e-14,0.9746203525272571
3-state,2019-10,0.9367987948410836,Risk,0.002150239268313925,-35.70889779916474,0.006192383371684363,7.280034431353234e-12,0.9938076154632086
3-state,2019-11,0.9677031012189061,Risk,0.05254409231498869,-35.70889779916474,0.0013925924032714347,1.1986099538312788e-10,0.9986074063392922
3-state,2019-12,0.9838461933750471,Risk,-0.035792414195787936,-35.70889779916474,1.0714468811995734e-05,3.539011544833622e-15,0.9999892844510111
3-state,2020-01,0.9919230966875235,Risk,-0.062293240424381,-35.03091217438568,0.0,4.51449695454341e-74,0.999999996825815
3-state,2020-02,0.9959615483437618,Risk,-0.11694455185185326,-30.09792506344231,0.0,2.7263542116660252e-270,0.9999999929474765
3-state,2020-03,0.9979807741718809,Risk,0.10994850358748165,-7.508801311518287,0.0,0.2632845557391036,0.7367154427591931
3-state,2020-04,0.9989903870859405,Risk,0.04212446061941999,-7.508801311518287,0.0,0.8828715954389748,0.11712840273658429
3-state,2020-05,0.9994951935429702,Risk,0.038790945746012495,-7.508801311518287,0.0,0.9626930585550466,0.0373069401922545
3-state,2020-06,0.9997475967714851,Risk,0.06689656450185977,-7.220151177391654,0.0,0.8188652562657625,0.18113474270440846
3-state,2020-07,0.9998737983857425,Risk,0.034142804734832444,-7.253996740571744,0.0,0.15878362183077088,0.8412163759796115
3-state,2020-08,0.9999368991928712,Risk,0.0007394002849707704,-7.253996740571744,0.0,0.005508160773113583,0.9944918380617143
3-state,2020-09,0.9999684495964356,Risk,-0.02609229518459133,-7.817720647628201,0.0,0.038134088848558,0.9618659101266231
3-state,2020-10,0.9999842247982178,Risk,0.14299459652479585,-7.817720647628201,0.0,0.45865882989727846,0.5413411660952043
3-state,2020-11,0.9999921123991089,Risk,0.1088741242922524,-7.817720647628201,0.0,0.007621488481769869,0.9923785100339599
3-state,2020-12,0.9999960561995545,Risk,0.03575467684780964,-7.817720647628201,0.0,9.855089597105028e-09,0.9999999891043889
3-state,2021-01,0.49999802904733365,Risk,0.012344555900485554,-6.484782512052478,0.9999999981048872,0.0,6.834606015091367e-10
3-state,2021-02,0.2499990163435096,Benign,0.01608721402234803,-7.403461627668206,0.9999999963603144,0.0,2.4526277470733164e-09
3-state,2021-03,0.12499950945128167,Benign,0.0282353247031637,-7.41072259557074,0.9999999974409463,0.0,1.3328456487457136e-09
3-state,2021-04,0.062499757034105256,Benign,0.017808864606451147,-12.008311333757815,0.9999999953830712,0.0,3.414090812197597e-09
3-state,2021-05,0.031249881743746984,Benign,0.02895203751264175,-14.105002607448291,0.9999999935466113,0.0,5.252012539152049e-09
3-state,2021-06,0.015624943960517166,Benign,-0.02862269472253287,-14.105002607448291,0.9999999938227127,0.0,4.972079486139679e-09
3-state,2021-07,0.007812632925282392,Benign,-0.0009524497124010489,-20.29917010731119,0.9999996781099524,0.0,3.207420805478446e-07
3-state,2021-08,0.003907080591640827,Benign,-0.04077491126897381,-18.476031508636524,0.9999984717420007,0.0,1.5271678687400068e-06
3-state,2021-09,0.0019575692509467696,Benign,-0.03197976242745859,-14.804715428229386,0.9999919420897473,0.0,8.056852662403274e-06
3-state,2021-10,0.0009821362028496275,Benign,-0.044323159985223404,-13.700956530435404,0.9999932968452475,0.0,6.702109369362299e-06
3-state,2021-11,0.5004910681014112,Benign,0.04883388649607845,-15.826997871484672,2.723028293260873e-14,0.0,0.999999881613235
3-state,2021-12,0.25026174423680364,Benign,-0.1055563362924995,-22.578311680558038,0.9999675796278039,0.0,3.241908304884135e-05
3-state,2022-01,0.12513134044082527,Benign,0.013456728231198367,-17.313566132999235,0.9999990633551531,0.0,9.356348849842627e-07
3-state,2022-02,0.06256652747899714,Benign,0.021662124120634507,-16.93207993889052,0.999998285482831,0.0,1.713504484773493e-06
3-state,2022-03,0.03128470830269336,Benign,-0.022700435418731346,-21.879891694006993,0.9999971108736104,0.0,2.8881067124732857e-06
3-state,2022-04,0.01564474400890525,Benign,-0.003395167554811729,-20.0204095960431,0.9999952202848829,0.0,4.7786878326688015e-06
3-state,2022-05,0.007823677573633446,Benign,-0.1315238924046893,-19.74794040710648,0.9999973888616384,0.0,2.610114350960765e-06
3-state,2022-06,0.003918890289136444,Benign,0.05095518935436982,-14.92113843121784,0.9999858969953606,0.0,1.4101994233512135e-05
3-state,2022-07,0.0019603894875464263,Benign,0.00838264280160117,-14.92113843121784,0.9999981113140436,0.0,1.8876712545489517e-06
3-state,2022-08,0.0009817739969930764,Benign,-0.12805568347769303,-12.805568347769302,0.9999968414935603,0.0,3.157488294707165e-06
3-state,2022-09,0.5004908869984965,Benign,0.06407829208823257,-10.650944354368285,2.7828055310485396e-28,0.0,0.999999836383253
3-state,2022-10,0.25030184384338067,Benign,0.0780079932923361,-10.650944354368285,0.9998871993117352,0.0,0.00011279946460574579
3-state,2022-11,0.125151646874935,Benign,-0.09550141925688738,-10.531330529144933,0.9999985500935107,0.0,1.448895144437203e-06
3-state,2022-12,0.3982712542534891,Benign,0.08436781614214572,-5.436753639916714,0.32860913836795674,0.0,0.6713907987751667
3-state,2023-01,0.20462758279141124,Benign,-0.005043124381363007,-5.422280511656896,0.9890160886706666,0.0,0.010983909899350244
3-state,2023-02,0.10283968837804325,Benign,0.026528796723759074,-6.095455469581212,0.9989482060353247,0.0,0.0010517928941991485
3-state,2023-03,0.051837011190697335,Benign,0.009960159558901616,-7.652596010790235,0.9991656659966486,0.0,0.0008343328953210896
3-state,2023-04,0.026591320857097228,Benign,0.030217541666638148,-14.588296075938468,0.9986543694765029,0.0,0.0013456293929749435
3-state,2023-05,0.013553774609113875,Benign,-0.0049823397074086895,-14.588296075938468,0.9994837716388695,0.0,0.0005162272378603376
3-state,2023-06,0.006916956254963129,Benign,0.02663517558449069,-14.588296075938468,0.9997198620991876,0.0,0.00028013674281268956
3-state,2023-07,0.004339298991730908,Benign,-0.02898679482832678,-14.588296075938468,0.9982383582715013,0.0,0.0017616406125630431
3-state,2023-08,0.0028490303841771075,Benign,-0.03567696310446833,-12.42811367563088,0.9986412382233767,0.0,0.0013587606400659235
3-state,2023-09,0.006710819439989828,Benign,-0.07589239775626777,-8.761303280623856,0.9894273915041975,0.0,0.010572607400482294
3-state,2023-10,0.5033427904187331,Benign,0.11295047385245627,-8.761303280623856,2.5238602523703515e-05,0.0,0.9999747454550465
3-state,2023-11,0.25571413456443276,Benign,0.047327914512986125,-8.761303280623856,0.9919145212898676,0.0,0.008085477249076874
3-state,2023-12,0.12816572016851493,Benign,-0.0595756152499437,-8.761303280623856,0.9993826942274029,0.0,0.0006173047175093131
3-state,2024-01,0.0654728878824233,Benign,0.05817572230802637,-6.271472847747561,0.9972199444036683,0.0,0.002780054535348388
3-state,2024-02,0.033046031748387474,Benign,0.039460849828057754,-15.556748011689637,0.9993808243856483,0.0,0.0006191745058128313
3-state,2024-03,0.016705233656571495,Benign,-0.019867920523340188,-15.556748011689637,0.9996355644352445,0.0,0.0003644344369789259
3-state,2024-04,0.008455589803972036,Benign,-0.020631054974127316,-15.556748011689637,0.9997940540486274,0.0,0.00020594478800163398
3-state,2024-05,0.00534581514665147,Benign,0.06117914813209069,-16.410672322905484,0.9977639595106691,0.0,0.0022360393313083596
3-state,2024-06,0.002841114699168769,Benign,-0.009696880532075847,-18.35716885207005,0.9996635857483139,0.0,0.00033641309874461267
3-state,2024-07,0.0027428708495198855,Benign,-0.03478551727212853,-15.01612366365288,0.997355373000129,0.0,0.002644625862653558
3-state,2024-08,0.001974168174121899,Benign,-0.030303157557248217,-11.951507716337185,0.9987945345012761,0.0,0.0012054643648430389
3-state,2024-09,0.0020820634418907778,Benign,-0.014314019330007755,-10.361688207723441,0.9978100412903403,0.0,0.002189957580488528
3-state,2024-10,0.003677324383707552,Benign,-0.03921522370126429,-14.142513086077047,0.9947274146744757,0.0,0.005272584216855753
3-state,2024-11,0.45655594285373574,Benign,-0.022973123564838382,-14.142513086077047,0.09056543867623609,0.0,0.9094345491276422
3-state,2024-12,0.2489793548090171,Benign,0.04912715928504907,-14.142513086077047,0.9585972332357016,0.0,0.041402765544834394
3-state,2025-01,0.12448967794579989,Benign,0.006121432841425634,-14.142513086077047,0.9999999989174173,0.0,4.628479473496954e-46
3-state,2025-02,0.06224483951525638,Benign,-0.020396525364153484,-13.246896601141799,0.9999999989152871,0.0,2.069614981860512e-45
3-state,2025-03,0.03112242028366041,Benign,0.030425770083210457,-9.030334502270755,0.9999999989479356,0.0,1.0799689045592773e-11
3-state,2025-04,0.01556121070915517,Benign,0.055174550880334294,-4.149986320647181,0.9999999988653501,0.0,9.31539063478863e-64
3-state,2025-05,0.007780605964765318,Benign,0.13864929369746903,-8.901506871653952,0.9999999987796245,0.0,5.932086474218174e-72
3-state,2025-06,0.003890303618905771,Benign,0.0565615108884876,-8.901506871653952,0.9999999987269538,0.0,5.776387981418207e-78
3-state,2025-07,0.001945152439909517,Benign,-0.01831182604318171,-8.901506871653952,0.9999999987390867,0.0,2.2457071532998733e-78
3-state,2025-08,0.0009725768113626811,Benign,0.07488679795710262,-8.901506871653952,0.9999999988171842,0.0,5.90875732107735e-67
3-state,2025-09,0.0004862889815778932,Benign,0.19941011588801794,-19.894662107505688,0.9999999988482069,0.0,1.5008791542366549e-62
3-state,2025-10,0.00024314505594520174,Benign,-0.044043800878727946,-19.894662107505688,0.9999999988696875,0.0,6.830950715365232e-60
3-state,2025-11,0.00012157309981095531,Benign,0.07323907704836685,-19.894662107505688,0.9999999988563233,0.0,1.128842452745772e-65
3-state,2025-12,6.078710981576246e-05,Benign,0.23971267417636266,-19.894662107505688,0.9999999988801794,0.0,5.073247111912952e-56
3-state,2026-01,3.0394131345057e-05,Benign,0.19519520978992544,-38.630429604794614,0.9999999988471256,0.0,1.5150824120304842e-127
3-state,2026-02,1.5197682439887907e-05,Benign,-0.19084643404922963,,0.9999999987664653,0.0,4.286148889031819e-136
3-state,2026-03,7.5993935456291416e-06,Benign,0.3060707394429423,,0.9999999988953486,0.0,4.599693895116121e-104
3-state,2026-04,3.8003251358428474e-06,Benign,0.28448510731373733,,0.9999999987432739,0.0,7.647963951690692e-143
3-state,2026-05,1.9006915863615889e-06,Benign,3.894198542830907e-05,,0.9999999989419631,0.0,4.3085366923538295e-64
3-state,2026-06,9.508721361500037e-07,Benign,-0.22191170974465646,,0.9999999989473141,0.0,2.0095104034477127e-123
3-state,2026-07,4.759610287055232e-07,Benign,,,0.9999999989500787,0.0,1.978791862489215e-130
