,bond_10y,usd_krw,kodex200
2018-04-02,2.643,1056.6,26873.0
2018-04-03,2.634,1054.2,26819.0
2018-04-04,2.617,1059.8,26406.0
2018-04-05,2.633,1059.7,26772.0
2018-04-06,2.607,1069.6,26642.0
2018-04-09,2.613,1067.1,26827.0
2018-04-10,2.622,1066.4,26852.0
2018-04-11,2.596,1066.3,26768.0
2018-04-12,2.58,1069.5,26764.0
2018-04-13,2.603,1069.5,26941.0
2018-04-16,2.625,1074.0,26962.0
2018-04-17,2.636,1067.0,26924.0
2018-04-18,2.652,1068.7,27223.0
2018-04-19,2.647,1061.5,27375.0
2018-04-20,2.671,1067.3,27194.0
2018-04-23,2.725,1069.0,27177.0
2018-04-24,2.726,1076.8,27025.0
2018-04-25,2.762,1080.6,26852.0
2018-04-26,2.749,1080.9,27190.0
2018-04-27,2.7,1076.6,27438.0
2018-04-30,2.713,1068.0,27617.0
2018-05-02,2.751,1076.1,27420.0
2018-05-03,2.751,1076.3,27326.0
2018-05-04,2.761,1077.2,27108.0
2018-05-08,2.787,1076.5,26984.0
2018-05-09,2.805,1080.9,26895.0
2018-05-10,2.772,1073.1,27078.0
2018-05-11,2.785,1069.3,27245.0
2018-05-14,2.795,1068.0,27190.0
2018-05-15,2.814,1073.8,26942.0
2018-05-16,2.794,1077.6,27027.0
2018-05-17,2.796,1081.2,26929.0
2018-05-18,2.765,1077.6,27014.0
2018-05-21,2.769,1085.4,27057.0
2018-05-23,2.747,1080.7,27241.0
2018-05-24,2.72,1079.6,27155.0
2018-05-25,2.716,1078.0,27198.0
2018-05-28,2.726,1074.2,27314.0
2018-05-29,2.693,1076.8,27061.0
2018-05-30,2.697,1080.9,26484.0
2018-05-31,2.695,1077.7,26591.0
2018-06-01,2.703,1075.0,26753.0
2018-06-04,2.733,1071.9,26895.0
2018-06-05,2.716,1070.7,26954.0
2018-06-07,2.75,1069.0,27190.0
2018-06-08,2.714,1075.9,26924.0
2018-06-11,2.732,1075.2,27160.0
2018-06-12,2.721,1077.2,27125.0
2018-06-14,2.711,1083.1,26630.0
2018-06-15,2.672,1097.7,26497.0
2018-06-18,2.65,1104.8,26181.0
2018-06-19,2.62,1109.1,25843.0
2018-06-20,2.618,1105.1,26027.0
2018-06-21,2.594,1112.8,25804.0
2018-06-22,2.608,1107.4,26001.0
2018-06-25,2.605,1117.2,25988.0
2018-06-26,2.618,1114.8,25958.0
2018-06-27,2.576,1117.6,25864.0
2018-06-28,2.558,1124.2,25633.0
2018-06-29,2.556,1114.5,25689.0
2018-07-02,2.53,1120.0,25116.0
2018-07-03,2.577,1118.7,25150.0
2018-07-04,2.547,1114.5,25078.0
2018-07-05,2.545,1118.6,25018.0
2018-07-06,2.555,1115.9,25197.0
2018-07-09,2.558,1112.2,25385.0
2018-07-10,2.553,1116.0,25420.0
2018-07-11,2.512,1120.0,25274.0
2018-07-12,2.542,1125.9,25351.0
2018-07-13,2.556,1123.5,25603.0
2018-07-16,2.546,1129.2,25527.0
2018-07-17,2.552,1124.1,25497.0
2018-07-18,2.53,1132.3,25437.0
2018-07-19,2.54,1133.2,25368.0
2018-07-20,2.522,1133.7,25492.0
2018-07-23,2.535,1131.4,25287.0
2018-07-24,2.575,1135.2,25364.0
2018-07-25,2.546,1126.3,25317.0
2018-07-26,2.55,1119.3,25488.0
2018-07-27,2.571,1118.1,25565.0
2018-07-30,2.573,1120.2,25505.0
2018-07-31,2.567,1118.7,25539.0
2018-08-01,2.589,1120.6,25629.0
2018-08-02,2.574,1126.1,25171.0
2018-08-03,2.58,1127.6,25368.0
2018-08-06,2.561,1124.0,25329.0
2018-08-07,2.557,1123.8,25501.0
2018-08-08,2.557,1119.9,25505.0
2018-08-09,2.521,1117.2,25492.0
2018-08-10,2.49,1128.9,25214.0
2018-08-13,2.505,1133.9,24879.0
2018-08-14,2.503,1127.9,24991.0
2018-08-16,2.475,1130.1,24747.0
2018-08-17,2.431,1124.9,24755.0
2018-08-20,2.407,1123.1,24777.0
2018-08-21,2.381,1118.4,25047.0
2018-08-22,2.402,1118.9,25136.0
2018-08-23,2.395,1121.4,25239.0
2018-08-24,2.381,1118.9,25338.0
2018-08-27,2.371,1113.8,25466.0
2018-08-28,2.354,1110.0,25484.0
2018-08-29,2.362,1110.2,25556.0
2018-08-30,2.367,1108.6,25569.0
2018-08-31,2.311,1112.9,25672.0
2018-09-03,2.292,1110.3,25522.0
2018-09-04,2.298,1114.9,25633.0
2018-09-05,2.269,1121.5,25304.0
2018-09-06,2.274,1124.0,25265.0
2018-09-07,2.268,1122.8,25124.0
2018-09-10,2.258,1128.4,25179.0
2018-09-11,2.273,1125.3,25098.0
2018-09-12,2.254,1128.6,25072.0
2018-09-13,2.262,1122.4,25106.0
2018-09-14,2.309,1116.6,25505.0
2018-09-17,2.316,1126.6,25304.0
2018-09-18,2.337,1123.2,25415.0
2018-09-19,2.374,1121.1,25436.0
2018-09-20,2.428,1120.4,25676.0
2018-09-21,2.412,1115.3,25779.0
2018-09-27,2.375,1112.5,25976.0
2018-09-28,2.357,1109.3,25813.0
2018-10-01,2.384,1111.8,25809.0
2018-10-02,2.371,1119.2,25496.0
2018-10-04,2.445,1129.9,25102.0
2018-10-05,2.453,1130.4,25064.0
2018-10-08,2.453,1132.7,24939.0
2018-10-10,2.413,1134.0,24777.0
2018-10-11,2.361,1144.4,23753.0
2018-10-12,2.399,1131.4,23984.0
2018-10-15,2.38,1134.3,23851.0
2018-10-16,2.38,1128.0,23787.0
2018-10-17,2.341,1126.5,24095.0
2018-10-18,2.293,1135.2,23881.0
2018-10-19,2.318,1132.1,23975.0
2018-10-22,2.344,1128.4,24023.0
2018-10-23,2.307,1137.6,23466.0
2018-10-24,2.309,1132.3,23346.0
2018-10-25,2.269,1138.0,22973.0
2018-10-26,2.248,1141.9,22609.0
2018-10-29,2.171,1141.4,22424.0
2018-10-30,2.221,1139.2,22579.0
2018-10-31,2.243,1139.6,22682.0
2018-11-01,2.251,1138.1,22588.0
2018-11-02,2.283,1121.6,23443.0
2018-11-05,2.279,1123.5,23185.0
2018-11-06,2.295,1123.8,23348.0
2018-11-07,2.259,1123.3,23228.0
2018-11-08,2.257,1117.3,23426.0
2018-11-09,2.233,1128.3,23284.0
2018-11-12,2.21,1133.9,23344.0
2018-11-13,2.211,1133.3,23168.0
2018-11-14,2.195,1134.3,23108.0
2018-11-15,2.231,1129.2,23340.0
2018-11-16,2.22,1128.5,23323.0
2018-11-19,2.201,1128.6,23404.0
2018-11-20,2.206,1125.8,23172.0
2018-11-21,2.209,1131.6,23061.0
2018-11-22,2.206,1129.2,23035.0
2018-11-23,2.169,1130.5,22889.0
2018-11-26,2.167,1128.9,23198.0
2018-11-27,2.15,1129.4,23379.0
2018-11-28,2.155,1126.5,23520.0
2018-11-29,2.114,1119.2,23563.0
2018-11-30,2.106,1121.2,23344.0
2018-12-03,2.128,1110.7,23752.0
2018-12-04,2.102,1105.3,23486.0
2018-12-05,2.058,1114.1,23344.0
2018-12-06,1.983,1120.3,22996.0
2018-12-07,1.993,1119.8,23073.0
2018-12-10,1.978,1126.5,22859.0
2018-12-11,1.98,1130.1,22803.0
2018-12-12,2.01,1128.5,23099.0
2018-12-13,2.018,1123.4,23220.0
2018-12-14,2.002,1130.8,22850.0
2018-12-17,2.004,1131.3,22914.0
2018-12-18,1.981,1129.6,22833.0
2018-12-19,1.932,1123.5,22983.0
2018-12-20,1.932,1127.8,22781.0
2018-12-21,1.97,1122.4,22760.0
2018-12-24,1.99,1125.2,22768.0
2018-12-26,1.948,1125.4,22472.0
2018-12-27,1.943,1120.0,22751.0
2018-12-28,1.948,1115.7,22846.0
2018-12-31,1.948,,
2019-01-02,1.948,1119.0,22579.0
2019-01-03,1.955,1127.7,22360.0
2019-01-04,1.972,1124.5,22532.0
2019-01-07,1.977,1118.6,22854.0
2019-01-08,1.994,1124.1,22704.0
2019-01-09,1.985,1122.1,23172.0
2019-01-10,1.964,1118.3,23164.0
2019-01-11,1.992,1116.4,23306.0
2019-01-14,1.973,1123.0,23104.0
2019-01-15,1.968,1120.7,23568.0
2019-01-16,1.982,1120.1,23671.0
2019-01-17,1.976,1122.5,23722.0
2019-01-18,2.008,1121.9,23903.0
2019-01-21,2.028,1128.1,23916.0
2019-01-22,1.997,1130.5,23795.0
2019-01-23,1.984,1127.3,23933.0
2019-01-24,1.993,1128.6,24131.0
2019-01-25,2.005,1121.3,24569.0
2019-01-28,2.019,1117.7,24556.0
2019-01-29,2.035,1116.5,24672.0
2019-01-30,2.051,1116.3,24973.0
2019-01-31,2.001,1112.7,24947.0
2019-02-01,1.983,1118.8,24921.0
2019-02-07,1.995,1124.1,24921.0
2019-02-08,1.965,1123.9,24569.0
2019-02-11,1.943,1124.7,24612.0
2019-02-12,1.978,1123.9,24745.0
2019-02-13,1.987,1121.7,24870.0
2019-02-14,1.99,1125.1,25110.0
2019-02-15,1.962,1128.7,24780.0
2019-02-18,1.997,1125.8,24960.0
2019-02-19,1.996,1128.2,24844.0
2019-02-20,1.992,1123.5,25132.0
2019-02-21,2.01,1125.2,25132.0
2019-02-22,2.008,1125.2,25145.0
2019-02-25,2.012,1121.0,25196.0
2019-02-26,2.003,1118.6,25102.0
2019-02-27,1.985,1119.1,25184.0
2019-02-28,1.987,1124.7,24758.0
2019-03-04,2.027,1124.9,24638.0
2019-03-05,2.029,1125.5,24466.0
2019-03-06,2.021,1128.8,24397.0
2019-03-07,2.005,1129.0,24324.0
2019-03-08,1.973,1136.2,23993.0
2019-03-11,1.986,1133.7,24010.0
2019-03-12,1.991,1129.8,24255.0
2019-03-13,1.966,1132.6,24079.0
2019-03-14,1.978,1134.8,24144.0
2019-03-15,1.989,1137.3,24423.0
2019-03-18,1.994,1132.1,24444.0
2019-03-19,1.979,1130.6,24419.0
2019-03-20,1.981,1130.4,24449.0
2019-03-21,1.932,1127.7,24616.0
2019-03-22,1.934,1130.1,24672.0
2019-03-25,1.888,1134.2,24195.0
2019-03-26,1.905,1133.4,24212.0
2019-03-27,1.845,1134.5,24208.0
2019-03-28,1.81,1136.8,24075.0
2019-03-29,1.833,1135.1,24217.0
2019-04-01,1.866,1133.7,24539.0
2019-04-02,1.856,1136.4,24633.0
2019-04-03,1.889,1134.3,24994.0
2019-04-04,1.877,1136.3,25020.0
2019-04-05,1.893,1136.6,25068.0
2019-04-08,1.868,1144.7,25007.0
2019-04-09,1.872,1142.1,25050.0
2019-04-10,1.871,1138.6,25179.0
2019-04-11,1.867,1139.4,25123.0
2019-04-12,1.881,1139.4,25184.0
2019-04-15,1.926,1133.1,25287.0
2019-04-16,1.932,1135.7,25386.0
2019-04-17,1.947,1134.8,25368.0
2019-04-18,1.893,1136.9,24964.0
2019-04-19,1.899,1136.9,24969.0
2019-04-22,1.929,1141.5,24973.0
2019-04-23,1.923,1141.8,25016.0
2019-04-24,1.912,1150.9,24745.0
2019-04-25,1.879,1160.5,24707.0
2019-04-26,1.876,1161.0,24560.0
2019-04-29,1.864,1158.5,25054.0
2019-04-30,1.845,1168.2,24897.0
2019-05-02,1.885,1165.7,25006.0
2019-05-03,1.9,1170.0,24783.0
2019-05-07,1.885,1166.5,24587.0
2019-05-08,1.878,1169.4,24473.0
2019-05-09,1.861,1179.8,23757.0
2019-05-10,1.873,1177.0,23800.0
2019-05-13,1.874,1187.5,23521.0
2019-05-14,1.868,1189.4,23477.0
2019-05-15,1.865,1188.6,23586.0
2019-05-16,1.82,1191.5,23254.0
2019-05-17,1.822,1195.7,23101.0
2019-05-20,1.847,1194.2,23162.0
2019-05-21,1.83,1194.0,23276.0
2019-05-22,1.828,1192.8,23328.0
2019-05-23,1.808,1189.2,23298.0
2019-05-24,1.792,1188.4,23127.0
2019-05-27,1.797,1184.5,23145.0
2019-05-28,1.793,1185.8,23180.0
2019-05-29,1.741,1193.9,22865.0
2019-05-30,1.741,1188.8,23075.0
2019-05-31,1.682,1190.9,23036.0
2019-06-03,1.691,1182.1,23416.0
2019-06-04,1.684,1182.8,23372.0
2019-06-05,1.654,1178.6,23398.0
2019-06-07,1.656,1181.4,23407.0
2019-06-10,1.661,1185.2,23748.0
2019-06-11,1.68,1180.4,23883.0
2019-06-12,1.6,1182.6,23800.0
2019-06-13,1.613,1183.1,23604.0
2019-06-14,1.591,1185.3,23599.0
2019-06-17,1.621,1186.5,23612.0
2019-06-18,1.614,1185.8,23730.0
2019-06-19,1.601,1176.1,24027.0
2019-06-20,1.545,1162.1,24110.0
2019-06-21,1.569,1164.0,24045.0
2019-06-24,1.563,1156.5,24084.0
2019-06-25,1.584,1156.2,24049.0
2019-06-26,1.605,1156.6,24075.0
2019-06-27,1.616,1158.1,24368.0
2019-06-28,1.596,1154.7,24307.0
2019-07-01,1.608,1158.8,24311.0
2019-07-02,1.586,1166.0,24176.0
2019-07-03,1.534,1171.3,23866.0
2019-07-04,1.523,1168.6,24067.0
2019-07-05,1.533,1170.4,24032.0
2019-07-08,1.53,1182.0,23529.0
2019-07-09,1.538,1180.5,23481.0
2019-07-10,1.562,1181.6,23569.0
2019-07-11,1.547,1173.5,23857.0
2019-07-12,1.569,1179.2,23909.0
2019-07-15,1.582,1179.3,23896.0
2019-07-16,1.573,1177.6,24001.0
2019-07-17,1.546,1181.3,23787.0
2019-07-18,1.472,1178.8,23735.0
2019-07-19,1.456,1174.5,24067.0
2019-07-22,1.465,1178.3,24058.0
2019-07-23,1.472,1178.9,24176.0
2019-07-24,1.465,1177.9,23944.0
2019-07-25,1.431,1181.5,23901.0
2019-07-26,1.426,1184.8,23848.0
2019-07-29,1.412,1183.5,23529.0
2019-07-30,1.409,1181.6,23591.0
2019-07-31,1.39,1183.1,23354.0
2019-08-01,1.41,1188.5,23328.0
2019-08-02,1.349,1198.0,23065.0
2019-08-05,1.253,1215.3,22566.0
2019-08-06,1.256,1215.3,22251.0
2019-08-07,1.251,1214.9,22115.0
2019-08-08,1.27,1209.2,22212.0
2019-08-09,1.286,1210.5,22365.0
2019-08-12,1.285,1216.2,22400.0
2019-08-13,1.229,1222.2,22172.0
2019-08-14,1.231,1212.7,22330.0
2019-08-16,1.172,1210.8,22255.0
2019-08-19,1.184,1211.0,22395.0
2019-08-20,1.198,1208.3,22614.0
2019-08-21,1.277,1202.5,22658.0
2019-08-22,1.229,1207.4,22479.0
2019-08-23,1.261,1210.6,22457.0
2019-08-26,1.191,1217.8,22128.0
2019-08-27,1.238,1211.2,22198.0
2019-08-28,1.244,1213.9,22413.0
2019-08-29,1.248,1216.4,22290.0
2019-08-30,1.276,1211.2,22658.0
2019-09-02,1.344,1210.8,22698.0
2019-09-03,1.331,1215.6,22610.0
2019-09-04,1.344,1208.2,22947.0
2019-09-05,1.367,1200.2,23148.0
2019-09-06,1.381,1196.9,23254.0
2019-09-09,1.353,1193.0,23442.0
2019-09-10,1.37,1193.3,23543.0
2019-09-11,1.397,1191.0,23718.0
2019-09-16,1.536,1183.1,23792.0
2019-09-17,1.5,1190.7,23783.0
2019-09-18,1.468,1191.3,23915.0
2019-09-19,1.463,1193.6,24072.0
2019-09-20,1.455,1188.0,24204.0
2019-09-23,1.462,1194.0,24234.0
2019-09-24,1.454,1195.7,24379.0
2019-09-25,1.424,1198.8,24029.0
2019-09-26,1.433,1198.8,24072.0
2019-09-27,1.438,1199.9,23818.0
2019-09-30,1.456,1196.2,24020.0
2019-10-01,1.498,1199.0,24077.0
2019-10-02,1.497,1206.0,23564.0
2019-10-03,,1206.0,
2019-10-04,1.373,1196.8,23468.0
2019-10-07,1.386,1196.6,23508.0
2019-10-08,1.429,1193.1,23853.0
2019-10-09,,1196.2,
2019-10-10,1.459,1196.2,23683.0
2019-10-11,1.488,1188.8,23849.0
2019-10-14,1.488,1184.9,24094.0
2019-10-15,1.499,1185.2,24125.0
2019-10-16,1.53,1187.8,24261.0
2019-10-17,1.578,1187.0,24182.0
2019-10-18,1.587,1181.5,23941.0
2019-10-21,1.66,1172.0,24077.0
2019-10-22,1.655,1169.7,24396.0
2019-10-23,1.654,1172.4,24247.0
2019-10-24,1.641,1172.9,24313.0
2019-10-25,1.677,1173.0,24335.0
2019-10-28,1.765,1170.7,24427.0
2019-10-29,1.777,1163.0,24374.0
2019-10-30,1.753,1168.1,24190.0
2019-10-31,1.728,1163.4,24282.0
2019-11-01,1.732,1165.6,24467.0
2019-11-04,1.827,1159.2,24818.0
2019-11-05,1.817,1157.5,24985.0
2019-11-06,1.82,1156.9,24998.0
2019-11-07,1.822,1159.3,24967.0
2019-11-08,1.803,1157.5,24884.0
2019-11-11,1.788,1166.8,24690.0
2019-11-12,1.842,1160.8,24910.0
2019-11-13,1.787,1167.8,24708.0
2019-11-14,1.785,1169.7,24906.0
2019-11-15,1.79,1166.6,25257.0
2019-11-18,1.781,1164.5,25230.0
2019-11-19,1.734,1167.6,25121.0
2019-11-20,1.671,1170.1,24796.0
2019-11-21,1.672,1178.1,24431.0
2019-11-22,1.687,1178.9,24550.0
2019-11-25,1.725,1176.0,24822.0
2019-11-26,1.707,1176.7,24827.0
2019-11-27,1.671,1177.2,24853.0
2019-11-28,1.667,1179.0,24743.0
2019-11-29,1.63,1181.2,24317.0
2019-12-02,1.688,1183.1,24396.0
2019-12-03,1.736,1187.2,24273.0
2019-12-04,1.657,1194.3,24111.0
2019-12-05,1.661,1190.2,24054.0
2019-12-06,1.68,1189.6,24335.0
2019-12-09,1.664,1189.9,24445.0
2019-12-10,1.616,1191.3,24568.0
2019-12-11,1.621,1194.7,24664.0
2019-12-12,1.619,1186.8,25112.0
2019-12-13,1.649,1171.7,25503.0
2019-12-16,1.612,1172.3,25494.0
2019-12-17,1.605,1166.2,25845.0
2019-12-18,1.606,1168.8,25841.0
2019-12-19,1.655,1165.6,25867.0
2019-12-20,1.673,1160.6,25924.0
2019-12-23,1.642,1164.3,25920.0
2019-12-24,1.631,1163.9,25753.0
2019-12-26,1.641,1161.8,25858.0
2019-12-27,1.683,1161.5,26236.0
2019-12-30,1.683,1156.4,26143.0
2019-12-31,1.683,1156.4,
2020-01-02,1.638,1158.1,25867.0
2020-01-03,1.555,1167.1,25862.0
2020-01-06,1.541,1172.1,25665.0
2020-01-07,1.613,1166.4,25924.0
2020-01-08,1.63,1170.8,25757.0
2020-01-09,1.687,1159.1,26187.0
2020-01-10,1.706,1161.3,26402.0
2020-01-13,1.729,1156.0,26674.0
2020-01-14,1.716,1156.1,26802.0
2020-01-15,1.695,1157.0,26644.0
2020-01-16,1.701,1161.1,26916.0
2020-01-17,1.741,1159.4,26977.0
2020-01-20,1.762,1158.1,27179.0
2020-01-21,1.689,1167.0,26876.0
2020-01-22,1.723,1164.6,27232.0
2020-01-23,1.704,1168.7,26876.0
2020-01-28,1.603,1176.7,26060.0
2020-01-29,1.582,1177.2,26148.0
2020-01-30,1.553,1185.0,25655.0
2020-01-31,1.558,1191.8,25383.0
2020-02-03,1.547,1195.0,25409.0
2020-02-04,1.628,1187.4,25844.0
2020-02-05,1.601,1191.5,25972.0
2020-02-06,1.63,1179.8,26746.0
2020-02-07,1.601,1186.5,26521.0
2020-02-10,1.603,1187.1,26381.0
2020-02-11,1.602,1181.6,26636.0
2020-02-12,1.613,1179.5,26856.0
2020-02-13,1.609,1182.8,26790.0
2020-02-14,1.653,1183.0,26952.0
2020-02-17,1.622,1183.9,26930.0
2020-02-18,1.56,1189.5,26504.0
2020-02-19,1.559,1189.3,26552.0
2020-02-20,1.515,1198.7,26416.0
2020-02-21,1.443,1209.2,26038.0
2020-02-24,1.416,1220.2,25057.0
2020-02-25,1.429,1210.3,25334.0
2020-02-26,1.395,1216.9,24965.0
2020-02-27,1.443,1217.2,24706.0
2020-02-28,1.333,1213.7,23910.0
2020-03-02,1.372,1193.7,24138.0
2020-03-03,1.371,1195.2,24248.0
2020-03-04,1.299,1187.8,24798.0
2020-03-05,1.337,1181.2,25018.0
2020-03-06,1.37,1192.3,24517.0
2020-03-09,1.286,1204.2,23483.0
2020-03-10,1.355,1193.2,23615.0
2020-03-11,1.369,1193.0,22912.0
2020-03-12,1.387,1206.5,22142.0
2020-03-13,1.57,1219.3,21571.0
2020-03-16,1.524,1226.0,20788.0
2020-03-17,1.441,1243.5,20322.0
2020-03-18,1.502,1245.7,19205.0
2020-03-19,1.657,1285.7,17798.0
2020-03-20,1.611,1246.5,19166.0
2020-03-23,1.718,1266.5,18040.0
2020-03-24,1.708,1249.6,19715.0
2020-03-25,1.647,1229.9,20845.0
2020-03-26,1.502,1232.8,20441.0
2020-03-27,1.532,1210.6,20933.0
2020-03-30,1.562,1224.4,20810.0
2020-03-31,1.551,1217.4,21179.0
2020-04-01,1.545,1230.5,20186.0
2020-04-02,1.518,1228.3,20806.0
2020-04-03,1.548,1230.9,20753.0
2020-04-06,1.543,1229.3,21579.0
2020-04-07,1.58,1221.2,21918.0
2020-04-08,1.511,1220.9,21597.0
2020-04-09,1.438,1219.5,21940.0
2020-04-10,1.444,1208.8,22125.0
2020-04-13,1.469,1217.9,21747.0
2020-04-14,1.464,1217.3,22125.0
2020-04-16,1.411,1228.7,22125.0
2020-04-17,1.438,1217.9,22797.0
2020-04-20,1.444,1220.5,22525.0
2020-04-21,1.458,1229.7,22274.0
2020-04-22,1.532,1232.2,22468.0
2020-04-23,1.545,1229.7,22687.0
2020-04-24,1.546,1235.5,22349.0
2020-04-27,1.576,1226.2,22793.0
2020-04-28,1.56,1225.2,22932.0
2020-04-29,1.518,1218.2,23084.0
2020-05-04,1.499,1229.1,22382.0
2020-05-06,1.508,1222.1,22797.0
2020-05-07,1.48,1225.0,22744.0
2020-05-08,1.426,1219.9,22941.0
2020-05-11,1.462,1220.5,22775.0
2020-05-12,1.424,1224.8,22614.0
2020-05-13,1.392,1223.8,22873.0
2020-05-14,1.381,1228.0,22632.0
2020-05-15,1.383,1231.0,22686.0
2020-05-18,1.394,1232.4,22833.0
2020-05-19,1.391,1225.3,23423.0
2020-05-20,1.358,1230.3,23477.0
2020-05-21,1.342,1230.9,23580.0
2020-05-22,1.347,1237.0,23182.0
2020-05-25,1.316,1244.2,23472.0
2020-05-26,1.328,1234.3,23897.0
2020-05-27,1.34,1234.4,23911.0
2020-05-28,1.343,1239.6,23982.0
2020-05-29,1.374,1238.5,23937.0
2020-06-01,1.395,1225.0,24411.0
2020-06-02,1.378,1225.4,24666.0
2020-06-03,1.426,1216.8,25569.0
2020-06-04,1.432,1218.7,25600.0
2020-06-05,1.452,1207.1,26029.0
2020-06-08,1.453,1204.8,25994.0
2020-06-09,1.397,1197.7,26007.0
2020-06-10,1.398,1191.2,26087.0
2020-06-11,1.383,1196.4,25658.0
2020-06-12,1.388,1203.8,25135.0
2020-06-15,1.424,1216.0,23870.0
2020-06-16,1.402,1207.0,25336.0
2020-06-17,1.409,1213.9,25265.0
2020-06-18,1.37,1208.0,25193.0
2020-06-19,1.38,1209.6,25283.0
2020-06-22,1.39,1215.8,25104.0
2020-06-23,1.385,1208.8,25171.0
2020-06-24,1.363,1199.4,25582.0
2020-06-25,1.344,1204.7,24939.0
2020-06-26,1.327,1200.6,25287.0
2020-06-29,1.365,1198.6,24881.0
2020-06-30,1.373,1203.0,25095.0
2020-07-01,1.402,1203.4,25109.0
2020-07-02,1.377,1200.0,25426.0
2020-07-03,1.387,1198.6,25636.0
2020-07-06,1.41,1195.8,26029.0
2020-07-07,1.388,1195.7,25716.0
2020-07-08,1.377,1195.5,25640.0
2020-07-09,1.391,1195.5,25761.0
2020-07-10,1.397,1204.5,25511.0
2020-07-13,1.42,1200.9,25998.0
2020-07-14,1.418,1205.7,25958.0
2020-07-15,1.414,1200.5,26217.0
2020-07-16,1.378,1205.6,25931.0
2020-07-17,1.348,1205.1,26128.0
2020-07-20,1.334,1203.2,26065.0
2020-07-21,1.356,1197.8,26445.0
2020-07-22,1.346,1195.3,26347.0
2020-07-23,1.318,1197.3,26190.0
2020-07-24,1.305,1201.5,26047.0
2020-07-27,1.304,1196.1,26298.0
2020-07-28,1.329,1196.9,26847.0
2020-07-29,1.309,1193.1,26986.0
2020-07-30,1.281,1194.4,27022.0
2020-07-31,1.296,1191.3,26807.0
2020-08-03,1.306,1193.4,26807.0
2020-08-04,1.306,1194.1,27129.0
2020-08-05,1.293,1188.8,27425.0
2020-08-06,1.306,1183.5,27859.0
2020-08-07,1.319,1184.7,27976.0
2020-08-10,1.363,1185.6,28392.0
2020-08-11,1.345,1185.6,28750.0
2020-08-12,1.373,1185.3,28907.0
2020-08-13,1.362,1183.3,28894.0
2020-08-14,1.396,1184.6,28589.0
2020-08-18,1.357,1183.7,27998.0
2020-08-19,1.347,1181.2,28097.0
2020-08-20,1.379,1186.9,27013.0
2020-08-21,1.41,1186.3,27420.0
2020-08-24,1.378,1189.1,27725.0
2020-08-25,1.387,1185.1,28088.0
2020-08-26,1.404,1186.8,28092.0
2020-08-27,1.421,1185.0,27841.0
2020-08-28,1.486,1184.3,27989.0
2020-08-31,1.516,1187.8,27537.0
2020-09-01,1.582,1183.0,27752.0
2020-09-02,1.539,1185.4,27895.0
2020-09-03,1.524,1188.3,28316.0
2020-09-04,1.527,1189.6,27922.0
2020-09-07,1.572,1188.3,28047.0
2020-09-08,1.555,1186.4,28406.0
2020-09-09,1.518,1189.1,28056.0
2020-09-10,1.517,1184.9,28325.0
2020-09-11,1.53,1186.9,28307.0
2020-09-14,1.517,1183.5,28688.0
2020-09-15,1.503,1179.0,28912.0
2020-09-16,1.485,1176.1,28831.0
2020-09-17,1.508,1174.4,28406.0
2020-09-18,1.503,1160.3,28500.0
2020-09-21,1.493,1158.0,28258.0
2020-09-22,1.472,1165.0,27599.0
2020-09-23,1.447,1164.4,27702.0
2020-09-24,1.437,1172.7,27062.0
2020-09-25,1.424,1172.3,27183.0
2020-09-28,1.426,1173.6,27582.0
2020-09-29,1.43,1169.5,27841.0
2020-10-05,1.479,1163.4,28146.0
2020-10-06,1.531,1161.0,28209.0
2020-10-07,1.533,1158.2,28482.0
2020-10-08,1.543,1153.3,28491.0
2020-10-12,1.553,1146.8,28607.0
2020-10-13,1.527,1147.1,28629.0
2020-10-14,1.513,1146.9,28347.0
2020-10-15,1.478,1143.2,28137.0
2020-10-16,1.493,1147.4,27971.0
2020-10-19,1.441,1142.0,28034.0
2020-10-20,1.462,1139.4,28231.0
2020-10-21,1.522,1131.9,28320.0
2020-10-22,1.507,1132.9,28128.0
2020-10-23,1.495,1132.9,28231.0
2020-10-26,1.482,1127.7,28177.0
2020-10-27,1.503,1125.5,27935.0
2020-10-28,1.497,1130.6,28083.0
2020-10-29,1.527,1131.4,27792.0
2020-10-30,1.546,1135.1,27038.0
2020-11-02,1.602,1133.6,27451.0
2020-11-03,1.607,1134.1,27998.0
2020-11-04,1.569,1137.7,28173.0
2020-11-05,1.527,1128.2,28792.0
2020-11-06,1.559,1120.4,28864.0
2020-11-09,1.568,1113.9,29227.0
2020-11-10,1.624,1115.1,29222.0
2020-11-11,1.662,1110.0,29693.0
2020-11-12,1.65,1114.8,29550.0
2020-11-13,1.627,1115.6,29859.0
2020-11-16,1.623,1109.3,30496.0
2020-11-17,1.62,1106.6,30487.0
2020-11-18,1.602,1103.8,30456.0
2020-11-19,1.608,1115.6,30496.0
2020-11-20,1.607,1114.3,30528.0
2020-11-23,1.581,1110.4,31227.0
2020-11-24,1.598,1112.7,31398.0
2020-11-25,1.629,1108.9,31214.0
2020-11-26,1.655,1104.6,31523.0
2020-11-27,1.641,1103.2,31595.0
2020-11-30,1.659,1106.5,31115.0
2020-12-01,1.649,1106.2,31609.0
2020-12-02,1.675,1100.8,32160.0
2020-12-03,1.669,1097.0,32389.0
2020-12-04,1.655,1082.1,32968.0
2020-12-07,1.646,1082.1,33147.0
2020-12-08,1.642,1085.4,32618.0
2020-12-09,1.656,1084.8,33371.0
2020-12-10,1.655,1087.7,33107.0
2020-12-11,1.661,1090.3,33394.0
2020-12-14,1.67,1091.8,33264.0
2020-12-15,1.671,1093.3,33264.0
2020-12-16,1.692,1094.0,33403.0
2020-12-17,1.732,1093.3,33371.0
2020-12-18,1.708,1099.7,33327.0
2020-12-21,1.679,1102.7,33367.0
2020-12-22,1.657,1107.4,32824.0
2020-12-23,1.64,1107.9,33291.0
2020-12-24,1.682,1103.0,33955.0
2020-12-28,1.681,1096.7,34125.0
2020-12-29,1.698,1092.1,34704.0
2020-12-30,1.713,1086.3,35435.0
2020-12-31,1.713,,
2021-01-04,1.723,1082.1,36368.0
2021-01-05,1.691,1087.6,36915.0
2021-01-06,1.731,1085.6,36556.0
2021-01-07,1.724,1087.3,37408.0
2021-01-08,1.729,1089.8,39063.0
2021-01-11,1.692,1097.3,39162.0
2021-01-12,1.718,1099.9,38857.0
2021-01-13,1.719,1095.1,39077.0
2021-01-14,1.734,1098.0,39028.0
2021-01-15,1.731,1099.4,38171.0
2021-01-18,1.714,1103.9,37283.0
2021-01-19,1.711,1102.9,38265.0
2021-01-20,1.703,1100.3,38485.0
2021-01-21,1.706,1098.2,39050.0
2021-01-22,1.758,1103.2,38776.0
2021-01-25,1.78,1100.7,39705.0
2021-01-26,1.77,1106.5,38624.0
2021-01-27,1.757,1104.4,38494.0
2021-01-28,1.764,1119.6,37784.0
2021-01-29,1.768,1118.8,36935.0
2021-02-01,1.803,1116.5,37856.0
2021-02-02,1.758,1117.7,38417.0
2021-02-03,1.768,1114.9,38736.0
2021-02-04,1.793,1118.5,38090.0
2021-02-05,1.791,1123.7,38575.0
2021-02-08,1.822,1119.6,38197.0
2021-02-09,1.813,1116.6,38067.0
2021-02-10,1.831,1107.0,38332.0
2021-02-15,1.871,1101.4,38893.0
2021-02-16,1.85,1100.1,39064.0
2021-02-17,1.862,1107.5,38642.0
2021-02-18,1.854,1107.6,38090.0
2021-02-19,1.875,1105.9,38422.0
2021-02-22,1.922,1110.4,38018.0
2021-02-23,1.906,1110.6,37977.0
2021-02-24,1.851,1112.2,37169.0
2021-02-25,1.884,1107.8,38521.0
2021-02-26,1.96,1123.5,37456.0
2021-03-02,1.966,1124.0,37874.0
2021-03-03,1.951,1120.3,38296.0
2021-03-04,1.972,1125.1,37807.0
2021-03-05,1.992,1126.1,37605.0
2021-03-08,2.028,1133.2,37250.0
2021-03-09,2.034,1140.3,37016.0
2021-03-10,2.036,1142.7,36805.0
2021-03-11,2.027,1135.9,37555.0
2021-03-12,2.092,1133.8,37888.0
2021-03-15,2.152,1136.3,37703.0
2021-03-16,2.098,1129.7,38018.0
2021-03-17,2.134,1130.2,37717.0
2021-03-18,2.15,1123.7,37991.0
2021-03-19,2.099,1130.6,37591.0
2021-03-22,2.057,1128.4,37654.0
2021-03-23,2.032,1129.7,37299.0
2021-03-24,1.992,1133.6,37129.0
2021-03-25,1.967,1133.3,37290.0
2021-03-26,2.005,1129.3,37636.0
2021-03-29,1.98,1131.7,37569.0
2021-03-30,2.063,1133.6,37991.0
2021-03-31,2.057,1131.8,37888.0
2021-04-01,2.023,1131.9,38233.0
2021-04-02,2.049,1127.5,38660.0
2021-04-05,2.094,1127.7,38736.0
2021-04-06,2.069,1119.6,38790.0
2021-04-07,2.064,1116.3,38884.0
2021-04-08,2.012,1117.2,38849.0
2021-04-09,2.029,1121.2,38664.0
2021-04-12,2.003,1124.9,38664.0
2021-04-13,2.027,1125.9,39104.0
2021-04-14,1.99,1116.6,39374.0
2021-04-15,2.02,1117.6,39410.0
2021-04-16,2.023,1116.3,39387.0
2021-04-19,1.981,1117.2,39383.0
2021-04-20,2.003,1112.3,39630.0
2021-04-21,2.005,1118.6,38920.0
2021-04-22,1.989,1117.3,38979.0
2021-04-23,2.043,1117.8,39001.0
2021-04-26,2.089,1113.2,39356.0
2021-04-27,2.071,1110.4,39401.0
2021-04-28,2.082,1113.0,38983.0
2021-04-29,2.098,1108.2,38851.0
2021-04-30,2.128,1112.3,38582.0
2021-05-03,2.124,1124.0,38336.0
2021-05-04,2.13,1122.6,38659.0
2021-05-06,2.102,1125.8,38887.0
2021-05-07,2.123,1121.3,39138.0
2021-05-10,2.134,1113.8,39795.0
2021-05-11,2.139,1119.6,39097.0
2021-05-12,2.125,1124.7,38450.0
2021-05-13,2.156,1129.3,38007.0
2021-05-14,2.158,1128.6,38363.0
2021-05-17,2.117,1134.8,38199.0
2021-05-18,2.118,1130.5,38650.0
2021-05-20,2.135,1132.0,38527.0
2021-05-21,2.123,1127.0,38509.0
2021-05-24,2.12,1127.1,38399.0
2021-05-25,2.129,1122.0,38764.0
2021-05-26,2.128,1116.9,38687.0
2021-05-27,2.111,1118.1,38618.0
2021-05-28,2.132,1115.5,38856.0
2021-05-31,2.179,1110.9,39006.0
2021-06-01,2.186,1105.9,39230.0
2021-06-02,2.202,1113.3,39198.0
2021-06-03,2.195,1113.6,39562.0
2021-06-04,2.173,1116.5,39412.0
2021-06-07,2.156,1112.9,39553.0
2021-06-08,2.116,1114.2,39476.0
2021-06-09,2.103,1115.4,39029.0
2021-06-10,2.085,1115.8,39161.0
2021-06-11,2.101,1110.8,39448.0
2021-06-14,2.096,1116.7,39430.0
2021-06-15,2.071,1117.0,39521.0
2021-06-16,2.07,1117.2,39763.0
2021-06-17,2.079,1130.4,39535.0
2021-06-18,2.041,1132.3,39654.0
2021-06-21,2.006,1134.7,39271.0
2021-06-22,2.05,1131.9,39540.0
2021-06-23,2.041,1137.7,39745.0
2021-06-24,2.06,1134.9,39895.0
2021-06-25,2.1,1127.7,40096.0
2021-06-28,2.137,1130.3,40055.0
2021-06-29,2.109,1128.5,39900.0
2021-06-30,2.092,1126.1,40041.0
2021-07-01,2.09,1133.1,39809.0
2021-07-02,2.101,1135.0,39759.0
2021-07-05,2.089,1131.8,39946.0
2021-07-06,2.119,1129.7,40128.0
2021-07-07,2.039,1138.1,39877.0
2021-07-08,2.002,1145.0,39462.0
2021-07-09,2.033,1149.1,39043.0
2021-07-12,2.022,1147.0,39394.0
2021-07-13,2.035,1145.4,39727.0
2021-07-14,2.008,1148.5,39590.0
2021-07-15,2.024,1141.5,39859.0
2021-07-16,2.008,1139.5,39690.0
2021-07-19,1.972,1147.8,39243.0
2021-07-20,1.893,1150.4,39115.0
2021-07-21,1.878,1154.0,38915.0
2021-07-22,1.921,1149.9,39398.0
2021-07-23,1.888,1150.8,39471.0
2021-07-26,1.863,1155.0,39047.0
2021-07-27,1.868,1150.1,39111.0
2021-07-28,1.862,1154.6,39230.0
2021-07-29,1.889,1146.5,39284.0
2021-07-30,1.874,1150.3,38805.0
2021-08-02,1.907,1150.9,38987.0
2021-08-03,1.89,1148.3,39330.0
2021-08-04,1.866,1143.6,39883.0
2021-08-05,1.878,1143.7,39810.0
2021-08-06,1.9,1142.1,39622.0
2021-08-09,1.914,1144.3,39440.0
2021-08-10,1.916,1149.8,39184.0
2021-08-11,1.934,1156.4,38832.0
2021-08-12,1.922,1161.2,38677.0
2021-08-13,1.924,1169.0,38024.0
2021-08-17,1.886,1176.3,37595.0
2021-08-18,1.881,1168.0,37782.0
2021-08-19,1.868,1176.2,37028.0
2021-08-20,1.853,1179.6,36668.0
2021-08-23,1.889,1173.7,36996.0
2021-08-24,1.939,1165.6,37700.0
2021-08-25,1.936,1168.1,37818.0
2021-08-26,1.928,1170.5,37535.0
2021-08-27,1.939,1169.2,37512.0
2021-08-30,1.913,1167.0,37604.0
2021-08-31,1.912,1159.5,38348.0
2021-09-01,1.942,1157.2,38403.0
2021-09-02,1.941,1161.5,38051.0
2021-09-03,1.943,1157.0,38298.0
2021-09-06,1.97,1156.5,38430.0
2021-09-07,1.975,1157.8,38202.0
2021-09-08,2.016,1166.7,37869.0
2021-09-09,2.0,1169.2,37197.0
2021-09-10,2.006,1169.1,37371.0
2021-09-13,2.037,1176.0,37453.0
2021-09-14,2.06,1170.8,37690.0
2021-09-15,2.025,1170.5,37745.0
2021-09-16,2.043,1171.8,37416.0
2021-09-17,2.068,1175.0,37512.0
2021-09-23,2.099,1175.5,37453.0
2021-09-24,2.152,1176.5,37416.0
2021-09-27,2.168,1176.8,37540.0
2021-09-28,2.256,1184.4,37051.0
2021-09-29,2.223,1181.8,36562.0
2021-09-30,2.237,1184.0,36713.0
2021-10-01,2.258,1188.7,36028.0
2021-10-05,2.291,1188.7,35494.0
2021-10-06,2.399,1192.3,34946.0
2021-10-07,2.387,1190.4,35530.0
2021-10-08,2.374,1194.6,35453.0
2021-10-12,2.447,1198.8,34845.0
2021-10-13,2.401,1193.8,35197.0
2021-10-14,2.351,1186.8,35640.0
2021-10-15,2.356,1182.4,36005.0
2021-10-18,2.4,1187.6,35891.0
2021-10-19,2.379,1178.7,36193.0
2021-10-20,2.392,1174.2,36033.0
2021-10-21,2.388,1177.2,35969.0
2021-10-22,2.411,1177.1,36001.0
2021-10-25,2.426,1168.4,36188.0
2021-10-26,2.457,1167.6,36526.0
2021-10-27,2.487,1170.0,36220.0
2021-10-28,2.397,1169.7,36119.0
2021-10-29,2.575,1168.6,35538.0
2021-11-01,2.506,1176.5,35684.0
2021-11-02,2.48,1174.4,36160.0
2021-11-03,2.47,1181.6,35648.0
2021-11-04,2.428,1182.6,35849.0
2021-11-05,2.35,1185.2,35694.0
2021-11-08,2.329,1183.1,35648.0
2021-11-09,2.293,1177.2,35739.0
2021-11-10,2.309,1180.9,35360.0
2021-11-11,2.341,1180.8,35355.0
2021-11-12,2.344,1179.6,35730.0
2021-11-15,2.298,1178.4,36142.0
2021-11-16,2.333,1179.9,36078.0
2021-11-17,2.359,1182.5,35625.0
2021-11-18,2.338,1180.4,35479.0
2021-11-19,2.372,1185.3,35739.0
2021-11-22,2.386,1185.1,36568.0
2021-11-23,2.4,1189.7,36247.0
2021-11-24,2.394,1186.5,36174.0
2021-11-25,2.348,1190.2,35909.0
2021-11-26,2.255,1193.3,35250.0
2021-11-29,2.266,1193.0,34971.0
2021-11-30,2.213,1187.9,34261.0
2021-12-01,2.182,1179.2,35085.0
2021-12-02,2.198,1175.9,35639.0
2021-12-03,2.234,1180.1,35909.0
2021-12-06,2.213,1183.0,35977.0
2021-12-07,2.24,1179.5,36275.0
2021-12-08,2.185,1175.9,36435.0
2021-12-09,2.188,1174.5,36545.0
2021-12-10,2.201,1181.3,36344.0
2021-12-13,2.169,1180.8,36371.0
2021-12-14,2.169,1182.6,36165.0
2021-12-15,2.166,1185.2,36174.0
2021-12-16,2.147,1183.9,36385.0
2021-12-17,2.153,1180.9,36476.0
2021-12-20,2.107,1190.8,35803.0
2021-12-21,2.099,1192.9,36078.0
2021-12-22,2.147,1192.0,36270.0
2021-12-23,2.212,1187.9,36449.0
2021-12-24,2.206,1186.6,36719.0
2021-12-27,2.211,1186.8,36504.0
2021-12-28,2.198,1188.0,36801.0
2021-12-29,2.18,1186.5,36719.0
2021-12-30,2.248,1188.8,36495.0
2021-12-31,2.25,,
2022-01-03,2.325,1191.8,36582.0
2022-01-04,2.32,1194.1,36559.0
2022-01-05,2.375,1196.9,36037.0
2022-01-06,2.481,1200.9,35675.0
2022-01-07,2.458,1201.5,36124.0
2022-01-10,2.484,1199.1,35849.0
2022-01-11,2.485,1194.8,35954.0
2022-01-12,2.428,1190.5,36545.0
2022-01-13,2.397,1187.5,36357.0
2022-01-14,2.453,1187.3,35794.0
2022-01-17,2.568,1192.7,35533.0
2022-01-18,2.553,1190.1,35259.0
2022-01-19,2.537,1191.7,35003.0
2022-01-20,2.558,1192.4,35208.0
2022-01-21,2.54,1194.0,34810.0
2022-01-24,2.54,1196.1,34417.0
2022-01-25,2.576,1198.6,33579.0
2022-01-26,2.573,1197.7,33474.0
2022-01-27,2.612,1202.8,32369.0
2022-01-28,2.586,1205.5,33236.0
2022-02-03,2.566,1206.4,33556.0
2022-02-04,2.619,1197.0,33997.0
2022-02-07,2.638,1200.7,33648.0
2022-02-08,2.733,1197.7,33712.0
2022-02-09,2.691,1196.5,34180.0
2022-02-10,2.686,1196.5,34464.0
2022-02-11,2.747,1198.5,34143.0
2022-02-14,2.714,1191.1,33685.0
2022-02-15,2.71,1199.8,33479.0
2022-02-16,2.702,1197.6,34084.0
2022-02-17,2.708,1197.1,34304.0
2022-02-18,2.728,1195.9,34175.0
2022-02-21,2.77,1192.1,34198.0
2022-02-22,2.717,1192.7,33703.0
2022-02-23,2.722,1193.6,33822.0
2022-02-24,2.624,1202.4,32938.0
2022-02-25,2.671,1201.6,33309.0
2022-02-28,2.675,1202.3,33561.0
2022-03-02,2.613,1206.1,33424.0
2022-03-03,2.648,1204.6,34061.0
2022-03-04,2.658,1214.2,33534.0
2022-03-07,2.707,1227.1,32782.0
2022-03-08,2.722,1237.0,32355.0
2022-03-10,2.726,1228.3,33025.0
2022-03-11,2.7,1232.0,32901.0
2022-03-14,2.739,1242.3,32841.0
2022-03-15,2.753,1242.8,32557.0
2022-03-16,2.768,1235.7,33043.0
2022-03-17,2.704,1214.3,33543.0
2022-03-18,2.737,1207.6,33616.0
2022-03-21,2.741,1216.3,33272.0
2022-03-22,2.832,1218.1,33575.0
2022-03-23,2.828,1213.8,33868.0
2022-03-24,2.856,1218.8,33712.0
2022-03-25,2.871,1218.8,33575.0
2022-03-28,3.031,1227.3,33598.0
2022-03-29,2.972,1219.8,33772.0
2022-03-30,2.885,1209.6,33891.0
2022-03-31,2.969,1212.1,33997.0
2022-04-01,3.007,1215.5,33735.0
2022-04-04,3.065,1214.4,33896.0
2022-04-05,3.08,1212.7,33864.0
2022-04-06,3.129,1218.3,33515.0
2022-04-07,3.128,1219.5,33075.0
2022-04-08,3.169,1225.1,33098.0
2022-04-11,3.305,1233.1,33098.0
2022-04-12,3.313,1236.2,32786.0
2022-04-13,3.287,1228.0,33410.0
2022-04-14,3.22,1224.7,33222.0
2022-04-15,3.301,1229.6,32828.0
2022-04-18,3.355,1234.4,32855.0
2022-04-19,3.35,1236.9,33240.0
2022-04-20,3.313,1236.1,33213.0
2022-04-21,3.296,1239.0,33359.0
2022-04-22,3.314,1239.1,32993.0
2022-04-25,3.188,1249.9,32465.0
2022-04-26,3.19,1250.8,32603.0
2022-04-27,3.185,1265.2,32218.0
2022-04-28,3.166,1272.5,32539.0
2022-04-29,3.242,1255.9,33027.0
2022-05-02,3.38,1265.1,32901.0
2022-05-03,3.406,1267.8,32822.0
2022-05-04,3.434,1266.3,32901.0
2022-05-06,3.431,1272.7,32446.0
2022-05-09,3.414,1274.0,32139.0
2022-05-10,3.403,1276.4,31971.0
2022-05-11,3.269,1275.5,31967.0
2022-05-12,3.169,1288.6,31441.0
2022-05-13,3.221,1284.2,32185.0
2022-05-16,3.277,1284.1,32060.0
2022-05-17,3.287,1275.0,32371.0
2022-05-18,3.32,1266.6,32432.0
2022-05-19,3.307,1277.7,31967.0
2022-05-20,3.245,1268.1,32539.0
2022-05-23,3.258,1264.1,32646.0
2022-05-24,3.214,1266.2,32041.0
2022-05-25,3.177,1264.6,32176.0
2022-05-26,3.238,1267.0,32069.0
2022-05-27,3.212,1256.2,32409.0
2022-05-30,3.211,1238.6,32832.0
2022-05-31,3.326,1237.2,32962.0
2022-06-02,3.421,1252.1,32604.0
2022-06-03,3.405,1242.7,32785.0
2022-06-07,3.538,1257.7,32176.0
2022-06-08,3.472,1253.8,32246.0
2022-06-09,3.471,1256.9,32148.0
2022-06-10,3.495,1268.9,31818.0
2022-06-13,3.654,1284.0,30693.0
2022-06-14,3.691,1286.4,30572.0
2022-06-15,3.795,1290.5,30028.0
2022-06-16,3.767,1285.6,30009.0
2022-06-17,3.795,1287.3,29786.0
2022-06-20,3.784,1292.4,29307.0
2022-06-21,3.775,1293.6,29474.0
2022-06-22,3.682,1297.3,28730.0
2022-06-23,3.726,1301.8,28498.0
2022-06-24,3.635,1298.2,29097.0
2022-06-27,3.72,1286.5,29469.0
2022-06-28,3.68,1283.4,29697.0
2022-06-29,3.667,1299.0,29200.0
2022-06-30,3.636,1298.4,28716.0
2022-07-01,3.49,1297.3,28423.0
2022-07-04,3.489,1297.1,28432.0
2022-07-05,3.379,1300.3,28884.0
2022-07-06,3.295,1306.3,28228.0
2022-07-07,3.307,1299.8,28795.0
2022-07-08,3.36,1300.4,28953.0
2022-07-11,3.385,1303.9,28791.0
2022-07-12,3.349,1312.1,28516.0
2022-07-13,3.301,1306.9,28665.0
2022-07-14,3.295,1312.1,28563.0
2022-07-15,3.242,1326.1,28735.0
2022-07-18,3.27,1317.4,29372.0
2022-07-19,3.253,1313.4,29274.0
2022-07-20,3.36,1312.9,29493.0
2022-07-21,3.374,1307.7,29814.0
2022-07-22,3.302,1313.0,29628.0
2022-07-25,3.211,1313.7,29744.0
2022-07-26,3.183,1307.6,29851.0
2022-07-27,3.121,1313.3,29860.0
2022-07-28,3.201,1296.1,30056.0
2022-07-29,3.127,1299.1,30186.0
2022-08-01,3.184,1304.0,30172.0
2022-08-02,3.088,1304.7,30009.0
2022-08-03,3.131,1310.3,30219.0
2022-08-04,3.152,1310.1,30373.0
2022-08-05,3.124,1298.3,30573.0
2022-08-08,3.177,1306.4,30517.0
2022-08-09,3.166,1304.6,30615.0
2022-08-10,3.207,1310.4,30256.0
2022-08-11,3.219,1303.0,30760.0
2022-08-12,3.282,1302.4,30876.0
2022-08-16,3.156,1308.1,30955.0
2022-08-17,3.188,1310.3,30797.0
2022-08-18,3.221,1320.7,30680.0
2022-08-19,3.31,1325.9,30503.0
2022-08-22,3.342,1339.8,30107.0
2022-08-23,3.361,1345.5,29730.0
2022-08-24,3.433,1342.1,29851.0
2022-08-25,3.593,1335.2,30200.0
2022-08-26,3.616,1331.3,30219.0
2022-08-29,3.715,1350.4,29492.0
2022-08-30,3.695,1346.7,29814.0
2022-08-31,3.721,1337.6,30042.0
2022-09-01,3.805,1354.9,29361.0
2022-09-02,3.738,1362.6,29198.0
2022-09-05,3.67,1371.4,29198.0
2022-09-06,3.712,1371.7,29198.0
2022-09-07,3.736,1384.2,28774.0
2022-09-08,3.622,1380.8,28830.0
2022-09-13,3.62,1373.6,29739.0
2022-09-14,3.651,1390.9,29152.0
2022-09-15,3.791,1393.7,28989.0
2022-09-16,3.772,1388.0,28784.0
2022-09-19,3.794,1393.6,28578.0
2022-09-20,3.836,1389.5,28676.0
2022-09-21,3.891,1394.2,28411.0
2022-09-22,3.997,1409.7,28103.0
2022-09-23,4.112,1409.3,27758.0
2022-09-26,4.335,1431.3,27078.0
2022-09-27,4.208,1421.5,27129.0
2022-09-28,4.332,1439.9,26463.0
2022-09-29,4.229,1438.9,26472.0
2022-09-30,4.096,1430.2,26355.0
2022-10-04,4.006,1426.5,26994.0
2022-10-05,4.102,1410.1,26999.0
2022-10-06,4.102,1402.4,27297.0
2022-10-07,4.214,1412.4,27194.0
2022-10-11,4.306,1435.2,26640.0
2022-10-12,4.11,1424.9,26868.0
2022-10-13,4.239,1431.3,26439.0
2022-10-14,4.181,1428.5,27082.0
2022-10-17,4.215,1435.3,27101.0
2022-10-18,4.277,1422.7,27451.0
2022-10-19,4.396,1426.2,27227.0
2022-10-20,4.439,1433.3,26961.0
2022-10-21,4.632,1439.8,27017.0
2022-10-24,4.503,1439.7,27269.0
2022-10-25,4.346,1433.1,27311.0
2022-10-26,4.279,1426.6,27497.0
2022-10-27,4.313,1417.0,27977.0
2022-10-28,4.167,1421.5,27617.0
2022-10-31,4.242,1424.3,28029.0
2022-11-01,4.135,1417.2,28454.0
2022-11-02,4.143,1417.4,28403.0
2022-11-03,4.197,1423.8,28244.0
2022-11-04,4.182,1419.2,28492.0
2022-11-07,4.258,1401.2,28796.0
2022-11-08,4.236,1384.9,29212.0
2022-11-09,4.177,1364.8,29502.0
2022-11-10,4.07,1377.5,29132.0
2022-11-11,3.894,1318.4,30302.0
2022-11-14,3.928,1325.9,30110.0
2022-11-15,3.861,1317.6,30194.0
2022-11-16,3.896,1325.0,30138.0
2022-11-17,3.853,1339.1,29740.0
2022-11-18,3.801,1340.3,29675.0
2022-11-21,3.764,1354.7,29446.0
2022-11-22,3.773,1356.6,29235.0
2022-11-23,3.774,1351.8,29432.0
2022-11-24,3.622,1328.2,29708.0
2022-11-25,3.623,1323.7,29586.0
2022-11-28,3.606,1340.2,29226.0
2022-11-29,3.673,1326.6,29558.0
2022-11-30,3.667,1318.8,30002.0
2022-12-01,3.663,1299.7,30180.0
2022-12-02,3.583,1299.9,29507.0
2022-12-05,3.549,1292.6,29413.0
2022-12-06,3.504,1318.8,29039.0
2022-12-07,3.523,1321.7,28875.0
2022-12-08,3.53,1318.0,28875.0
2022-12-09,3.491,1301.3,29212.0
2022-12-12,3.448,1307.2,29030.0
2022-12-13,3.469,1306.0,29006.0
2022-12-14,3.406,1296.3,29334.0
2022-12-15,3.38,1303.1,28847.0
2022-12-16,3.36,1305.4,28712.0
2022-12-19,3.395,1302.9,28716.0
2022-12-20,3.603,1289.6,28478.0
2022-12-21,3.566,1285.7,28408.0
2022-12-22,3.495,1276.2,28777.0
2022-12-23,3.552,1280.8,28281.0
2022-12-26,3.639,1274.8,28323.0
2022-12-27,3.611,1271.4,28524.0
2022-12-28,3.673,1267.0,28188.0
2022-12-29,3.726,1264.5,27683.0
2022-12-30,3.73,,
2023-01-02,3.811,1272.6,27519.0
2023-01-03,3.661,1271.0,27519.0
2023-01-04,3.597,1271.7,28099.0
2023-01-05,3.571,1269.4,28323.0
2023-01-06,3.573,1268.6,28627.0
2023-01-09,3.477,1243.5,29399.0
2023-01-10,3.462,1244.7,29436.0
2023-01-11,3.417,1246.2,29488.0
2023-01-12,3.412,1245.8,29572.0
2023-01-13,3.3,1241.3,29787.0
2023-01-16,3.383,1235.3,30026.0
2023-01-17,3.444,1238.7,29787.0
2023-01-18,3.337,1237.4,29595.0
2023-01-19,3.222,1232.1,29778.0
2023-01-20,3.279,1235.5,29974.0
2023-01-25,3.229,1231.7,30447.0
2023-01-26,3.231,1230.7,30868.0
2023-01-27,3.283,1231.3,31111.0
2023-01-30,3.238,1227.4,30619.0
2023-01-31,3.297,1231.9,30145.0
2023-02-01,3.239,1231.3,30473.0
2023-02-02,3.207,1220.3,30801.0
2023-02-03,3.148,1229.4,30928.0
2023-02-06,3.283,1252.8,30225.0
2023-02-07,3.297,1255.3,30412.0
2023-02-08,3.32,1260.1,30886.0
2023-02-09,3.362,1260.4,30787.0
2023-02-10,3.365,1265.2,30708.0
2023-02-13,3.43,1277.3,30525.0
2023-02-14,3.398,1269.4,30708.0
2023-02-15,3.471,1282.2,30126.0
2023-02-16,3.476,1284.8,30726.0
2023-02-17,3.626,1299.5,30455.0
2023-02-20,3.641,1294.5,30558.0
2023-02-21,3.6,1295.9,30515.0
2023-02-22,3.639,1304.9,29986.0
2023-02-23,3.595,1297.1,30365.0
2023-02-24,3.525,1304.8,30094.0
2023-02-27,3.619,1323.0,29826.0
2023-02-28,3.753,1322.6,29911.0
2023-03-02,3.84,1315.3,29986.0
2023-03-03,3.776,1301.6,30051.0
2023-03-06,3.731,1296.9,30473.0
2023-03-07,3.661,1299.4,30314.0
2023-03-08,3.72,1321.4,29883.0
2023-03-09,3.739,1322.2,29789.0
2023-03-10,3.584,1324.2,29465.0
2023-03-13,3.405,1301.8,29705.0
2023-03-14,3.337,1311.1,29011.0
2023-03-15,3.418,1303.7,29376.0
2023-03-16,3.394,1313.0,29269.0
2023-03-17,3.406,1302.2,29606.0
2023-03-20,3.304,1310.5,29390.0
2023-03-21,3.304,1311.2,29465.0
2023-03-22,3.287,1307.7,29836.0
2023-03-23,3.266,1278.3,29925.0
2023-03-24,3.21,1294.3,29822.0
2023-03-27,3.258,1301.5,29686.0
2023-03-28,3.281,1298.8,30033.0
2023-03-29,3.28,1302.7,30080.0
2023-03-30,3.305,1299.0,30290.0
2023-03-31,3.34,1301.9,30647.0
2023-04-03,3.389,1316.5,30492.0
2023-04-04,3.316,1315.8,30633.0
2023-04-05,3.326,1310.5,30806.0
2023-04-06,3.278,1319.1,30258.0
2023-04-07,3.289,1316.7,30773.0
2023-04-10,3.236,1319.7,31069.0
2023-04-11,3.255,1322.2,31476.0
2023-04-12,3.262,1325.7,31575.0
2023-04-13,3.273,1310.4,31636.0
2023-04-14,3.286,1298.9,31748.0
2023-04-17,3.349,1311.1,31758.0
2023-04-18,3.352,1318.6,31711.0
2023-04-19,3.37,1325.7,31734.0
2023-04-20,3.409,1322.8,31640.0
2023-04-21,3.343,1328.2,31481.0
2023-04-24,3.306,1334.8,31265.0
2023-04-25,3.323,1332.2,30872.0
2023-04-26,3.309,1336.3,30839.0
2023-04-27,3.342,1338.0,30943.0
2023-04-28,3.36,1337.7,31005.0
2023-05-02,3.372,1342.1,31343.0
2023-05-03,3.324,1338.2,31062.0
2023-05-04,3.278,1322.8,30943.0
2023-05-08,3.31,1321.4,31333.0
2023-05-09,3.318,1323.9,31238.0
2023-05-10,3.341,1324.8,31043.0
2023-05-11,3.292,1326.3,30958.0
2023-05-12,3.274,1334.5,30810.0
2023-05-15,3.332,1337.0,30896.0
2023-05-16,3.303,1338.6,30981.0
2023-05-17,3.319,1337.2,31081.0
2023-05-18,3.367,1334.2,31381.0
2023-05-19,3.419,1326.7,31823.0
2023-05-22,3.398,1318.1,32027.0
2023-05-23,3.473,1312.7,32122.0
2023-05-24,3.502,1317.4,32003.0
2023-05-25,3.597,1326.0,31975.0
2023-05-26,3.639,1324.5,32084.0
2023-05-30,3.651,1324.9,32516.0
2023-05-31,3.532,1327.2,32283.0
2023-06-01,3.549,1321.6,32179.0
2023-06-02,3.495,1305.7,32592.0
2023-06-05,3.561,1308.1,32687.0
2023-06-07,3.522,1303.8,32616.0
2023-06-08,3.632,1303.7,32573.0
2023-06-09,3.613,1291.5,33006.0
2023-06-12,3.576,1288.3,32792.0
2023-06-13,3.578,1271.4,32949.0
2023-06-14,3.635,1278.5,32787.0
2023-06-15,3.685,1280.5,32673.0
2023-06-16,3.657,1271.9,32830.0
2023-06-19,3.633,1282.0,32649.0
2023-06-20,3.642,1280.3,32592.0
2023-06-21,3.621,1292.0,32288.0
2023-06-22,3.647,1294.9,32369.0
2023-06-23,3.663,1304.2,32212.0
2023-06-26,3.611,1306.3,32374.0
2023-06-27,3.603,1300.3,32359.0
2023-06-28,3.611,1307.3,32184.0
2023-06-29,3.626,1317.6,32179.0
2023-06-30,3.675,1317.7,32274.0
2023-07-03,3.607,1308.0,32778.0
2023-07-04,3.623,1301.4,32649.0
2023-07-05,3.644,1298.6,32340.0
2023-07-06,3.713,1300.9,32093.0
2023-07-07,3.761,1305.0,31637.0
2023-07-10,3.863,1306.5,31585.0
2023-07-11,3.758,1293.7,32165.0
2023-07-12,3.756,1288.7,32374.0
2023-07-13,3.657,1274.0,32630.0
2023-07-14,3.685,1265.8,33125.0
2023-07-17,3.66,1266.6,32996.0
2023-07-18,3.651,1260.4,32782.0
2023-07-19,3.575,1265.6,32744.0
2023-07-20,3.606,1269.9,32645.0
2023-07-21,3.636,1283.4,32678.0
2023-07-24,3.64,1279.9,32892.0
2023-07-25,3.684,1275.4,32949.0
2023-07-26,3.658,1274.5,32521.0
2023-07-27,3.637,1277.7,32915.0
2023-07-28,3.728,1277.0,32839.0
2023-07-31,3.761,1274.6,32987.0
2023-08-01,3.727,1283.8,33530.0
2023-08-02,3.793,1298.5,32801.0
2023-08-03,3.861,1299.1,32582.0
2023-08-04,3.876,1309.8,32587.0
2023-08-07,3.814,1306.2,32506.0
2023-08-08,3.74,1315.7,32234.0
2023-08-09,3.774,1315.7,32587.0
2023-08-10,3.786,1316.0,32482.0
2023-08-11,3.824,1324.9,32377.0
2023-08-14,3.889,1330.9,32087.0
2023-08-16,3.867,1336.9,31606.0
2023-08-17,3.976,1342.0,31511.0
2023-08-18,3.914,1338.3,31344.0
2023-08-21,3.973,1342.6,31368.0
2023-08-22,3.986,1335.5,31492.0
2023-08-23,3.92,1339.7,31425.0
2023-08-24,3.878,1322.6,31853.0
2023-08-25,3.935,1325.2,31506.0
2023-08-28,3.872,1323.4,31720.0
2023-08-29,3.844,1321.9,31868.0
2023-08-30,3.85,1323.4,31963.0
2023-08-31,3.821,1321.8,31977.0
2023-09-01,3.778,1318.8,32296.0
2023-09-04,3.856,1319.8,32501.0
2023-09-05,3.886,1330.6,32468.0
2023-09-06,3.893,1330.5,32239.0
2023-09-07,3.969,1335.4,32077.0
2023-09-08,3.895,1333.4,32125.0
2023-09-11,3.961,1331.1,32215.0
2023-09-12,3.965,1327.8,32049.0
2023-09-13,3.949,1330.0,32073.0
2023-09-14,3.917,1325.7,32525.0
2023-09-15,3.928,1325.9,32949.0
2023-09-18,3.982,1324.4,32554.0
2023-09-19,3.952,1328.5,32306.0
2023-09-20,3.963,1330.1,32301.0
2023-09-21,4.031,1339.7,31734.0
2023-09-22,4.001,1336.8,31620.0
2023-09-25,4.012,1336.5,31649.0
2023-09-26,4.054,1348.5,31234.0
2023-09-27,4.03,1349.3,31311.0
2023-10-04,4.351,1363.5,30482.0
2023-10-05,4.322,1350.5,30492.0
2023-10-06,4.24,1349.9,30549.0
2023-10-10,4.219,1349.5,30620.0
2023-10-11,4.142,1338.7,31134.0
2023-10-12,4.101,1338.5,31487.0
2023-10-13,4.169,1350.0,31211.0
2023-10-16,4.191,1353.7,30972.0
2023-10-17,4.224,1353.6,31353.0
2023-10-18,4.287,1349.6,31487.0
2023-10-19,4.362,1357.4,30887.0
2023-10-20,4.327,1352.4,30420.0
2023-10-23,4.374,1353.7,30258.0
2023-10-24,4.269,1343.1,30492.0
2023-10-25,4.281,1349.7,30325.0
2023-10-26,4.392,1360.0,29549.0
2023-10-27,4.28,1355.9,29577.0
2023-10-30,4.312,1350.9,29658.0
2023-10-31,4.325,1350.5,29295.0
2023-11-01,4.288,1357.3,29701.0
2023-11-02,4.168,1342.9,30194.0
2023-11-03,4.105,1322.4,30499.0
2023-11-06,4.056,1297.3,31928.0
2023-11-07,4.055,1307.9,31350.0
2023-11-08,4.022,1310.6,31058.0
2023-11-09,3.945,1310.1,31206.0
2023-11-10,3.969,1316.8,31030.0
2023-11-13,4.005,1325.1,31006.0
2023-11-14,3.98,1328.9,31326.0
2023-11-15,3.815,1300.8,32004.0
2023-11-16,3.799,1296.9,31980.0
2023-11-17,3.796,1296.9,31818.0
2023-11-20,3.755,1291.6,32071.0
2023-11-21,3.726,1289.2,32224.0
2023-11-22,3.762,1300.5,32281.0
2023-11-23,3.712,1297.5,32286.0
2023-11-24,3.779,1306.4,32033.0
2023-11-27,3.767,1303.8,31995.0
2023-11-28,3.726,1293.7,32362.0
2023-11-29,3.641,1289.6,32257.0
2023-11-30,3.699,1290.0,32444.0
2023-12-01,3.699,1305.8,32076.0
2023-12-04,3.626,1304.0,32238.0
2023-12-05,3.579,1311.2,31885.0
2023-12-06,3.533,1313.1,31990.0
2023-12-07,3.576,1325.3,31866.0
2023-12-08,3.534,1306.8,32329.0
2023-12-11,3.566,1316.5,32439.0
2023-12-12,3.527,1314.0,32573.0
2023-12-13,3.525,1319.9,32257.0
2023-12-14,3.332,1295.4,32649.0
2023-12-15,3.358,1296.5,32835.0
2023-12-18,3.336,1297.2,32941.0
2023-12-19,3.328,1307.8,32969.0
2023-12-20,3.28,1298.9,33605.0
2023-12-21,3.297,1305.1,33385.0
2023-12-22,3.301,1303.0,33490.0
2023-12-26,3.271,1294.5,33628.0
2023-12-27,3.26,1294.2,34001.0
2023-12-28,3.183,1288.0,34560.0
2023-12-29,3.183,1288.0,
2024-01-02,3.306,1300.4,34770.0
2024-01-03,3.338,1304.8,33805.0
2024-01-04,3.288,1310.0,33509.0
2024-01-05,3.344,1315.4,33414.0
2024-01-08,3.344,1316.0,33304.0
2024-01-09,3.323,1315.7,33179.0
2024-01-10,3.346,1320.1,32816.0
2024-01-11,3.307,1312.9,32869.0
2024-01-12,3.306,1313.5,32554.0
2024-01-15,3.293,1320.2,32692.0
2024-01-16,3.322,1331.8,32243.0
2024-01-17,3.369,1344.2,31455.0
2024-01-18,3.38,1339.7,31603.0
2024-01-19,3.422,1339.0,32076.0
2024-01-22,3.372,1338.9,32109.0
2024-01-23,3.372,1333.4,32276.0
2024-01-24,3.4,1337.0,32152.0
2024-01-25,3.419,1335.8,32190.0
2024-01-26,3.386,1336.3,32248.0
2024-01-29,3.436,1335.7,32630.0
2024-01-30,3.35,1329.4,32573.0
2024-01-31,3.345,1334.6,32414.0
2024-02-01,3.339,1331.8,32970.0
2024-02-02,3.287,1322.6,34034.0
2024-02-05,3.374,1330.8,33622.0
2024-02-06,3.382,1327.6,33492.0
2024-02-07,3.378,1327.8,33967.0
2024-02-08,3.4,1328.2,34005.0
2024-02-13,3.453,1328.1,34422.0
2024-02-14,3.502,1335.4,33952.0
2024-02-15,3.477,1334.0,33904.0
2024-02-16,3.482,1335.4,34244.0
2024-02-19,3.467,1335.2,34781.0
2024-02-20,3.489,1337.6,34374.0
2024-02-21,3.474,1334.7,34297.0
2024-02-22,3.424,1328.7,34474.0
2024-02-23,3.468,1331.0,34580.0
2024-02-26,3.402,1331.1,34302.0
2024-02-27,3.43,1331.0,34010.0
2024-02-28,3.442,1333.6,34427.0
2024-02-29,3.475,1331.5,34336.0
2024-03-04,3.434,1331.3,34829.0
2024-03-05,3.409,1334.5,34551.0
2024-03-06,3.381,1334.5,34427.0
2024-03-07,3.399,1330.9,34451.0
2024-03-08,3.334,1319.8,34954.0
2024-03-11,3.342,1310.3,34661.0
2024-03-12,3.335,1311.0,34958.0
2024-03-13,3.331,1314.5,35121.0
2024-03-14,3.354,1317.6,35437.0
2024-03-15,3.41,1330.5,34771.0
2024-03-18,3.435,1333.7,34992.0
2024-03-19,3.472,1339.8,34575.0
2024-03-20,3.451,1339.8,35183.0
2024-03-21,3.411,1322.4,36137.0
2024-03-22,3.362,1338.4,36031.0
2024-03-25,3.37,1342.1,35888.0
2024-03-26,3.397,1339.5,36242.0
2024-03-27,3.373,1348.7,36261.0
2024-03-28,3.377,1346.2,36242.0
2024-03-29,3.413,1347.2,36362.0
2024-04-01,3.381,1349.4,36386.0
2024-04-02,3.425,1352.1,36487.0
2024-04-03,3.452,1348.9,35936.0
2024-04-04,3.457,1347.1,36448.0
2024-04-05,3.433,1352.8,36075.0
2024-04-08,3.488,1353.2,36228.0
2024-04-09,3.503,1354.9,36003.0
2024-04-11,3.585,1364.1,35988.0
2024-04-12,3.538,1375.4,35639.0
2024-04-15,3.561,1384.0,35481.0
2024-04-16,3.618,1394.5,34661.0
2024-04-17,3.632,1386.8,34283.0
2024-04-18,3.562,1372.9,34882.0
2024-04-19,3.583,1382.2,34225.0
2024-04-22,3.65,1379.2,34685.0
2024-04-23,3.625,1378.3,34647.0
2024-04-24,3.645,1369.2,35284.0
2024-04-25,3.707,1375.0,34676.0
2024-04-26,3.694,1375.3,35073.0
2024-04-29,3.704,1377.0,35418.0
2024-04-30,3.656,1382.0,35544.0
2024-05-02,3.638,1375.9,35413.0
2024-05-03,3.614,1362.8,35384.0
2024-05-07,3.536,1360.1,36203.0
2024-05-08,3.53,1361.5,36329.0
2024-05-09,3.556,1370.1,35922.0
2024-05-10,3.538,1368.1,36106.0
2024-05-13,3.554,1368.2,36038.0
2024-05-14,3.546,1369.1,36111.0
2024-05-16,3.458,1345.0,36455.0
2024-05-17,3.454,1354.9,36029.0
2024-05-20,3.497,1355.9,36329.0
2024-05-21,3.491,1363.3,36140.0
2024-05-22,3.478,1362.9,36140.0
2024-05-23,3.472,1362.4,36140.0
2024-05-24,3.515,1369.5,35578.0
2024-05-27,3.498,1363.8,36072.0
2024-05-28,3.481,1358.5,36111.0
2024-05-29,3.536,1365.0,35582.0
2024-05-30,3.564,1379.4,34938.0
2024-05-31,3.578,1384.5,34923.0
2024-06-03,3.532,1376.1,35553.0
2024-06-04,3.47,1376.0,35292.0
2024-06-05,3.43,1373.0,35645.0
2024-06-07,3.385,1365.3,36116.0
2024-06-10,3.433,1376.0,35801.0
2024-06-11,3.425,1378.4,35835.0
2024-06-12,3.382,1376.2,36150.0
2024-06-13,3.345,1373.9,36397.0
2024-06-14,3.302,1379.3,36518.0
2024-06-17,3.283,1381.2,36320.0
2024-06-18,3.279,1381.1,36703.0
2024-06-19,3.231,1381.8,37251.0
2024-06-20,3.269,1384.7,37396.0
2024-06-21,3.255,1388.3,37076.0
2024-06-24,3.264,1389.0,36795.0
2024-06-25,3.271,1387.5,36901.0
2024-06-26,3.278,1388.7,37207.0
2024-06-27,3.3,1385.8,37163.0
2024-06-28,3.266,1376.7,37381.0
2024-07-01,3.312,1379.3,37454.0
2024-07-02,3.289,1388.2,37187.0
2024-07-03,3.274,1390.6,37343.0
2024-07-04,3.234,1380.4,37842.0
2024-07-05,3.227,1380.3,38540.0
2024-07-08,3.212,1383.3,38414.0
2024-07-09,3.191,1381.6,38550.0
2024-07-10,3.198,1384.7,38536.0
2024-07-11,3.234,1378.8,38773.0
2024-07-12,3.177,1379.6,38240.0
2024-07-15,3.177,1382.8,38482.0
2024-07-16,3.137,1384.9,38506.0
2024-07-17,3.139,1381.5,38186.0
2024-07-18,3.138,1381.7,37905.0
2024-07-19,3.156,1386.7,37459.0
2024-07-22,3.145,1388.2,37086.0
2024-07-23,3.171,1386.2,37192.0
2024-07-24,3.131,1383.8,36974.0
2024-07-25,3.128,1385.4,36300.0
2024-07-26,3.108,1385.8,36494.0
2024-07-29,3.046,1381.9,36930.0
2024-07-30,3.052,1385.3,36585.0
2024-07-31,3.064,1376.5,37120.0
2024-08-01,3.01,1366.2,37150.0
2024-08-02,2.976,1371.2,35655.0
2024-08-05,2.878,1374.8,32384.0
2024-08-06,2.993,1375.6,33279.0
2024-08-07,3.001,1376.8,34039.0
2024-08-08,2.997,1377.2,33786.0
2024-08-09,3.012,1364.6,34248.0
2024-08-12,3.0,1372.0,34642.0
2024-08-13,2.974,1370.4,34759.0
2024-08-14,2.945,1360.6,35085.0
2024-08-16,2.973,1357.6,35918.0
2024-08-19,2.985,1334.0,35601.0
2024-08-20,2.999,1333.2,35957.0
2024-08-21,2.997,1336.6,35908.0
2024-08-22,2.98,1334.7,35962.0
2024-08-23,3.005,1338.8,35937.0
2024-08-26,2.974,1326.8,35748.0
2024-08-27,3.073,1331.0,35567.0
2024-08-28,3.054,1339.0,35631.0
2024-08-29,3.075,1333.2,35158.0
2024-08-30,3.088,1336.0,35343.0
2024-09-02,3.121,1338.4,35305.0
2024-09-03,3.12,1341.4,35008.0
2024-09-04,3.052,1342.2,33790.0
2024-09-05,3.03,1335.9,33737.0
2024-09-06,2.99,1327.6,33435.0
2024-09-09,3.032,1339.8,33211.0
2024-09-10,3.01,1343.7,33070.0
2024-09-11,2.943,1339.0,32758.0
2024-09-12,2.97,1338.7,33508.0
2024-09-13,2.928,1329.5,33581.0
2024-09-19,2.979,1329.0,33523.0
2024-09-20,2.989,1329.1,33605.0
2024-09-23,3.022,1335.9,33708.0
2024-09-24,3.026,1334.9,34112.0
2024-09-25,2.997,1331.0,33610.0
2024-09-26,3.001,1327.2,34740.0
2024-09-27,3.0,1318.6,34599.0
2024-09-30,2.992,1307.8,33805.0
2024-10-02,2.932,1319.3,33450.0
2024-10-04,2.996,1333.7,33435.0
2024-10-07,3.101,1346.7,33966.0
2024-10-08,3.077,1349.7,33708.0
2024-10-10,3.088,1350.2,33771.0
2024-10-11,3.085,1349.5,33815.0
2024-10-14,3.087,1355.9,34214.0
2024-10-15,3.05,1361.3,34336.0
2024-10-16,3.008,1362.6,34024.0
2024-10-17,3.028,1368.6,34102.0
2024-10-18,3.072,1369.7,33902.0
2024-10-21,3.054,1375.2,34000.0
2024-10-22,3.13,1380.1,33503.0
2024-10-23,3.128,1382.2,33937.0
2024-10-24,3.074,1380.2,33654.0
2024-10-25,3.054,1388.7,33679.0
2024-10-28,3.117,1385.0,33985.0
2024-10-29,3.118,1386.5,34073.0
2024-10-30,3.105,1382.4,33746.0
2024-10-31,3.1,1379.9,33301.0
2024-11-01,3.09,1379.4,33067.0
2024-11-04,3.096,1370.9,33619.0
2024-11-05,3.073,1378.6,33428.0
2024-11-06,3.134,1396.2,33350.0
2024-11-07,3.098,1396.6,33335.0
2024-11-08,3.049,1386.4,33296.0
2024-11-11,3.038,1394.7,32759.0
2024-11-12,3.014,1403.5,32075.0
2024-11-13,3.067,1406.6,31254.0
2024-11-14,3.074,1405.1,31122.0
2024-11-15,3.084,1398.8,31347.0
2024-11-18,3.063,1395.2,32075.0
2024-11-19,3.036,1390.9,32187.0
2024-11-20,3.017,1390.9,32251.0
2024-11-21,2.978,1397.5,32290.0
2024-11-22,2.976,1401.8,32578.0
2024-11-25,2.92,1402.2,32959.0
2024-11-26,2.903,1398.2,32856.0
2024-11-27,2.88,1397.0,32602.0
2024-11-28,2.788,1395.6,32505.0
2024-11-29,2.751,1394.7,31889.0
2024-12-02,2.697,1401.3,31948.0
2024-12-03,2.713,1402.9,32417.0
2024-12-04,2.765,1410.1,31977.0
2024-12-05,2.738,1415.1,31752.0
2024-12-06,2.744,1419.2,31591.0
2024-12-09,2.677,1437.0,30805.0
2024-12-10,2.645,1426.9,31430.0
2024-12-11,2.692,1432.2,31757.0
2024-12-12,2.7,1431.9,32212.0
2024-12-13,2.676,1433.0,32358.0
2024-12-16,2.721,1435.0,32241.0
2024-12-17,2.79,1438.9,31870.0
2024-12-18,2.738,1435.5,32319.0
2024-12-19,2.814,1451.9,31586.0
2024-12-20,2.873,1451.4,31132.0
2024-12-23,2.844,1452.0,31655.0
2024-12-24,2.876,1456.4,31679.0
2024-12-26,2.904,1464.8,31494.0
2024-12-27,2.876,1467.5,31406.0
2024-12-30,2.855,1472.5,31323.0
2024-12-31,2.855,1472.5,
2025-01-02,2.749,1466.6,31254.0
2025-01-03,2.754,1468.4,31879.0
2025-01-06,2.817,1469.7,32563.0
2025-01-07,2.794,1453.5,32573.0
2025-01-08,2.796,1455.0,32886.0
2025-01-09,2.778,1460.5,32910.0
2025-01-10,2.837,1465.0,32861.0
2025-01-13,2.871,1470.8,32427.0
2025-01-14,2.841,1463.2,32568.0
2025-01-15,2.86,1461.2,32519.0
2025-01-16,2.802,1456.7,32983.0
2025-01-17,2.813,1458.3,32915.0
2025-01-20,2.868,1451.7,32861.0
2025-01-21,2.818,1439.5,32891.0
2025-01-22,2.827,1437.6,33267.0
2025-01-23,2.837,1437.3,32910.0
2025-01-24,2.859,1431.3,33106.0
2025-01-31,2.859,1452.7,32783.0
2025-02-03,2.835,1467.2,31886.0
2025-02-04,2.844,1462.9,32283.0
2025-02-05,2.818,1444.3,32665.0
2025-02-06,2.796,1447.7,32994.0
2025-02-07,2.836,1447.8,32778.0
2025-02-10,2.83,1451.2,32846.0
2025-02-11,2.849,1452.6,33106.0
2025-02-12,2.879,1453.4,33150.0
2025-02-13,2.872,1447.5,33518.0
2025-02-14,2.846,1443.5,33685.0
2025-02-17,2.869,1441.7,33930.0
2025-02-18,2.878,1443.7,34180.0
2025-02-19,2.873,1438.5,34876.0
2025-02-20,2.888,1437.9,34572.0
2025-02-21,2.856,1434.3,34611.0
2025-02-24,2.825,1427.4,34395.0
2025-02-25,2.797,1430.4,34214.0
2025-02-26,2.752,1433.1,34385.0
2025-02-27,2.754,1443.0,34248.0
2025-02-28,2.706,1463.4,33111.0
2025-03-04,2.703,1461.8,33028.0
2025-03-05,2.773,1454.5,33278.0
2025-03-06,2.806,1442.4,33606.0
2025-03-07,2.773,1446.8,33449.0
2025-03-10,2.801,1452.3,33528.0
2025-03-11,2.76,1458.2,33150.0
2025-03-12,2.763,1451.0,33675.0
2025-03-13,2.77,1453.8,33513.0
2025-03-14,2.813,1453.8,33699.0
2025-03-17,2.805,1447.9,34356.0
2025-03-18,2.788,1452.9,34439.0
2025-03-19,2.811,1453.4,34733.0
2025-03-20,2.792,1458.9,34969.0
2025-03-21,2.805,1462.7,35135.0
2025-03-24,2.816,1467.7,35013.0
2025-03-25,2.821,1469.2,34851.0
2025-03-26,2.839,1466.3,35145.0
2025-03-27,2.838,1465.3,34714.0
2025-03-28,2.842,1466.5,34155.0
2025-03-31,2.771,1472.9,33194.0
2025-04-01,2.787,1471.9,33670.0
2025-04-02,2.767,1466.6,33503.0
2025-04-03,2.738,1467.0,33087.0
2025-04-04,2.692,1434.1,32793.0
2025-04-07,2.648,1467.8,30925.0
2025-04-08,2.686,1473.2,30911.0
2025-04-09,2.732,1484.1,30396.0
2025-04-10,2.702,1456.4,32268.0
2025-04-11,2.696,1449.9,32170.0
2025-04-14,2.691,1424.1,32376.0
2025-04-15,2.664,1425.5,32695.0
2025-04-16,2.629,1426.7,32185.0
2025-04-17,2.645,1418.9,32503.0
2025-04-18,2.62,1423.3,32724.0
2025-04-21,2.602,1419.1,32768.0
2025-04-22,2.621,1420.6,32660.0
2025-04-23,2.598,1420.6,33248.0
2025-04-24,2.623,1435.0,33190.0
2025-04-25,2.576,1436.5,33498.0
2025-04-28,2.588,1442.6,33523.0
2025-04-29,2.603,1437.3,33751.0
2025-04-30,2.563,1421.0,33682.0
2025-05-02,2.593,1405.3,33711.0
2025-05-07,2.603,1398.0,33999.0
2025-05-08,2.622,1396.6,34014.0
2025-05-09,2.67,1400.0,34009.0
2025-05-12,2.685,1402.4,34491.0
2025-05-13,2.722,1416.0,34570.0
2025-05-14,2.718,1420.2,35031.0
2025-05-15,2.727,1394.5,34773.0
2025-05-16,2.676,1389.6,34902.0
2025-05-19,2.747,1397.8,34510.0
2025-05-20,2.713,1392.4,34580.0
2025-05-21,2.76,1387.2,34798.0
2025-05-22,2.755,1381.3,34352.0
2025-05-23,2.766,1375.6,34381.0
2025-05-26,2.766,1364.4,34927.0
2025-05-27,2.709,1369.5,35036.0
2025-05-28,2.706,1376.5,35513.0
2025-05-29,2.76,1375.9,36218.0
2025-05-30,2.786,1380.1,35870.0
2025-06-02,2.793,1373.1,35855.0
2025-06-04,2.894,1369.5,36863.0
2025-06-05,2.891,1358.4,37508.0
2025-06-09,2.867,1356.4,38158.0
2025-06-10,2.831,1364.3,38381.0
2025-06-11,2.837,1375.0,38833.0
2025-06-12,2.827,1358.7,38902.0
2025-06-13,2.819,1369.6,38575.0
2025-06-16,2.864,1363.8,39280.0
2025-06-17,2.868,1362.7,39384.0
2025-06-18,2.876,1369.4,39716.0
2025-06-19,2.874,1380.2,39781.0
2025-06-20,2.867,1365.6,40337.0
2025-06-23,2.873,1384.3,40297.0
2025-06-24,2.823,1360.2,41627.0
2025-06-25,2.82,1362.4,41756.0
2025-06-26,2.788,1356.9,41379.0
2025-06-27,2.785,1357.4,41126.0
2025-06-30,2.805,1350.0,41389.0
2025-07-01,2.784,1355.9,41508.0
2025-07-02,2.832,1358.7,41349.0
2025-07-03,2.814,1359.4,41989.0
2025-07-04,2.828,1362.3,41180.0
2025-07-07,2.84,1367.8,41245.0
2025-07-08,2.847,1367.9,42009.0
2025-07-09,2.854,1375.0,42133.0
2025-07-10,2.814,1370.0,42679.0
2025-07-11,2.823,1375.4,42704.0
2025-07-14,2.886,1381.2,43101.0
2025-07-15,2.877,1380.2,43384.0
2025-07-16,2.877,1385.7,42977.0
2025-07-17,2.905,1392.6,43061.0
2025-07-18,2.873,1393.0,43016.0
2025-07-21,2.855,1388.2,43364.0
2025-07-22,2.839,1387.8,42768.0
2025-07-23,2.83,1379.8,42922.0
2025-07-24,2.849,1367.2,42877.0
2025-07-25,2.855,1377.9,42987.0
2025-07-28,2.829,1382.0,43210.0
2025-07-29,2.823,1391.0,43503.0
2025-07-30,2.797,1383.1,43876.0
2025-07-31,2.785,1387.0,43772.0
2025-08-01,2.832,1401.4,41993.0
2025-08-04,2.778,1385.2,42476.0
2025-08-05,2.766,1388.3,43054.0
2025-08-06,2.779,1389.5,43029.0
2025-08-07,2.772,1381.2,43398.0
2025-08-08,2.776,1389.6,43293.0
2025-08-11,2.781,1388.0,43303.0
2025-08-12,2.801,1389.9,43164.0
2025-08-13,2.809,1381.7,43607.0
2025-08-14,2.787,1382.0,43568.0
2025-08-18,2.837,1385.0,42910.0
2025-08-19,2.858,1390.9,42606.0
2025-08-20,2.853,1398.4,42352.0
2025-08-21,2.845,1398.4,42456.0
2025-08-22,2.86,1393.2,42810.0
2025-08-25,2.852,1384.7,43333.0
2025-08-26,2.86,1395.8,42925.0
2025-08-27,2.825,1396.3,42995.0
2025-08-28,2.815,1387.6,43214.0
2025-08-29,2.815,1390.1,43049.0
2025-09-01,2.847,1393.7,42327.0
2025-09-02,2.87,1391.0,42775.0
2025-09-03,2.913,1392.3,42990.0
2025-09-04,2.883,1392.5,43149.0
2025-09-05,2.855,1391.0,43323.0
2025-09-08,2.848,1390.6,43493.0
2025-09-09,2.818,1387.9,44086.0
2025-09-10,2.833,1386.6,45012.0
2025-09-11,2.813,1391.8,45306.0
2025-09-12,2.813,1388.2,46223.0
2025-09-15,2.821,1389.0,46497.0
2025-09-16,2.804,1378.9,47255.0
2025-09-17,2.787,1380.1,46677.0
2025-09-18,2.756,1387.8,47494.0
2025-09-19,2.815,1393.6,47319.0
2025-09-22,2.833,1392.6,47783.0
2025-09-23,2.813,1392.6,48166.0
2025-09-24,2.848,1397.5,48017.0
2025-09-25,2.885,1400.6,48032.0
2025-09-26,2.943,1412.4,46881.0
2025-09-29,2.939,1398.7,47598.0
2025-09-30,2.951,1402.9,47469.0
2025-10-01,2.96,1403.2,47967.0
2025-10-02,2.959,1400.0,49397.0
2025-10-10,2.964,1421.0,50653.0
2025-10-13,2.904,1425.8,50189.0
2025-10-14,2.871,1431.0,49681.0
2025-10-15,2.856,1421.3,51061.0
2025-10-16,2.908,1417.9,52402.0
2025-10-17,2.885,1421.2,52551.0
2025-10-20,2.892,1419.2,53513.0
2025-10-21,2.904,1427.8,53627.0
2025-10-22,2.869,1429.8,54235.0
2025-10-23,2.912,1439.6,53662.0
2025-10-24,2.913,1437.1,55062.0
2025-10-27,2.959,1431.7,56577.0
2025-10-28,2.935,1437.7,56014.0
2025-10-29,2.984,1431.7,57185.0
2025-10-30,3.05,1426.5,57385.0
2025-10-31,3.061,1424.4,58084.0
2025-11-03,3.086,1428.8,59867.0
2025-11-04,3.082,1437.9,58219.0
2025-11-05,3.125,1449.4,56605.0
2025-11-06,3.203,1447.7,56915.0
2025-11-07,3.226,1456.9,55886.0
2025-11-10,3.23,1451.4,57594.0
2025-11-11,3.201,1463.3,58134.0
2025-11-12,3.282,1465.7,58738.0
2025-11-13,3.267,1467.7,59008.0
2025-11-14,3.317,1457.0,56451.0
2025-11-17,3.301,1458.0,57654.0
2025-11-18,3.268,1465.3,55741.0
2025-11-19,3.281,1465.6,55352.0
2025-11-20,3.325,1467.9,56541.0
2025-11-21,3.271,1475.6,54168.0
2025-11-24,3.289,1477.1,54153.0
2025-11-25,3.264,1472.4,54548.0
2025-11-26,3.251,1465.6,56021.0
2025-11-27,3.351,1464.9,56416.0
2025-11-28,3.344,1470.6,55592.0
2025-12-01,3.387,1469.9,55517.0
2025-12-02,3.346,1468.4,56615.0
2025-12-03,3.368,1468.0,57235.0
2025-12-04,3.376,1473.5,57090.0
2025-12-05,3.358,1468.8,58179.0
2025-12-08,3.401,1466.9,58958.0
2025-12-09,3.453,1472.3,58643.0
2025-12-10,3.371,1470.4,58618.0
2025-12-11,3.378,1473.0,58139.0
2025-12-12,3.409,1473.7,58933.0
2025-12-15,3.325,1471.0,57594.0
2025-12-16,3.313,1477.0,56341.0
2025-12-17,3.324,1479.8,57430.0
2025-12-18,3.312,1478.3,56760.0
2025-12-19,3.342,1476.3,57060.0
2025-12-22,3.359,1480.1,58364.0
2025-12-23,3.379,1483.6,58533.0
2025-12-24,3.345,1449.8,58548.0
2025-12-26,3.374,1440.3,59048.0
2025-12-29,3.354,1429.8,60656.0
2025-12-30,3.385,1439.0,60831.0
2025-12-31,3.385,,
2026-01-02,3.386,1441.8,62594.0
2026-01-05,3.396,1443.8,64972.0
2026-01-06,3.398,1445.4,66140.0
2026-01-07,3.354,1445.8,66650.0
2026-01-08,3.341,1450.6,66550.0
2026-01-09,3.386,1457.6,67109.0
2026-01-12,3.392,1468.4,67539.0
2026-01-13,3.412,1473.7,68393.0
2026-01-14,3.418,1477.5,68768.0
2026-01-15,3.493,1469.7,69941.0
2026-01-16,3.488,1473.6,70681.0
2026-01-19,3.565,1473.7,71705.0
2026-01-20,3.653,1478.1,71115.0
2026-01-21,3.602,1471.3,71680.0
2026-01-22,3.558,1469.9,72454.0
2026-01-23,3.59,1465.8,72948.0
2026-01-26,3.544,1440.6,72229.0
2026-01-27,3.53,1446.2,74696.0
2026-01-28,3.518,1422.5,76095.0
2026-01-29,3.557,1426.3,77035.0
2026-01-30,3.607,1439.5,77305.0
2026-02-02,3.603,1464.3,72700.0
2026-02-03,3.661,1445.4,78290.0
2026-02-04,3.712,1450.2,79385.0
2026-02-05,3.687,1469.0,76010.0
2026-02-06,3.71,1469.5,75195.0
2026-02-09,3.754,1460.3,78340.0
2026-02-10,3.681,1459.1,78435.0
2026-02-11,3.639,1450.1,79115.0
2026-02-12,3.618,1440.2,81975.0
2026-02-13,3.571,1444.9,81860.0
2026-02-19,3.588,1445.5,84390.0
2026-02-20,3.54,1446.6,86300.0
2026-02-23,3.578,1440.0,86940.0
2026-02-24,3.593,1442.5,89085.0
2026-02-25,3.556,1429.4,90890.0
2026-02-26,3.47,1425.8,95025.0
2026-02-27,3.446,1439.7,94120.0
2026-03-03,3.594,1466.1,86705.0
2026-03-04,3.632,1476.2,75900.0
2026-03-05,3.589,1468.1,83570.0
2026-03-06,3.616,1476.4,83560.0
2026-03-09,3.739,1495.5,78230.0
2026-03-10,3.629,1469.2,82900.0
2026-03-11,3.608,1466.5,83825.0
2026-03-12,3.649,1481.2,83200.0
2026-03-13,3.701,1493.7,81540.0
2026-03-16,3.68,1497.5,82985.0
2026-03-17,3.692,1493.6,84635.0
2026-03-18,3.606,1483.1,89370.0
2026-03-19,3.693,1501.0,86750.0
2026-03-20,3.736,1500.6,86660.0
2026-03-23,3.879,1517.3,81025.0
2026-03-24,3.835,1495.2,83505.0
2026-03-25,3.859,1499.7,84510.0
2026-03-26,3.865,1507.0,81600.0
2026-03-27,3.915,1508.9,81600.0
2026-03-30,3.891,1515.7,81225.0
2026-03-31,3.879,1530.1,75430.0
2026-04-01,3.689,1501.3,82170.0
2026-04-02,3.804,1519.7,78190.0
2026-04-03,3.747,1505.2,80575.0
2026-04-06,3.725,1506.3,81750.0
2026-04-07,3.754,1504.2,82770.0
2026-04-08,3.628,1470.6,89000.0
2026-04-09,3.66,1482.5,87250.0
2026-04-10,3.686,1482.5,88655.0
2026-04-13,3.715,1489.3,87492.0
2026-04-14,3.658,1481.2,90030.0
2026-04-15,3.655,1474.2,92256.0
2026-04-16,3.675,1474.6,94291.0
2026-04-17,3.717,1483.5,93634.0
2026-04-20,3.688,1477.2,94082.0
2026-04-21,3.655,1468.5,96492.0
2026-04-22,3.697,1476.0,96870.0
2026-04-23,3.791,1481.0,97920.0
2026-04-24,3.817,1484.5,97567.0
2026-04-27,3.82,1472.5,99797.0
2026-04-28,3.861,1473.6,100255.0
2026-04-29,3.843,1479.0,101045.0
2026-04-30,3.923,1483.3,99905.0
2026-05-04,3.932,1462.8,105295.0
2026-05-06,3.932,1455.1,113270.0
2026-05-07,3.888,1454.0,115620.0
2026-05-08,3.909,1471.7,115810.0
2026-05-11,3.95,1472.4,121805.0
2026-05-12,4.056,1489.9,119100.0
2026-05-13,4.044,1490.6,122655.0
2026-05-14,4.085,1491.0,124855.0
2026-05-15,4.217,1500.8,117200.0
2026-05-18,4.239,1500.3,117840.0
2026-05-19,4.21,1507.8,114315.0
2026-05-20,4.198,1506.8,113340.0
2026-05-21,4.174,1506.1,123060.0
2026-05-22,4.128,1517.2,123350.0
2026-05-26,4.073,1504.3,126755.0
2026-05-27,4.102,1501.2,130600.0
2026-05-28,4.147,1502.8,129990.0
2026-05-29,4.068,1507.9,134815.0
2026-06-01,4.174,1504.3,141395.0
2026-06-02,4.135,1516.4,141575.0
2026-06-04,4.229,1529.7,138730.0
2026-06-05,4.254,1539.1,131030.0
2026-06-08,4.348,1535.0,119560.0
2026-06-09,4.273,1512.1,130130.0
2026-06-10,4.273,1524.2,123795.0
2026-06-11,4.3,1528.9,123850.0
2026-06-12,4.195,1519.8,129270.0
2026-06-15,4.118,1511.1,136290.0
2026-06-16,4.11,1511.6,139550.0
2026-06-17,4.071,1513.4,142055.0
2026-06-18,4.118,1527.1,146945.0
2026-06-19,4.171,1527.0,146910.0
2026-06-22,4.195,1537.0,148355.0
2026-06-23,4.171,1539.1,132820.0
2026-06-24,4.171,1541.8,138145.0
2026-06-25,4.144,1542.7,145830.0
2026-06-26,4.117,1532.0,137380.0
2026-06-29,4.144,1545.2,136415.0
2026-06-30,4.091,1549.4,138580.0
2026-07-01,4.205,1554.9,134255.0
2026-07-02,4.183,1555.8,123282.0
2026-07-03,4.197,1525.6,130747.0
2026-07-06,4.203,1530.3,129864.0
2026-07-07,4.213,1528.2,123461.0
2026-07-08,4.245,1498.5,116630.0
2026-07-09,4.25,1506.1,117464.0
2026-07-10,4.23,1501.4,120363.0
2026-07-13,4.263,1503.4,108601.0
2026-07-14,4.333,1493.0,109500.0
2026-07-15,4.327,1484.7,116501.0
2026-07-16,4.297,1480.4,108781.0
2026-07-17,,1478.5,
2026-07-20,4.336,1478.4,103886.0
2026-07-21,4.328,1473.4,107923.0
2026-07-22,4.394,1480.1,108097.0
2026-07-23,4.392,1466.8,113003.0
