dt,breadth
2017-03-29,0.47464992757122165
2017-03-30,0.47899565427329793
2017-03-31,0.5084500241429262
2017-04-03,0.540318686624819
2017-04-04,0.525096525096525
2017-04-05,0.5463320463320464
2017-04-06,0.5424710424710425
2017-04-07,0.556949806949807
2017-04-10,0.46476833976833976
2017-04-11,0.47104247104247104
2017-04-12,0.4700772200772201
2017-04-13,0.4985521235521235
2017-04-14,0.4609073359073359
2017-04-17,0.5231660231660231
2017-04-18,0.5482625482625483
2017-04-19,0.5424710424710425
2017-04-20,0.5547515677761699
2017-04-21,0.5655737704918032
2017-04-24,0.5284474445515911
2017-04-25,0.5646094503375121
2017-04-26,0.5819672131147541
2017-04-27,0.5667469879518072
2017-04-28,0.5479518072289157
2017-05-02,0.5277108433734939
2017-05-04,0.5580722891566265
2017-05-08,0.588433734939759
2017-05-10,0.5889156626506024
2017-05-11,0.6004819277108434
2017-05-12,0.5840963855421687
2017-05-15,0.5865060240963855
2017-05-16,0.5566265060240964
2017-05-17,0.5503614457831325
2017-05-18,0.5344578313253012
2017-05-19,0.5595180722891566
2017-05-22,0.5648192771084337
2017-05-23,0.5730120481927711
2017-05-24,0.5910404624277457
2017-05-25,0.5979778526721232
2017-05-26,0.609720885466795
2017-05-29,0.594997594997595
2017-05-30,0.6201923076923077
2017-05-31,0.6346153846153846
2017-06-01,0.6298076923076923
2017-06-02,0.6413461538461539
2017-06-05,0.6379807692307692
2017-06-07,0.6389423076923076
2017-06-08,0.6379807692307692
2017-06-09,0.6466346153846154
2017-06-12,0.6317307692307692
2017-06-13,0.6444017299375301
2017-06-14,0.6496876501681884
2017-06-15,0.6381547333012975
2017-06-16,0.633525456292027
2017-06-19,0.6351416226596256
2017-06-20,0.6082573211713874
2017-06-21,0.5930902111324377
2017-06-22,0.5806142034548945
2017-06-23,0.5976019184652278
2017-06-26,0.5887135341941655
2017-06-27,0.5920612147297943
2017-06-28,0.5839311334289814
2017-06-29,0.5850860420650096
2017-06-30,0.5898661567877629
2017-07-03,0.5812619502868069
2017-07-04,0.5564053537284895
2017-07-05,0.5637840420449116
2017-07-06,0.5620821394460362
2017-07-07,0.5458452722063037
2017-07-10,0.524582338902148
2017-07-11,0.5193317422434367
2017-07-12,0.4992840095465394
2017-07-13,0.5033396946564885
2017-07-14,0.4937977099236641
2017-07-17,0.5023854961832062
2017-07-18,0.5071564885496184
2017-07-19,0.5292996665078609
2017-07-20,0.5464506908051453
2017-07-21,0.5431157694140066
2017-07-24,0.5395238095238095
2017-07-25,0.5257142857142857
2017-07-26,0.5161750713606089
2017-07-27,0.5183071802187351
2017-07-28,0.48003802281368824
2017-07-31,0.4615019011406844
2017-08-01,0.4752851711026616
2017-08-02,0.4921689606074988
2017-08-03,0.43996203132415757
2017-08-04,0.4480796586059744
2017-08-07,0.46088193456614507
2017-08-08,0.4642688121154756
2017-08-09,0.436819687647894
2017-08-10,0.41741599621391384
2017-08-11,0.37245622337908185
2017-08-14,0.37133396404919583
2017-08-16,0.3883632923368023
2017-08-17,0.4063386944181646
2017-08-18,0.40823084200567644
2017-08-21,0.3954588457899716
2017-08-22,0.40728476821192056
2017-08-23,0.39971617786187325
2017-08-24,0.40586565752128667
2017-08-25,0.4229678638941399
2017-08-28,0.43316013226263583
2017-08-29,0.42162417374881966
2017-08-30,0.42492917847025496
2017-08-31,0.4247286455875413
2017-09-01,0.43039169419537515
2017-09-04,0.38272770174610665
2017-09-05,0.37576614804337577
2017-09-06,0.35737859500235736
2017-09-07,0.38095238095238093
2017-09-08,0.36239396795475964
2017-09-11,0.36380772855796417
2017-09-12,0.3760603204524034
2017-09-13,0.37134778510838834
2017-09-14,0.37447008949599625
2017-09-15,0.37918040508714085
2017-09-18,0.3818267419962335
2017-09-19,0.3747645951035782
2017-09-20,0.3507532956685499
2017-09-21,0.32347417840375586
2017-09-22,0.2881276396058189
2017-09-25,0.25527921163772876
2017-09-26,0.2604411074612858
2017-09-27,0.2660722665415298
2017-09-28,0.2745190051618958
2017-09-29,0.29535864978902954
2017-10-10,0.2942830365510778
2017-10-11,0.31399157697707064
2017-10-12,0.3222637979420019
2017-10-13,0.30528284244974285
2017-10-16,0.2959326788218794
2017-10-17,0.3
2017-10-18,0.29392523364485984
2017-10-19,0.30794392523364483
2017-10-20,0.31060252218589446
2017-10-23,0.3138720224194302
2017-10-24,0.33426704014939307
2017-10-25,0.3412698412698413
2017-10-26,0.33613445378151263
2017-10-27,0.3520074696545285
2017-10-30,0.35294117647058826
2017-10-31,0.3660130718954248
2017-11-01,0.3760484622553588
2017-11-02,0.3688868188169539
2017-11-03,0.38221601489757917
2017-11-06,0.3857608189855747
2017-11-07,0.38976744186046514
2017-11-08,0.39488372093023255
2017-11-09,0.4172093023255814
2017-11-10,0.42518587360594795
2017-11-13,0.433348815606131
2017-11-14,0.4361356247097074
2017-11-15,0.42173711100789596
2017-11-16,0.4431554524361949
2017-11-17,0.44547563805104406
2017-11-20,0.45846867749419956
2017-11-21,0.44923504867872044
2017-11-22,0.44670991658943465
2017-11-23,0.47405004633920295
2017-11-24,0.49212233549582945
2017-11-27,0.49606299212598426
2017-11-28,0.47336729967577584
2017-11-29,0.4747568318666049
2017-11-30,0.45122515025427645
2017-12-01,0.4706426259824318
2017-12-04,0.4646324549237171
2017-12-05,0.4886731391585761
2017-12-06,0.47665279704114655
2017-12-07,0.44382801664355065
2017-12-08,0.41840036985668055
2017-12-11,0.44521497919556174
2017-12-12,0.42441054091539526
2017-12-13,0.45307443365695793
2017-12-14,0.45147874306839186
2017-12-15,0.4597966728280961
2017-12-18,0.45958429561200925
2017-12-19,0.42494226327944573
2017-12-20,0.41024457775726814
2017-12-21,0.35994462390401477
2017-12-22,0.38670973696354405
2017-12-26,0.3834794646977388
2017-12-27,0.39621771217712176
2017-12-28,0.41889400921658987
2018-01-02,0.4375863657300783
2018-01-03,0.45375057524160145
2018-01-04,0.43856419696272436
2018-01-05,0.4620340543028072
2018-01-08,0.4624942475839853
2018-01-09,0.4670961803957662
2018-01-10,0.48390064397424104
2018-01-11,0.49127640036730946
2018-01-12,0.4830119375573921
2018-01-15,0.48806244260789716
2018-01-16,0.5036730945821855
2018-01-17,0.5078053259871441
2018-01-18,0.5261707988980716
2018-01-19,0.5459136822773186
2018-01-22,0.5497934832491969
2018-01-23,0.5791647544745296
2018-01-24,0.5974323704722604
2018-01-25,0.6379468377635197
2018-01-26,0.6668194317140238
2018-01-29,0.7040769583142464
2018-01-30,0.695373339441136
2018-01-31,0.6973443223443223
2018-02-01,0.7211538461538461
2018-02-02,0.6927655677655677
2018-02-05,0.6151736745886655
2018-02-06,0.5500228414801279
2018-02-07,0.49840109639104613
2018-02-08,0.5555047967108269
2018-02-09,0.48058474189127454
2018-02-12,0.4892645043398812
2018-02-13,0.4719049794426679
2018-02-14,0.4892645043398812
2018-02-19,0.5242009132420091
2018-02-20,0.5324200913242009
2018-02-21,0.5666666666666667
2018-02-22,0.5431309904153354
2018-02-23,0.5727978092195345
2018-02-26,0.5796439981743496
2018-02-27,0.5661496350364964
2018-02-28,0.5189238486092111
2018-03-02,0.4968094804010939
2018-03-05,0.4533029612756264
2018-03-06,0.48611743286299497
2018-03-07,0.46178343949044587
2018-03-08,0.48794906775807184
2018-03-09,0.5301861098502043
2018-03-12,0.5737630503858375
2018-03-13,0.572141560798548
2018-03-14,0.5695514272768464
2018-03-15,0.5786135024920707
2018-03-16,0.5690983235160851
2018-03-19,0.5441776166742184
2018-03-20,0.5441776166742184
2018-03-21,0.5443840579710145
2018-03-22,0.5321557971014492
2018-03-23,0.38903985507246375
2018-03-26,0.4354911724762336
2018-03-27,0.4617473970122227
2018-03-28,0.43186962426437303
2018-03-29,0.447713897691263
2018-03-30,0.4784970574920779
2018-04-02,0.46763241285649615
2018-04-03,0.4660633484162896
2018-04-04,0.430316742081448
2018-04-05,0.4493212669683258
2018-04-06,0.4420814479638009
2018-04-09,0.4418815015829941
2018-04-10,0.44007236544549977
2018-04-11,0.45137946630483944
2018-04-12,0.46132971506105835
2018-04-13,0.4739936680235188
2018-04-16,0.48123021257349613
2018-04-17,0.5061058344640434
2018-04-18,0.5187697874265038
2018-04-19,0.5228403437358661
2018-04-20,0.545906829488919
2018-04-23,0.5266726943942134
2018-04-24,0.5323090826931767
2018-04-25,0.5160415725259828
2018-04-26,0.5359240849525531
2018-04-27,0.5277903298689561
2018-04-30,0.5298102981029811
2018-05-02,0.5438121047877146
2018-05-03,0.5302619692863595
2018-05-04,0.518970189701897
2018-05-08,0.47520288548241657
2018-05-09,0.48647430117222723
2018-05-10,0.5074357818837314
2018-05-11,0.5418918918918919
2018-05-14,0.5384961728950923
2018-05-15,0.5366951823502927
2018-05-16,0.5006753714542999
2018-05-17,0.5105808194506979
2018-05-18,0.5330932012606934
2018-05-21,0.5371454299864926
2018-05-23,0.5231877532642953
2018-05-24,0.5087798289058982
2018-05-25,0.4678362573099415
2018-05-28,0.5141700404858299
2018-05-29,0.49617633828160146
2018-05-30,0.45838956365272154
2018-05-31,0.47998200629779575
2018-06-01,0.48493027440395864
2018-06-04,0.49707602339181284
2018-06-05,0.49910071942446044
2018-06-07,0.5274280575539568
2018-06-08,0.5139388489208633
2018-06-11,0.5177528089887641
2018-06-12,0.5065168539325843
2018-06-14,0.46609788953749437
2018-06-15,0.46160754378087115
2018-06-18,0.3955994611585092
2018-06-19,0.33542882801975754
2018-06-20,0.362657091561939
2018-06-21,0.34439461883408073
2018-06-22,0.3321396598030439
2018-06-25,0.34646374216651743
2018-06-26,0.32304250559284114
2018-06-27,0.3011185682326622
2018-06-28,0.2731336611533304
2018-06-29,0.28239499553172476
2018-07-02,0.2256478999106345
2018-07-03,0.23269316659222866
2018-07-04,0.23537293434569004
2018-07-05,0.2174107142857143
2018-07-06,0.23214285714285715
2018-07-09,0.22455357142857144
2018-07-10,0.2392857142857143
2018-07-11,0.24196428571428572
2018-07-12,0.25211958946898705
2018-07-13,0.26506024096385544
2018-07-16,0.2662801070472792
2018-07-17,0.2591436217662801
2018-07-18,0.23951828724353255
2018-07-19,0.22301516503122212
2018-07-20,0.2161319073083779
2018-07-23,0.18092691622103388
2018-07-24,0.1929590017825312
2018-07-25,0.1836007130124777
2018-07-26,0.2054367201426025
2018-07-27,0.2192513368983957
2018-07-30,0.23083778966131907
2018-07-31,0.2268270944741533
2018-08-01,0.24955436720142601
2018-08-02,0.23707664884135474
2018-08-03,0.2557932263814617
2018-08-06,0.25133689839572193
2018-08-07,0.2493321460373998
2018-08-08,0.2560106856634016
2018-08-09,0.25957257346393586
2018-08-10,0.25289403383793413
2018-08-13,0.20258236865538737
2018-08-14,0.22128227960819233
2018-08-16,0.2257346393588602
2018-08-17,0.2377560106856634
2018-08-20,0.24176313446126446
2018-08-21,0.2622439893143366
2018-08-22,0.2616822429906542
2018-08-23,0.2677935943060498
2018-08-24,0.27669039145907476
2018-08-27,0.2655693950177936
2018-08-28,0.269897732325478
2018-08-29,0.28012449977767895
2018-08-30,0.2863494886616274
2018-08-31,0.303245887060916
2018-09-03,0.2998667258996002
2018-09-04,0.3130550621669627
2018-09-05,0.303595206391478
2018-09-06,0.29649356413670663
2018-09-07,0.30670217487794055
2018-09-10,0.3320017754105637
2018-09-11,0.3395472703062583
2018-09-12,0.3386595650244119
2018-09-13,0.35270629991126884
2018-09-14,0.3735581188997338
2018-09-17,0.34960070984915703
2018-09-18,0.34944567627494455
2018-09-19,0.3067375886524823
2018-09-20,0.28856382978723405
2018-09-21,0.3151595744680851
2018-09-27,0.33111702127659576
2018-09-28,0.325354609929078
2018-10-01,0.31560283687943264
2018-10-02,0.2760301284891449
2018-10-04,0.2630646589902569
2018-10-05,0.2391496899911426
2018-10-08,0.22852081488042517
2018-10-10,0.18592297476759628
2018-10-11,0.12743362831858407
2018-10-12,0.1431095406360424
2018-10-15,0.14001766784452296
2018-10-16,0.1523851590106007
2018-10-17,0.16821192052980133
2018-10-18,0.16556291390728478
2018-10-19,0.16453462726069695
2018-10-22,0.1710758377425044
2018-10-23,0.14084507042253522
2018-10-24,0.12984154929577466
2018-10-25,0.11570611526616806
2018-10-26,0.10158311345646438
2018-10-29,0.07651715039577836
2018-10-30,0.08135444151275285
2018-10-31,0.09494505494505495
2018-11-01,0.09885764499121265
2018-11-02,0.11862917398945519
2018-11-05,0.11984196663740122
2018-11-06,0.12724879333040806
2018-11-07,0.1206140350877193
2018-11-08,0.13771929824561405
2018-11-09,0.1355263157894737
2018-11-12,0.1337719298245614
2018-11-13,0.13704028021015763
2018-11-14,0.13879159369527144
2018-11-15,0.14535901926444833
2018-11-16,0.15054704595185994
2018-11-19,0.16411378555798686
2018-11-20,0.15973741794310722
2018-11-21,0.16491688538932633
2018-11-22,0.15879265091863518
2018-11-23,0.15223097112860892
2018-11-26,0.16134674245736774
2018-11-27,0.17140358548316573
2018-11-28,0.17860262008733624
2018-11-29,0.18602620087336244
2018-11-30,0.18777292576419213
2018-12-03,0.2126637554585153
2018-12-04,0.2275109170305677
2018-12-05,0.2200873362445415
2018-12-06,0.1960698689956332
2018-12-07,0.21048034934497817
2018-12-10,0.18777292576419213
2018-12-11,0.17872711421098517
2018-12-12,0.20121951219512196
2018-12-13,0.22246408358728775
2018-12-14,0.21636917718763604
2018-12-17,0.2122662026968247
2018-12-18,0.20617659852109613
2018-12-19,0.2279251848629839
2018-12-20,0.2117391304347826
2018-12-21,0.21217391304347827
2018-12-24,0.19869565217391305
2018-12-26,0.17079530638852672
2018-12-27,0.1685490877497828
2018-12-28,0.1818576388888889
2019-01-02,0.1730268863833478
2019-01-03,0.17085862966175194
2019-01-04,0.1877710320901995
2019-01-07,0.2168256721595837
2019-01-08,0.21769297484822203
2019-01-09,0.2436064152579107
2019-01-10,0.24133448873483535
2019-01-11,0.25909878682842286
2019-01-14,0.26949740034662045
2019-01-15,0.30012992637505415
2019-01-16,0.32265049805110435
2019-01-17,0.31831961888263316
2019-01-18,0.3516673884798614
2019-01-21,0.37142857142857144
2019-01-22,0.38235294117647056
2019-01-23,0.3897058823529412
2019-01-24,0.42517301038062283
2019-01-25,0.45827929096411585
2019-01-28,0.46153846153846156
2019-01-29,0.44362850971922246
2019-01-30,0.465658747300216
2019-01-31,0.4844559585492228
2019-02-01,0.4943868739205527
2019-02-07,0.5254529767040552
2019-02-08,0.5319240724762726
2019-02-11,0.5474547023295945
2019-02-12,0.5578084555651424
2019-02-13,0.6041397153945667
2019-02-14,0.6293103448275862
2019-02-15,0.6168103448275862
2019-02-18,0.6543103448275862
2019-02-19,0.6582006026689625
2019-02-20,0.6764199655765921
2019-02-21,0.677128116938951
2019-02-22,0.6587881392350666
2019-02-25,0.6764073914911903
2019-02-26,0.6789858186506231
2019-02-27,0.7
2019-02-28,0.5610801543077583
2019-03-04,0.6293916023993145
2019-03-05,0.62853470437018
2019-03-06,0.6323907455012854
2019-03-07,0.5894691780821918
2019-03-08,0.5565068493150684
2019-03-11,0.5459991442019684
2019-03-12,0.6046213093709885
2019-03-13,0.6063329054343175
2019-03-14,0.645575032064985
2019-03-15,0.6277777777777778
2019-03-18,0.6511528608027327
2019-03-19,0.6490179333902647
2019-03-20,0.6447480785653288
2019-03-21,0.6298507462686567
2019-03-22,0.6162691652470187
2019-03-25,0.5357142857142857
2019-03-26,0.5694857628559286
2019-03-27,0.5613588110403397
2019-03-28,0.5288624787775892
2019-03-29,0.565365025466893
2019-04-01,0.620118845500849
2019-04-02,0.634974533106961
2019-04-03,0.6748726655348047
2019-04-04,0.6893039049235993
2019-04-05,0.6969439728353141
2019-04-08,0.7028862478777589
2019-04-09,0.7068307170131524
2019-04-10,0.7238014425116673
2019-04-11,0.7513788714467543
2019-04-12,0.7578456318914334
2019-04-15,0.767175572519084
2019-04-16,0.7608142493638677
2019-04-17,0.7650551314673452
2019-04-18,0.729431721798134
2019-04-19,0.7505294366793731
2019-04-22,0.7492587886488776
2019-04-23,0.7437526471833968
2019-04-24,0.722575180008471
2019-04-25,0.6984328674290555
2019-04-26,0.661727349703641
2019-04-29,0.6804909013965298
2019-04-30,0.6766821836648328
2019-05-02,0.6903553299492385
2019-05-03,0.6865482233502538
2019-05-07,0.6383248730964467
2019-05-08,0.6173361522198731
2019-05-09,0.508245243128964
2019-05-10,0.4945054945054945
2019-05-13,0.44970414201183434
2019-05-14,0.4547759932375317
2019-05-15,0.4991546914623838
2019-05-16,0.46956889264581575
2019-05-17,0.45542881284326153
2019-05-20,0.42416561047739754
2019-05-21,0.41951837769328265
2019-05-22,0.4224757076468103
2019-05-23,0.3937473595268272
2019-05-24,0.3633291085762569
2019-05-27,0.35445711871567387
2019-05-28,0.3730460498521335
2019-05-29,0.34628378378378377
2019-05-30,0.34797297297297297
2019-05-31,0.3581081081081081
2019-06-03,0.36021959459459457
2019-06-04,0.3657094594594595
2019-06-05,0.38809121621621623
2019-06-07,0.4092060810810811
2019-06-10,0.4352047277332208
2019-06-11,0.4704641350210971
2019-06-12,0.46244725738396625
2019-06-13,0.48185654008438816
2019-06-14,0.470042194092827
2019-06-17,0.4582278481012658
2019-06-18,0.44538169548713624
2019-06-19,0.46520455504006747
2019-06-20,0.4841838886545761
2019-06-21,0.4782792070856179
2019-06-24,0.4679595278246206
2019-06-25,0.4450063211125158
2019-06-26,0.4306784660766962
2019-06-27,0.42309313105773283
2019-06-28,0.40707964601769914
2019-07-01,0.41719342604298354
2019-07-02,0.41845764854614415
2019-07-03,0.3948588284871471
2019-07-04,0.3976411120471778
2019-07-05,0.401010951979781
2019-07-08,0.3007582139848357
2019-07-09,0.2813816343723673
2019-07-10,0.3011794439764111
2019-07-11,0.3222409435551811
2019-07-12,0.33487784330244313
2019-07-15,0.3176074136478517
2019-07-16,0.3133951137320977
2019-07-17,0.2906486941870261
2019-07-18,0.28619528619528617
2019-07-19,0.30976430976430974
2019-07-22,0.3068181818181818
2019-07-23,0.2946127946127946
2019-07-24,0.2759781236853176
2019-07-25,0.2553639040807741
2019-07-26,0.24316365166175852
2019-07-29,0.19310054690786707
2019-07-30,0.20866638620109382
2019-07-31,0.20647603027754416
2019-08-01,0.19217830109335576
2019-08-02,0.1915966386554622
2019-08-05,0.14663865546218488
2019-08-06,0.12815126050420167
2019-08-07,0.13907563025210085
2019-08-08,0.15798319327731092
2019-08-09,0.1689075630252101
2019-08-12,0.17436974789915966
2019-08-13,0.17345653086938262
2019-08-14,0.18269634607307852
2019-08-16,0.17716204869857263
2019-08-19,0.18807724601175482
2019-08-20,0.20445004198152814
2019-08-21,0.21368597816960538
2019-08-22,0.2073887489504618
2019-08-23,0.20109151973131822
2019-08-26,0.16219614417435038
2019-08-27,0.17644593461860855
2019-08-28,0.18231349538977368
2019-08-29,0.17964824120603015
2019-08-30,0.19807370184254605
2019-09-02,0.21515278359146087
2019-09-03,0.2176642946839682
2019-09-04,0.23556485355648535
2019-09-05,0.25230125523012553
2019-09-06,0.2485355648535565
2019-09-09,0.23807531380753139
2019-09-10,0.24560669456066947
2019-09-11,0.26820083682008367
2019-09-16,0.30380275804429585
2019-09-17,0.32010029251984956
2019-09-18,0.33751044277360065
2019-09-19,0.3427974947807933
2019-09-20,0.35615866388308975
2019-09-23,0.3607515657620042
2019-09-24,0.37160751565762007
2019-09-25,0.31093489148580966
2019-09-26,0.3096828046744574
2019-09-27,0.2934056761268781
2019-09-30,0.29333333333333333
2019-10-01,0.3045833333333333
2019-10-02,0.26916666666666667
2019-10-04,0.24916666666666668
2019-10-07,0.22375
2019-10-08,0.25572678050812164
2019-10-10,0.23646960865945046
2019-10-11,0.2614487926727727
2019-10-14,0.3064113238967527
2019-10-15,0.3150228880565959
2019-10-16,0.3312526009155223
2019-10-17,0.3255717255717256
2019-10-18,0.3264033264033264
2019-10-21,0.3097713097713098
2019-10-22,0.32696302451184045
2019-10-23,0.31353820598006643
2019-10-24,0.3164451827242525
2019-10-25,0.31935215946843853
2019-10-28,0.33872976338729766
2019-10-29,0.3449564134495641
2019-10-30,0.3372044794691
2019-10-31,0.3524046434494196
2019-11-01,0.37339411520928306
2019-11-04,0.4069622876087857
2019-11-05,0.4264401160381268
2019-11-06,0.4382767191383596
2019-11-07,0.43454846727423363
2019-11-08,0.4494614747307374
2019-11-11,0.44490472245236123
2019-11-12,0.45217391304347826
2019-11-13,0.44886128364389233
2019-11-14,0.45281456953642385
2019-11-15,0.46735537190082643
2019-11-18,0.47520661157024796
2019-11-19,0.4551838083436596
2019-11-20,0.4023130937629079
2019-11-21,0.34118133002891365
2019-11-22,0.34283353985956216
2019-11-25,0.3976897689768977
2019-11-26,0.422029702970297
2019-11-27,0.4183168316831683
2019-11-28,0.40222772277227725
2019-11-29,0.3758250825082508
2019-12-02,0.3787128712871287
2019-12-03,0.3661855670103093
2019-12-04,0.35381443298969073
2019-12-05,0.33814432989690724
2019-12-06,0.3715463917525773
2019-12-09,0.3715463917525773
2019-12-10,0.3777319587628866
2019-12-11,0.3847422680412371
2019-12-12,0.41244334569427277
2019-12-13,0.449938195302843
2019-12-16,0.4645799011532125
2019-12-17,0.4843492586490939
2019-12-18,0.48930041152263376
2019-12-19,0.49794238683127573
2019-12-20,0.511522633744856
2019-12-23,0.49547325102880657
2019-12-24,0.48148148148148145
2019-12-26,0.5094650205761316
2019-12-27,0.5063759769642122
2019-12-30,0.5343480049362402
2020-01-02,0.5401069518716578
2020-01-03,0.5495680789798437
2020-01-06,0.48951048951048953
2020-01-07,0.5123355263157895
2020-01-08,0.3974517057131114
2020-01-09,0.4747225647348952
2020-01-10,0.508425811755035
2020-01-13,0.5472473294987674
2020-01-14,0.557242511284366
2020-01-15,0.5830939679934346
2020-01-16,0.595980311730927
2020-01-17,0.605414273995078
2020-01-20,0.5940959409594095
2020-01-21,0.5672131147540984
2020-01-22,0.5975409836065574
2020-01-23,0.5882112157183791
2020-01-28,0.4795417348608838
2020-01-29,0.4971381847914963
2020-01-30,0.44317252657399836
2020-01-31,0.38266557645134913
2020-02-03,0.3724448078495503
2020-02-04,0.4207516339869281
2020-02-05,0.43772968558595343
2020-02-06,0.48591261739485503
2020-02-07,0.4889795918367347
2020-02-10,0.4906122448979592
2020-02-11,0.5157078743370053
2020-02-12,0.5248371335504886
2020-02-13,0.5171009771986971
2020-02-14,0.5185185185185185
2020-02-17,0.5244100895036615
2020-02-18,0.501219512195122
2020-02-19,0.49410808614384394
2020-02-20,0.4687246141348497
2020-02-21,0.4173771822980106
2020-02-24,0.31831100284206254
2020-02-25,0.35430194805194803
2020-02-26,0.327789046653144
2020-02-27,0.27058823529411763
2020-02-28,0.1922920892494929
2020-03-02,0.22434077079107506
2020-03-03,0.236105476673428
2020-03-04,0.2680454176804542
2020-03-05,0.3012976480129765
2020-03-06,0.27036886907174706
2020-03-09,0.2005672609400324
2020-03-10,0.202106115836371
2020-03-11,0.159983799108951
2020-03-12,0.11786148238153099
2020-03-13,0.08667476711219117
2020-03-16,0.07408906882591093
2020-03-17,0.07854251012145749
2020-03-18,0.0703598867771937
2020-03-19,0.048100242522231204
2020-03-20,0.06386418755052546
2020-03-23,0.05813484053290271
2020-03-24,0.06941081517352704
2020-03-25,0.07704719645018153
2020-03-26,0.08350141185962082
2020-03-27,0.09076240419524001
2020-03-30,0.10770471964501815
2020-03-31,0.1254538120209762
2020-04-01,0.12222670431625655
2020-04-02,0.13392496974586526
2020-04-03,0.13957240822912464
2020-04-06,0.16498588140379186
2020-04-07,0.1762807583703106
2020-04-08,0.1791044776119403
2020-04-09,0.19564340459862847
2020-04-10,0.18838241226300928
2020-04-13,0.18031464300121017
2020-04-14,0.1972569584509883
2020-04-16,0.22903225806451613
2020-04-17,0.2540322580645161
2020-04-20,0.2709677419354839
2020-04-21,0.24798387096774194
2020-04-22,0.26895161290322583
2020-04-23,0.2955645161290323
2020-04-24,0.27580645161290324
2020-04-27,0.31129032258064515
2020-04-28,0.31975806451612904
2020-04-29,0.33306451612903226
2020-05-04,0.3278225806451613
2020-05-06,0.37620967741935485
2020-05-07,0.4032258064516129
2020-05-08,0.4443548387096774
2020-05-11,0.4411290322580645
2020-05-12,0.4229838709677419
2020-05-13,0.43629032258064515
2020-05-14,0.4088709677419355
2020-05-15,0.4245967741935484
2020-05-18,0.43951612903225806
2020-05-19,0.47642079806529625
2020-05-20,0.5118903667875857
2020-05-21,0.5364772269246272
2020-05-22,0.5006045949214026
2020-05-25,0.5231761386537687
2020-05-26,0.566303909713825
2020-05-27,0.58058017727639
2020-05-28,0.532634971796938
2020-05-29,0.5324204591220298
2020-06-01,0.6038647342995169
2020-06-02,0.642914653784219
2020-06-03,0.67914653784219
2020-06-04,0.6876006441223832
2020-06-05,0.712157809983897
2020-06-08,0.7302737520128825
2020-06-09,0.7259557344064387
2020-06-10,0.716297786720322
2020-06-11,0.674577634754626
2020-06-12,0.5921158487530169
2020-06-15,0.40667739340305714
2020-06-16,0.5474658085277554
2020-06-17,0.5410297666934835
2020-06-18,0.5555108608205953
2020-06-19,0.5776347546259051
2020-06-22,0.5667739340305712
2020-06-23,0.5655671761866452
2020-06-24,0.5917135961383749
2020-06-25,0.5434432823813354
2020-06-26,0.5583266291230893
2020-06-29,0.5088495575221239
2020-06-30,0.5398230088495575
2020-07-01,0.5297666934835077
2020-07-02,0.5667739340305712
2020-07-03,0.5997586484312148
2020-07-06,0.6275140788415124
2020-07-07,0.6170555108608206
2020-07-08,0.6291230893000804
2020-07-09,0.6432019308125503
2020-07-10,0.6226870474658085
2020-07-13,0.6548672566371682
2020-07-14,0.6552695092518102
2020-07-15,0.6854384553499597
2020-07-16,0.6914722445695897
2020-07-17,0.7135961383748994
2020-07-20,0.7141133896260555
2020-07-21,0.7342179332529152
2020-07-22,0.7411575562700965
2020-07-23,0.7146302250803859
2020-07-24,0.7013665594855305
2020-07-27,0.7158360128617364
2020-07-28,0.7319131832797428
2020-07-29,0.7396544797107272
2020-07-30,0.7480916030534351
2020-07-31,0.732824427480916
2020-08-03,0.7333333333333333
2020-08-04,0.7604333868378812
2020-08-05,0.7680577849117175
2020-08-06,0.7780898876404494
2020-08-07,0.7720706260032103
2020-08-10,0.7749699157641395
2020-08-11,0.7910148415563578
2020-08-12,0.7939053728949479
2020-08-13,0.8104967948717948
2020-08-14,0.7972756410256411
2020-08-18,0.6959134615384616
2020-08-19,0.7239583333333334
2020-08-20,0.6109775641025641
2020-08-21,0.6466346153846154
2020-08-24,0.6618589743589743
2020-08-25,0.7171474358974359
2020-08-26,0.7219551282051282
2020-08-27,0.6907051282051282
2020-08-28,0.7076491790148178
2020-08-31,0.7301841473178543
2020-09-01,0.7421937550040032
2020-09-02,0.766613290632506
2020-09-03,0.77662129703763
2020-09-04,0.7534027221777422
2020-09-07,0.7698158526821457
2020-09-08,0.7726180944755805
2020-09-09,0.7528
2020-09-10,0.7752
2020-09-11,0.7724
2020-09-14,0.7945643485211831
2020-09-15,0.7961630695443646
2020-09-16,0.7837729816147082
2020-09-17,0.7573940847322143
2020-09-18,0.7589928057553957
2020-09-21,0.7162270183852918
2020-09-22,0.6378896882494005
2020-09-23,0.6368357970435478
2020-09-24,0.5499201277955271
2020-09-25,0.5528942115768463
2020-09-28,0.6141260973663208
2020-09-29,0.6481850817710411
2020-10-05,0.6785001994415636
2020-10-06,0.6788990825688074
2020-10-07,0.6884722776226566
2020-10-08,0.6993620414673046
2020-10-12,0.7105263157894737
2020-10-13,0.7045454545454546
2020-10-14,0.6836653386454183
2020-10-15,0.6553784860557769
2020-10-16,0.6223107569721116
2020-10-19,0.6234076433121019
2020-10-20,0.6110668789808917
2020-10-21,0.6390768006366893
2020-10-22,0.6116195781933943
2020-10-23,0.6002386634844868
2020-10-26,0.5286396181384249
2020-10-27,0.5069582504970179
2020-10-28,0.5606361829025845
2020-10-29,0.5389507154213037
2020-10-30,0.4888712241653418
2020-11-02,0.5174880763116058
2020-11-03,0.5615567911040509
2020-11-04,0.5784041286224693
2020-11-05,0.6161776367961935
2020-11-06,0.6040428061831153
2020-11-09,0.640110978993262
2020-11-10,0.650554675118859
2020-11-11,0.6621782178217822
2020-11-12,0.6685148514851486
2020-11-13,0.6670625494853524
2020-11-16,0.6836896278701504
2020-11-17,0.6654790182106096
2020-11-18,0.6865612648221344
2020-11-19,0.6906361122086132
2020-11-20,0.7092058474911103
2020-11-23,0.7151323587514816
2020-11-24,0.7269853812722245
2020-11-25,0.6949822204662189
2020-11-26,0.7049763033175356
2020-11-27,0.7085308056872038
2020-11-30,0.7018167456556083
2020-12-01,0.7124802527646129
2020-12-02,0.7255134281200631
2020-12-03,0.721958925750395
2020-12-04,0.7136650868878357
2020-12-07,0.7032359905288083
2020-12-08,0.6958579881656805
2020-12-09,0.717948717948718
2020-12-10,0.7204258675078864
2020-12-11,0.7342271293375394
2020-12-14,0.7311785573512022
2020-12-15,0.7252660622782814
2020-12-16,0.7400551398188263
2020-12-17,0.7377952755905511
2020-12-18,0.7454760031471283
2020-12-21,0.7483287455760912
2020-12-22,0.6949685534591195
2020-12-23,0.6818538884524745
2020-12-24,0.6924587588373919
2020-12-28,0.6695447409733124
2020-12-29,0.6903453689167975
2020-12-30,0.7201726844583988
2021-01-04,0.7258127692910301
2021-01-05,0.7349256068911512
2021-01-06,0.7400156617071261
2021-01-07,0.7552858261550509
2021-01-08,0.745105716523101
2021-01-11,0.6979655712050078
2021-01-12,0.7034428794992176
2021-01-13,0.72506843957763
2021-01-14,0.738365271802894
2021-01-15,0.72506843957763
2021-01-18,0.6918263590144701
2021-01-19,0.7156824403597967
2021-01-20,0.7340633554947203
2021-01-21,0.745013687915526
2021-01-22,0.7490226739640344
2021-01-25,0.7658993367147874
2021-01-26,0.7585803432137286
2021-01-27,0.7519500780031201
2021-01-28,0.702808112324493
2021-01-29,0.6302652106084243
2021-02-01,0.6602964118564743
2021-02-02,0.6843335931410756
2021-02-03,0.7022603273577552
2021-02-04,0.6892523364485982
2021-02-05,0.7005451713395638
2021-02-08,0.699883223043986
2021-02-09,0.6928766056831452
2021-02-10,0.7002724795640327
2021-02-15,0.7175097276264591
2021-02-16,0.7273434461299105
2021-02-17,0.7335667055620381
2021-02-18,0.7286158631415242
2021-02-19,0.713841368584759
2021-02-22,0.7087869362363919
2021-02-23,0.6797512631169841
2021-02-24,0.608003108003108
2021-02-25,0.6491841491841492
2021-02-26,0.5986790986790986
2021-03-02,0.6126651126651127
2021-03-03,0.6339285714285714
2021-03-04,0.6286379511059371
2021-03-05,0.6117145073700543
2021-03-08,0.5897634742148119
2021-03-09,0.5712625871417506
2021-03-10,0.5605884630274874
2021-03-11,0.5890092879256966
2021-03-12,0.6216634429400387
2021-03-15,0.6310904872389791
2021-03-16,0.6508120649651972
2021-03-17,0.654054054054054
2021-03-18,0.6621621621621622
2021-03-19,0.6594594594594595
2021-03-22,0.6608796296296297
2021-03-23,0.6344003085229464
2021-03-24,0.6386748844375963
2021-03-25,0.6435719784449576
2021-03-26,0.6589684372594303
2021-03-29,0.649345650500385
2021-03-30,0.6597382602001539
2021-03-31,0.6670515781370285
2021-04-01,0.6755196304849884
2021-04-02,0.6824480369515011
2021-04-05,0.6874518860662048
2021-04-06,0.6882217090069284
2021-04-07,0.6947652040030793
2021-04-08,0.7063125481139338
2021-04-09,0.7132409545804465
2021-04-12,0.7237398999615237
2021-04-13,0.7352828010773375
2021-04-14,0.7433628318584071
2021-04-15,0.7406694882647172
2021-04-16,0.7514428626394767
2021-04-19,0.7581699346405228
2021-04-20,0.7658592848904268
2021-04-21,0.7536510376633359
2021-04-22,0.7563412759415834
2021-04-23,0.7568190549366116
2021-04-26,0.764299424184261
2021-04-27,0.7478894858019954
2021-04-28,0.7064466615502686
2021-04-29,0.6958189489835059
2021-04-30,0.6788041395170563
2021-05-03,0.6680720582598697
2021-05-04,0.6675592960979342
2021-05-06,0.6813312930374904
2021-05-07,0.6985462892119357
2021-05-10,0.7166347992351817
2021-05-11,0.7032504780114722
2021-05-12,0.6718929254302103
2021-05-13,0.6443594646271511
2021-05-14,0.6630975143403441
2021-05-17,0.6512428298279158
2021-05-18,0.6608030592734225
2021-05-20,0.6646271510516253
2021-05-21,0.6586391437308868
2021-05-24,0.6182651891478792
2021-05-25,0.6407025582283314
2021-05-26,0.6502481863306605
2021-05-27,0.6575028636884307
2021-05-28,0.6681939671630394
2021-05-31,0.6759541984732824
2021-06-01,0.6874045801526718
2021-06-02,0.6863792445631438
2021-06-03,0.699351392598245
2021-06-04,0.6988181471597408
2021-06-07,0.7007243614182234
2021-06-08,0.6935975609756098
2021-06-09,0.6838095238095238
2021-06-10,0.69002284843869
2021-06-11,0.7027027027027027
2021-06-14,0.7046060144651694
2021-06-15,0.7030833650551961
2021-06-16,0.7077625570776256
2021-06-17,0.7083650190114068
2021-06-18,0.720532319391635
2021-06-21,0.7026615969581749
2021-06-22,0.7019011406844107
2021-06-23,0.7045627376425856
2021-06-24,0.6969581749049429
2021-06-25,0.7050551121246674
2021-06-28,0.7198177676537585
2021-06-29,0.7228549734244495
2021-06-30,0.7285497342444951
2021-07-01,0.7350037965072134
2021-07-02,0.7308276385725133
2021-07-05,0.740909090909091
2021-07-06,0.7446969696969697
2021-07-07,0.7359848484848485
2021-07-08,0.6829545454545455
2021-07-09,0.6287878787878788
2021-07-12,0.6696969696969697
2021-07-13,0.7056818181818182
2021-07-14,0.7034090909090909
2021-07-15,0.7214231642694928
2021-07-16,0.7157456472369417
2021-07-19,0.682437547312642
2021-07-20,0.6540499621498864
2021-07-21,0.6339894019682059
2021-07-22,0.6689368142262581
2021-07-23,0.6719636776390465
2021-07-26,0.6345062429057888
2021-07-27,0.6435868331441543
2021-07-28,0.6261823685206205
2021-07-29,0.6454786227771472
2021-07-30,0.595535376466137
2021-08-02,0.6004540295119183
2021-08-03,0.5900151285930408
2021-08-04,0.6289712556732224
2021-08-05,0.6482602118003026
2021-08-06,0.6468809073724008
2021-08-09,0.6224489795918368
2021-08-10,0.5816326530612245
2021-08-11,0.5432565168114847
2021-08-12,0.5360513401283503
2021-08-13,0.4813137032842582
2021-08-17,0.3737297704177644
2021-08-18,0.40570999248685197
2021-08-19,0.3124295906871949
2021-08-20,0.26126126126126126
2021-08-23,0.29992492492492495
2021-08-24,0.35285285285285284
2021-08-25,0.3633633633633634
2021-08-26,0.3632270168855535
2021-08-27,0.374859287054409
2021-08-30,0.3962476547842402
2021-08-31,0.41425891181988744
2021-09-01,0.43564727954971855
2021-09-02,0.4364454443194601
2021-09-03,0.4540682414698163
2021-09-06,0.4574428196475441
2021-09-07,0.4604424446944132
2021-09-08,0.42857142857142855
2021-09-09,0.39707536557930256
2021-09-10,0.4096701649175412
2021-09-13,0.38268365817091454
2021-09-14,0.3988005997001499
2021-09-15,0.39580209895052476
2021-09-16,0.38568215892053975
2021-09-17,0.3840389659048333
2021-09-23,0.3503184713375796
2021-09-24,0.34807043836642937
2021-09-27,0.35642081617371774
2021-09-28,0.3283414451516286
2021-09-29,0.3006364657431674
2021-09-30,0.31224260576563084
2021-10-01,0.26497005988023953
2021-10-05,0.23615269461077845
2021-10-06,0.19610778443113772
2021-10-07,0.23315868263473055
2021-10-08,0.2376497005988024
2021-10-12,0.23082678638234194
2021-10-13,0.24878413767302657
2021-10-14,0.2839506172839506
2021-10-15,0.3040388930441286
2021-10-18,0.306282722513089
2021-10-19,0.32013447889428465
2021-10-20,0.3186402689577886
2021-10-21,0.30246452576549665
2021-10-22,0.3050784167289022
2021-10-25,0.31030619865571324
2021-10-26,0.3281075027995521
2021-10-27,0.3169092945128779
2021-10-28,0.2971257932064203
2021-10-29,0.27874953479717157
2021-11-01,0.27540007443245257
2021-11-02,0.294380349832527
2021-11-03,0.2761443989579457
2021-11-04,0.27306547619047616
2021-11-05,0.25622908144291556
2021-11-08,0.275092936802974
2021-11-09,0.26911655530809203
2021-11-10,0.23376623376623376
2021-11-11,0.23293768545994065
2021-11-12,0.2577893175074184
2021-11-15,0.2828020756115641
2021-11-16,0.2805782060785767
2021-11-17,0.27
2021-11-18,0.2665679378008145
2021-11-19,0.27582376897445393
2021-11-22,0.28285820066641987
2021-11-23,0.26350851221317545
2021-11-24,0.2664692820133235
2021-11-25,0.25083240843507215
2021-11-26,0.22086570477247502
2021-11-29,0.18971893491124261
2021-11-30,0.15415896487985212
2021-12-01,0.17042513863216266
2021-12-02,0.180339985218034
2021-12-03,0.21027346637102734
2021-12-06,0.21322985957132298
2021-12-07,0.2309682187730968
2021-12-08,0.237620103473762
2021-12-09,0.25267824159586255
2021-12-10,0.24935352789065385
2021-12-13,0.25692137320044295
2021-12-14,0.25249169435215946
2021-12-15,0.25064599483204136
2021-12-16,0.2693726937269373
2021-12-17,0.26162361623616237
2021-12-20,0.23394833948339483
2021-12-21,0.250092216894135
2021-12-22,0.2636430678466077
2021-12-23,0.2716549944710652
2021-12-24,0.2863452337136548
2021-12-27,0.2903938167096062
2021-12-28,0.30879646669120353
2021-12-29,0.29223408170776594
2021-12-30,0.29863920559029056
2022-01-03,0.3136029411764706
2022-01-04,0.3382352941176471
2022-01-05,0.32171680117388113
2022-01-06,0.29556288962229554
2022-01-07,0.3262463343108504
2022-01-10,0.3086510263929619
2022-01-11,0.28005865102639294
2022-01-12,0.32954545454545453
2022-01-13,0.32662028560966677
2022-01-14,0.3027086383601757
2022-01-17,0.2759882869692533
2022-01-18,0.2518301610541728
2022-01-19,0.23938506588579794
2022-01-20,0.26747164288327846
2022-01-21,0.2475355969331873
2022-01-24,0.2029197080291971
2022-01-25,0.16277372262773723
2022-01-26,0.16921954777534645
2022-01-27,0.13311451495258936
2022-01-28,0.16046681254558717
2022-02-03,0.1957710535909588
2022-02-04,0.22019686474662778
2022-02-07,0.23096539162112933
2022-02-08,0.2165999271933018
2022-02-09,0.2570076447033127
2022-02-10,0.2486348744084456
2022-02-11,0.22662786467806476
2022-02-14,0.17272727272727273
2022-02-15,0.1450381679389313
2022-02-16,0.20465285350781534
2022-02-17,0.20966569767441862
2022-02-18,0.22993098438067563
2022-02-21,0.22976406533575316
2022-02-22,0.20036297640653358
2022-02-23,0.22468239564428313
2022-02-24,0.17851959361393324
2022-02-25,0.2071843251088534
2022-02-28,0.22314949201741655
2022-03-02,0.24455732946298983
2022-03-03,0.2723975335509612
2022-03-04,0.27856365614798695
2022-03-07,0.24156692056583243
2022-03-08,0.20819731592310484
2022-03-10,0.23804347826086958
2022-03-11,0.2676566461427019
2022-03-14,0.2560666425208258
2022-03-15,0.24447663889894966
2022-03-16,0.29077757685352623
2022-03-17,0.3189873417721519
2022-03-18,0.3406871609403255
2022-03-21,0.3547920433996383
2022-03-22,0.37721518987341773
2022-03-23,0.39544962080173346
2022-03-24,0.4059227157818707
2022-03-25,0.41422896352473815
2022-03-28,0.42036836403033584
2022-03-29,0.444564824846515
2022-03-30,0.4499819429396894
2022-03-31,0.47959552184904297
2022-04-01,0.47020585048754066
2022-04-04,0.5023474178403756
2022-04-05,0.5216606498194946
2022-04-06,0.4956678700361011
2022-04-07,0.42888086642599277
2022-04-08,0.4487364620938628
2022-04-11,0.43249097472924186
2022-04-12,0.4072202166064982
2022-04-13,0.4560201874549387
2022-04-14,0.4794520547945205
2022-04-15,0.47296322999279017
2022-04-18,0.47603603603603606
2022-04-19,0.5077477477477478
2022-04-20,0.5183717579250721
2022-04-21,0.529178674351585
2022-04-22,0.5117032769175369
2022-04-25,0.44184371624054736
2022-04-26,0.4612891609650702
2022-04-27,0.43016558675305977
2022-04-28,0.435565154787617
2022-04-29,0.4632829373650108
2022-05-02,0.46510791366906473
2022-05-03,0.4653002517080187
2022-05-04,0.4523895077254761
2022-05-06,0.42867409270571327
2022-05-09,0.3485447358965146
2022-05-10,0.33093783686669065
2022-05-11,0.3356090549766439
2022-05-12,0.2742282842785355
2022-05-13,0.3223259152907394
2022-05-16,0.33488872936109115
2022-05-17,0.353194544149318
2022-05-18,0.3534266236096161
2022-05-19,0.3155252778773754
2022-05-20,0.34480286738351257
2022-05-23,0.3421712647796489
2022-05-24,0.2987106017191977
2022-05-25,0.30862871464375224
2022-05-26,0.30433225921947726
2022-05-27,0.321173104434907
2022-05-30,0.3562231759656652
2022-05-31,0.3764747944225956
2022-06-02,0.3657490168037183
2022-06-03,0.3766976411722659
2022-06-07,0.3420300214438885
2022-06-08,0.33631165117941386
2022-06-09,0.32237312365975695
2022-06-10,0.3059328091493924
2022-06-13,0.20800571837026446
2022-06-14,0.18899607002500893
2022-06-15,0.1579135405501965
2022-06-16,0.161727954302035
2022-06-17,0.16274089935760172
2022-06-20,0.13307170888333927
2022-06-21,0.14270424545130217
2022-06-22,0.11947218259629101
2022-06-23,0.09871703492516037
2022-06-24,0.11617961511047754
2022-06-27,0.13216957605985039
2022-06-28,0.14351851851851852
2022-06-29,0.1413817663817664
2022-06-30,0.13212250712250712
2022-07-01,0.1225071225071225
2022-07-04,0.11146723646723647
2022-07-05,0.12566749733001067
2022-07-06,0.1146315414738341
2022-07-07,0.12526690391459075
2022-07-08,0.13487544483985764
2022-07-11,0.13594306049822064
2022-07-12,0.12384341637010676
2022-07-13,0.12135231316725979
2022-07-14,0.1290896159317212
2022-07-15,0.129800853485064
2022-07-18,0.14473684210526316
2022-07-19,0.1554054054054054
2022-07-20,0.162873399715505
2022-07-21,0.1677327647476901
2022-07-22,0.16879886282871356
2022-07-25,0.16483126110124333
2022-07-26,0.16625222024866784
2022-07-27,0.17406749555950266
2022-07-28,0.18792184724689165
2022-07-29,0.2024866785079929
2022-08-01,0.21492007104795738
2022-08-02,0.20603907637655416
2022-08-03,0.2241563055062167
2022-08-04,0.23491838183108588
2022-08-05,0.24946770759403833
2022-08-08,0.25337118523775726
2022-08-09,0.25966654842142606
2022-08-10,0.24610481586402266
2022-08-11,0.2776203966005666
2022-08-12,0.28859773371104813
2022-08-16,0.29415929203539826
2022-08-17,0.27893805309734515
2022-08-18,0.2823779193205945
2022-08-19,0.2724699221514508
2022-08-22,0.2310686482661005
2022-08-23,0.20771408351026185
2022-08-24,0.22929936305732485
2022-08-25,0.25203252032520324
2022-08-26,0.2605160834217038
2022-08-29,0.207773851590106
2022-08-30,0.23180212014134274
2022-08-31,0.2423172024019781
2022-09-01,0.2016955139526669
2022-09-02,0.20487460261391735
2022-09-05,0.19003885552808195
2022-09-06,0.20861277797387928
2022-09-07,0.1944934698199788
2022-09-08,0.19943522767384397
2022-09-13,0.23888496824276642
2022-09-14,0.21841919548341568
2022-09-15,0.218342151675485
2022-09-16,0.2088183421516755
2022-09-19,0.17736248236953456
2022-09-20,0.2047216349541931
2022-09-21,0.20014094432699084
2022-09-22,0.19345761519521631
2022-09-23,0.1600422089342244
2022-09-26,0.11403508771929824
2022-09-27,0.11785338477727113
2022-09-28,0.09891266222378113
2022-09-29,0.10627849877236058
2022-09-30,0.09638976515948125
2022-10-04,0.12368605466012614
2022-10-05,0.12754029432375613
2022-10-06,0.13980378416257883
2022-10-07,0.13980378416257883
2022-10-11,0.10406447091800981
2022-10-12,0.10157618213660245
2022-10-13,0.0857843137254902
2022-10-14,0.10749299719887956
2022-10-17,0.11029411764705882
2022-10-18,0.13095238095238096
2022-10-19,0.12915645782289115
2022-10-20,0.12071378586424072
2022-10-21,0.10811756473058083
2022-10-24,0.12526242127361792
2022-10-25,0.12876137158852344
2022-10-26,0.12797202797202797
2022-10-27,0.14530213063220399
2022-10-28,0.1424581005586592
2022-10-31,0.15328212290502793
2022-11-01,0.1735335195530726
2022-11-02,0.1668411867364747
2022-11-03,0.1668411867364747
2022-11-04,0.1699825479930192
2022-11-07,0.1826420355524573
2022-11-08,0.19484140815615197
2022-11-09,0.21575461833391427
2022-11-10,0.2052980132450331
2022-11-11,0.2851167654234925
2022-11-14,0.2998955067920585
2022-11-15,0.3333333333333333
2022-11-16,0.350400557297109
2022-11-17,0.3289244691959624
2022-11-18,0.319208058353595
2022-11-21,0.29419937478291075
2022-11-22,0.28343174713442165
2022-11-23,0.32616238723108953
2022-11-24,0.3674531575294934
2022-11-25,0.3707943114810961
2022-11-28,0.33298647242455776
2022-11-29,0.37460978147762747
2022-11-30,0.3978494623655914
2022-12-01,0.44432882414151925
2022-12-02,0.4436741767764298
2022-12-05,0.4436741767764298
2022-12-06,0.3871750433275563
2022-12-07,0.3632582322357019
2022-12-08,0.3386481802426343
2022-12-09,0.3787248787248787
2022-12-12,0.35932085932085933
2022-12-13,0.3697158697158697
2022-12-14,0.43005540166204986
2022-12-15,0.40166204986149584
2022-12-16,0.36571033529208435
2022-12-19,0.35603180089872105
2022-12-20,0.3037318590186593
2022-12-21,0.3197513812154696
2022-12-22,0.349792817679558
2022-12-23,0.29306178805661026
2022-12-26,0.2881297446514838
2022-12-27,0.3112491373360939
2022-12-28,0.27915804002760525
2022-12-29,0.22620689655172413
2023-01-02,0.19738201860144677
2023-01-03,0.20496038580778506
2023-01-04,0.22597313124354115
2023-01-05,0.23243801652892562
2023-01-06,0.257487091222031
2023-01-09,0.32415691672401925
2023-01-10,0.33505154639175255
2023-01-11,0.36791480590862247
2023-01-12,0.3705357142857143
2023-01-13,0.4016477857878476
2023-01-16,0.4140061791967044
2023-01-17,0.39361702127659576
2023-01-18,0.4004804392587509
2023-01-19,0.4060356652949246
2023-01-20,0.4295509084676037
2023-01-25,0.47548851559821737
2023-01-26,0.5099383139136395
2023-01-27,0.5286056868790682
2023-01-30,0.5214114422747517
2023-01-31,0.53098254022595
2023-02-01,0.5556316330023965
2023-02-02,0.5973981513180417
2023-02-03,0.609038000684697
2023-02-06,0.6104073947278329
2023-02-07,0.6279945242984257
2023-02-08,0.6647280191583989
2023-02-09,0.6654148173438034
2023-02-10,0.6282007511095937
2023-02-13,0.617195496417605
2023-02-14,0.6394952251023193
2023-02-15,0.5798090040927695
2023-02-16,0.6223585548738922
2023-02-17,0.6121336059986366
2023-02-20,0.6487223168654174
2023-02-21,0.6704119850187266
2023-02-22,0.6167460857726345
2023-02-23,0.6324728260869565
2023-02-24,0.598981324278438
2023-02-27,0.5721561969439728
2023-02-28,0.6040040719375637
2023-03-02,0.6128266033254157
2023-03-03,0.628561736770692
2023-03-06,0.6556987788331072
2023-03-07,0.6690403526619193
2023-03-08,0.6398779247202442
2023-03-09,0.6364869447270262
2023-03-10,0.5649372668701255
2023-03-13,0.5323838589352323
2023-03-14,0.3743641912512716
2023-03-15,0.45559322033898303
2023-03-16,0.42406779661016947
2023-03-17,0.5093125634947511
2023-03-20,0.5069420927869963
2023-03-21,0.5089557282865833
2023-03-22,0.5126646403242148
2023-03-23,0.4707868963188112
2023-03-24,0.49341438703140833
2023-03-27,0.4890239783856805
2023-03-28,0.5259959486833221
2023-03-29,0.5452397029034436
2023-03-30,0.5665091154625254
2023-03-31,0.5719108710330858
2023-04-03,0.5842051974350321
2023-04-04,0.6044549443131961
2023-04-05,0.6088423894701316
2023-04-06,0.5715249662618084
2023-04-07,0.5806342780026991
2023-04-10,0.5408232118758435
2023-04-11,0.5721997300944669
2023-04-12,0.594804318488529
2023-04-13,0.6072874493927125
2023-04-14,0.6312415654520918
2023-04-17,0.6418212478920742
2023-04-18,0.6279932546374367
2023-04-19,0.6475548060708263
2023-04-20,0.6141652613827994
2023-04-21,0.5731625084288604
2023-04-24,0.5224132119986519
2023-04-25,0.4952861952861953
2023-04-26,0.48234106962663975
2023-04-27,0.47005383580080756
2023-04-28,0.4668684830137908
2023-05-02,0.4957954927682476
2023-05-03,0.4952956989247312
2023-05-04,0.4963037634408602
2023-05-08,0.5220020154517971
2023-05-09,0.5105811219348337
2023-05-10,0.5052065838092039
2023-05-11,0.5177971793149765
2023-05-12,0.499496475327291
2023-05-15,0.4822147651006711
2023-05-16,0.4753438443475344
2023-05-17,0.5028513921502852
2023-05-18,0.5271629778672032
2023-05-19,0.5509725016767271
2023-05-22,0.5778001341381623
2023-05-23,0.5731052984574111
2023-05-24,0.5690811535881959
2023-05-25,0.5348759221998659
2023-05-26,0.5169292658397586
2023-05-30,0.5338471849865952
2023-05-31,0.5325067024128687
2023-06-01,0.5386934673366834
2023-06-02,0.5601340033500838
2023-06-05,0.5823844608171467
2023-06-07,0.5823844608171467
2023-06-08,0.5734851021091396
2023-06-09,0.5914409896355733
2023-06-12,0.5800735539953193
2023-06-13,0.578542780748663
2023-06-14,0.5417780748663101
2023-06-15,0.5290775401069518
2023-06-16,0.5600400266844563
2023-06-19,0.5703802535023349
2023-06-20,0.566711140760507
2023-06-21,0.5517011340893929
2023-06-22,0.5431810603534512
2023-06-23,0.5155051683894631
2023-06-26,0.525
2023-06-27,0.5224925024991669
2023-06-28,0.5176548967355097
2023-06-29,0.4823451032644903
2023-06-30,0.4925124792013311
2023-07-03,0.5207986688851913
2023-07-04,0.5054908485856905
2023-07-05,0.4841930116472546
2023-07-06,0.4369803791153974
2023-07-07,0.40625
2023-07-10,0.40425531914893614
2023-07-11,0.4261968085106383
2023-07-12,0.4400132934529744
2023-07-13,0.453971419076105
2023-07-14,0.4573231484556626
2023-07-17,0.45865161076054467
2023-07-18,0.4355909694555113
2023-07-19,0.42534837425348376
2023-07-20,0.4299933642999336
2023-07-21,0.42975480450629555
2023-07-24,0.38456442530639284
2023-07-25,0.3689963564094071
2023-07-26,0.3162251655629139
2023-07-27,0.3350993377483444
2023-07-28,0.35562913907284766
2023-07-31,0.3843098311817279
2023-08-01,0.4011916583912612
2023-08-02,0.3808264462809917
2023-08-03,0.3722314049586777
2023-08-04,0.38380165289256196
2023-08-07,0.3831404958677686
2023-08-08,0.3623140495867769
2023-08-09,0.38263453284912513
2023-08-10,0.38997030682942924
2023-08-11,0.4067964368195315
2023-08-14,0.38608638311902405
2023-08-16,0.3231124299373557
2023-08-17,0.3070840197693575
2023-08-18,0.2971014492753623
2023-08-21,0.3069828722002635
2023-08-22,0.30434782608695654
2023-08-23,0.30589397431675996
2023-08-24,0.33453828458757806
2023-08-25,0.31340341655716164
2023-08-28,0.3500821018062397
2023-08-29,0.37963875205254516
2023-08-30,0.3983579638752053
2023-08-31,0.38910761154855644
2023-09-01,0.3914041994750656
2023-09-04,0.39960629921259844
2023-09-05,0.3937007874015748
2023-09-06,0.385498687664042
2023-09-07,0.361429977041653
2023-09-08,0.373320222877745
2023-09-11,0.3743035070468699
2023-09-12,0.35742315238718114
2023-09-13,0.3407455853499019
2023-09-14,0.3757357750163506
2023-09-15,0.3955541026479242
2023-09-18,0.38051650866296177
2023-09-19,0.35900783289817234
2023-09-20,0.34856396866840733
2023-09-21,0.28604044357469016
2023-09-22,0.2633637548891786
2023-09-25,0.2467405475880052
2023-09-26,0.22866449511400652
2023-09-27,0.2433224755700326
2023-10-04,0.185607294041029
2023-10-05,0.1846304135460762
2023-10-06,0.20709866492999024
2023-10-10,0.19973975276512687
2023-10-11,0.2277163305139883
2023-10-12,0.24715447154471545
2023-10-13,0.23504551365409623
2023-10-16,0.21716514954486346
2023-10-17,0.23611562195518027
2023-10-18,0.2318181818181818
2023-10-19,0.1866277182732879
2023-10-20,0.16715352158390134
2023-10-23,0.15249837767683322
2023-10-24,0.16504539559014267
2023-10-25,0.1760129659643436
2023-10-26,0.1386459345643019
2023-10-27,0.13892487046632124
2023-10-30,0.14475388601036268
2023-10-31,0.13361371724361049
2023-11-01,0.14881915237787124
2023-11-02,0.17194570135746606
2023-11-03,0.18966074313408723
2023-11-06,0.23578811369509045
2023-11-07,0.22118178882789796
2023-11-08,0.23119147562156925
2023-11-09,0.22587931590835753
2023-11-10,0.2174895127460471
2023-11-13,0.20942239432074863
2023-11-14,0.23814133591481124
2023-11-15,0.279819471308833
2023-11-16,0.29529335912314636
2023-11-17,0.27586206896551724
2023-11-20,0.30286449951721917
2023-11-21,0.33086578693273255
2023-11-22,0.3388030888030888
2023-11-23,0.33655083655083656
2023-11-24,0.34684684684684686
2023-11-27,0.34673528465744613
2023-11-28,0.3522982963677274
2023-11-29,0.3462897526501767
2023-11-30,0.36897880539499034
2023-12-01,0.36757624398073835
2023-12-04,0.38587479935794544
2023-12-05,0.3720706260032103
2023-12-06,0.3873555840821566
2023-12-07,0.3811357074109721
2023-12-08,0.40968880333654156
2023-12-11,0.42536835361947467
2023-12-12,0.4314541960281871
2023-12-13,0.41466538584694207
2023-12-14,0.4324583866837388
2023-12-15,0.44576
2023-12-18,0.4629156010230179
2023-12-19,0.46994884910485935
2023-12-20,0.49536593160754233
2023-12-21,0.48290188558644936
2023-12-22,0.48594249201277956
2023-12-26,0.4776357827476038
2023-12-27,0.4659853082082402
2023-12-28,0.4956910309607405
2024-01-02,0.5245535714285714
2024-01-03,0.5141855275741154
2024-01-04,0.4926704907584449
2024-01-05,0.49283211213762346
2024-01-08,0.5020707231602421
2024-01-09,0.5286624203821656
2024-01-10,0.5203821656050955
2024-01-11,0.5353053435114504
2024-01-12,0.5081081081081081
2024-01-15,0.4955555555555556
2024-01-16,0.46190476190476193
2024-01-17,0.373015873015873
2024-01-18,0.3939105613701237
2024-01-19,0.42752933713923247
2024-01-22,0.4377179080824089
2024-01-23,0.44961977186311786
2024-01-24,0.4347275031685678
2024-01-25,0.4212860310421286
2024-01-26,0.4434589800443459
2024-01-29,0.4483850538315389
2024-01-30,0.45017399557102183
2024-01-31,0.42581461562796585
2024-02-01,0.45448798988621997
2024-02-02,0.4990518331226296
2024-02-05,0.49195329757021145
2024-02-06,0.4793310192489744
2024-02-07,0.48581336696090793
2024-02-08,0.502363693665301
2024-02-13,0.5352867044738501
2024-02-14,0.5415879017013232
2024-02-15,0.5445669291338583
2024-02-16,0.5629722921914357
2024-02-19,0.57950974230044
2024-02-20,0.5741671904462602
2024-02-21,0.5669390320553112
2024-02-22,0.5657770800627944
2024-02-23,0.5576138147566719
2024-02-26,0.5467377666248432
2024-02-27,0.5075282308657465
2024-02-28,0.5238393977415308
2024-02-29,0.5153605015673981
2024-03-04,0.5219435736677116
2024-03-05,0.5093926111458985
2024-03-06,0.504225352112676
2024-03-07,0.486697965571205
2024-03-08,0.5064162754303599
2024-03-11,0.5114241001564945
2024-03-12,0.5196998123827392
2024-03-13,0.5270396999062207
2024-03-14,0.5332708528584817
2024-03-15,0.5148391127772571
2024-03-18,0.5307716338644174
2024-03-19,0.5227982510930669
2024-03-20,0.5349781386633354
2024-03-21,0.5535101404056162
2024-03-22,0.5704488778054863
2024-03-25,0.5699594889373637
2024-03-26,0.5785869903516963
2024-03-27,0.5698723934018052
2024-03-28,0.5602240896358543
2024-03-29,0.541238717709306
2024-04-01,0.5821406347230865
2024-04-02,0.5429371499688861
2024-04-03,0.5099564405724953
2024-04-04,0.5168014934660858
2024-04-05,0.5009334163036714
2024-04-08,0.47324206596141877
2024-04-09,0.47137523335407594
2024-04-11,0.4495955196017424
2024-04-12,0.454488971730351
2024-04-15,0.4429947188567878
2024-04-16,0.39149332505433093
2024-04-17,0.38932008692952497
2024-04-18,0.4337162371934182
2024-04-19,0.3984496124031008
2024-04-22,0.41710567090176637
2024-04-23,0.4211830288014865
2024-04-24,0.4439628482972136
2024-04-25,0.4351593933766636
2024-04-26,0.4396658415841584
2024-04-29,0.463490099009901
2024-04-30,0.4704791344667697
2024-05-02,0.4721878862793572
2024-05-03,0.4780593325092707
2024-05-07,0.5010805804260574
2024-05-08,0.5158999691262736
2024-05-09,0.5026242667489966
2024-05-10,0.5106514356282803
2024-05-13,0.4962985811227637
2024-05-14,0.5109466543324083
2024-05-16,0.5328399629972248
2024-05-17,0.5083230579531443
2024-05-20,0.5044684129429892
2024-05-21,0.49830508474576274
2024-05-22,0.49815157116451014
2024-05-23,0.4953817733990148
2024-05-24,0.47967980295566504
2024-05-27,0.4817204301075269
2024-05-28,0.48448540706605225
2024-05-29,0.458729671678429
2024-05-30,0.43282208588957055
2024-05-31,0.44056372549019607
2024-06-03,0.47671568627450983
2024-06-04,0.46278713629402757
2024-06-05,0.46799387442572743
2024-06-07,0.48208269525267994
2024-06-10,0.4776621787025704
2024-06-11,0.47460220318237456
2024-06-12,0.48408812729498163
2024-06-13,0.48561811505507957
2024-06-14,0.4700122399020808
2024-06-17,0.469256653410829
2024-06-18,0.4707861731416335
2024-06-19,0.46636085626911317
2024-06-20,0.47186544342507647
2024-06-21,0.45612962396820544
2024-06-24,0.4331093463653024
2024-06-25,0.44702290076335877
2024-06-26,0.44213740458015266
2024-06-27,0.42155067155067155
2024-06-28,0.4352869352869353
2024-07-01,0.4382056759231004
2024-07-02,0.41336180597925565
2024-07-03,0.40329469188529593
2024-07-04,0.4066503965832825
2024-07-05,0.4124466137888957
2024-07-08,0.424954240390482
2024-07-09,0.436241610738255
2024-07-10,0.4405125076266016
2024-07-11,0.44281793229643185
2024-07-12,0.4482023156611822
2024-07-15,0.45612431444241314
2024-07-16,0.4466788543570993
2024-07-17,0.44789762340036565
2024-07-18,0.42918062747487057
2024-07-19,0.42657342657342656
2024-07-22,0.4027355623100304
2024-07-23,0.3974475843208751
2024-07-24,0.3907626861136433
2024-07-25,0.3527803099361896
2024-07-26,0.3699544764795144
2024-07-29,0.3961176827418866
2024-07-30,0.36586844498332827
2024-07-31,0.37958194486519237
2024-08-01,0.3984256736300333
2024-08-02,0.3033605812897366
2024-08-05,0.15107478050257342
2024-08-06,0.19315773539206782
2024-08-07,0.22988505747126436
2024-08-08,0.23109497882637628
2024-08-09,0.2633807075899607
2024-08-12,0.28243120653159964
2024-08-13,0.2773413897280967
2024-08-14,0.3018126888217523
2024-08-16,0.3249773482331622
2024-08-19,0.30957414678344913
2024-08-20,0.32709151313802476
2024-08-21,0.32891166716912873
2024-08-22,0.31464737793851716
2024-08-23,0.3155515370705244
2024-08-26,0.30681133212778783
2024-08-27,0.30560578661844484
2024-08-28,0.29957805907172996
2024-08-29,0.28541289933694997
2024-08-30,0.30168776371308015
2024-09-02,0.2911392405063291
2024-09-03,0.29680915111378686
2024-09-04,0.23359422034918723
2024-09-05,0.2296809151113787
2024-09-06,0.2055371652121577
2024-09-09,0.21209386281588447
2024-09-10,0.21971746318004207
2024-09-11,0.2084710123160108
2024-09-12,0.24421748272754581
2024-09-13,0.25555555555555554
2024-09-19,0.2755102040816326
2024-09-20,0.291579262810908
2024-09-23,0.29119233073696826
2024-09-24,0.3048817011081162
2024-09-25,0.2955089820359281
2024-09-26,0.32924274169410356
2024-09-27,0.33263535746335626
2024-09-30,0.30322966507177035
2024-10-02,0.28498803827751196
2024-10-04,0.28438995215311
2024-10-07,0.3223684210526316
2024-10-08,0.31391875746714454
2024-10-10,0.3201911589008363
2024-10-11,0.3135264257987459
2024-10-14,0.322089552238806
2024-10-15,0.3348254252461952
2024-10-16,0.3262749776319714
2024-10-17,0.3265732180137191
2024-10-18,0.31852072770653145
2024-10-21,0.3203101699970176
2024-10-22,0.30301222785565163
2024-10-23,0.30773809523809526
2024-10-24,0.29970238095238094
2024-10-25,0.29217494793216303
2024-10-28,0.30279595478881616
2024-10-29,0.3097502972651605
2024-10-30,0.30410225921522
2024-10-31,0.2971768202080238
2024-11-01,0.2826151560178306
2024-11-04,0.30341753343239225
2024-11-05,0.3084695393759287
2024-11-06,0.3167111902641733
2024-11-07,0.3089937666963491
2024-11-08,0.3069159988127041
2024-11-11,0.2920747996438112
2024-11-12,0.26409495548961426
2024-11-13,0.23466666666666666
2024-11-14,0.23466666666666666
2024-11-15,0.24052132701421802
2024-11-18,0.24726088244003552
2024-11-19,0.2532544378698225
2024-11-20,0.25643300798580304
2024-11-21,0.25251330573625075
2024-11-22,0.2624889151640556
2024-11-25,0.2808158439255099
2024-11-26,0.28478581979320533
2024-11-27,0.2903988183161004
2024-11-28,0.29335302806499264
2024-11-29,0.2793857058476078
2024-12-02,0.2669816893089191
2024-12-03,0.29241664207730894
2024-12-04,0.2826792564178224
2024-12-05,0.2608439067571555
2024-12-06,0.25287695485393924
2024-12-09,0.21953378577751548
2024-12-10,0.26060070671378094
2024-12-11,0.29496614659994114
2024-12-12,0.3105681483662055
2024-12-13,0.3264645275242861
2024-12-16,0.3347070944951428
2024-12-17,0.3276420370915514
2024-12-18,0.3404944084755739
2024-12-19,0.3199177438307873
2024-12-20,0.2960352422907489
2024-12-23,0.32481644640234947
2024-12-24,0.31963604343997654
2024-12-26,0.3154342723004695
2024-12-27,0.2719812426729191
2024-12-30,0.28399765533411486
2025-01-02,0.30568581477139506
2025-01-03,0.325717633274751
2025-01-06,0.3538371411833626
2025-01-07,0.3585237258347979
2025-01-08,0.37141183362624486
2025-01-09,0.373134328358209
2025-01-10,0.3785839672322996
2025-01-13,0.35283791691047395
2025-01-14,0.37485380116959066
2025-01-15,0.3618824904998538
2025-01-16,0.3995333916593759
2025-01-17,0.410615339749198
2025-01-20,0.4078717201166181
2025-01-21,0.4124162051879918
2025-01-22,0.4227855477855478
2025-01-23,0.3927219796215429
2025-01-24,0.4078602620087336
2025-01-31,0.40325865580448067
2025-02-03,0.34195987205583017
2025-02-04,0.381048971312663
2025-02-05,0.40730011587485515
2025-02-06,0.439038517231393
2025-02-07,0.4295224312590449
2025-02-10,0.4401041666666667
2025-02-11,0.4519675925925926
2025-02-12,0.43956043956043955
2025-02-13,0.465452442902573
2025-02-14,0.48554913294797686
2025-02-17,0.5177694308003468
2025-02-18,0.5310424487438637
2025-02-19,0.5547550432276657
2025-02-20,0.5516844226893176
2025-02-21,0.5627518710420265
2025-02-24,0.5624640184225677
2025-02-25,0.5549798503166379
2025-02-26,0.574302960620868
2025-02-27,0.5579189422247772
2025-02-28,0.4658045977011494
2025-03-04,0.4340706693478885
2025-03-05,0.4803217466245332
2025-03-06,0.4770378874856487
2025-03-07,0.4526406429391504
2025-03-10,0.45407577497129736
2025-03-11,0.4115958668197474
2025-03-12,0.44144661308840416
2025-03-13,0.4279977051061388
2025-03-14,0.44221393748207627
2025-03-17,0.46559633027522934
2025-03-18,0.4752077959300659
2025-03-19,0.4783729590375251
2025-03-20,0.47109330280480827
2025-03-21,0.45894134477825466
2025-03-24,0.4641120960823563
2025-03-25,0.4499714122355632
2025-03-26,0.46514285714285714
2025-03-27,0.4347329334475864
2025-03-28,0.3870967741935484
2025-03-31,0.3008849557522124
2025-04-01,0.3651156151869826
2025-04-02,0.3562660576648587
2025-04-03,0.32229517556380244
2025-04-04,0.32486440194119326
2025-04-07,0.22923208678275764
2025-04-08,0.24407650585212676
2025-04-09,0.21866971167570654
2025-04-10,0.30031401655723666
2025-04-11,0.32829003711104765
2025-04-14,0.3654010847844705
2025-04-15,0.39623180131316016
2025-04-16,0.37796174707393665
2025-04-17,0.4082215244076506
2025-04-18,0.4361975449614616
2025-04-21,0.4474885844748858
2025-04-22,0.4557648401826484
2025-04-23,0.5051340559041643
2025-04-24,0.5102622576966933
2025-04-25,0.5381984036488028
2025-04-28,0.5235109717868338
2025-04-29,0.537453716889775
2025-04-30,0.5239179954441914
2025-05-02,0.517369020501139
2025-05-07,0.5301822323462415
2025-05-08,0.5458428246013668
2025-05-09,0.5435649202733486
2025-05-12,0.5846854540278964
2025-05-13,0.6001707455890722
2025-05-14,0.6429587482219061
2025-05-15,0.6126279863481229
2025-05-16,0.5839021615472128
2025-05-19,0.5389647326507395
2025-05-20,0.5629798123400626
2025-05-21,0.5740688086437304
2025-05-22,0.5463331438317226
2025-05-23,0.5368002273373117
2025-05-26,0.5532821824381927
2025-05-27,0.5512929809605002
2025-05-28,0.5710227272727273
2025-05-29,0.6130681818181818
2025-05-30,0.5914772727272727
2025-06-02,0.584493041749503
2025-06-04,0.636389440817485
2025-06-05,0.6443372126028952
2025-06-09,0.6741413567981833
2025-06-10,0.6832245245529378
2025-06-11,0.709338631847857
2025-06-12,0.7009080590238366
2025-06-13,0.6581560283687943
2025-06-16,0.6678014184397163
2025-06-17,0.6697872340425531
2025-06-18,0.6780045351473923
2025-06-19,0.6786625106262397
2025-06-20,0.6869688385269122
2025-06-23,0.660056657223796
2025-06-24,0.7028328611898017
2025-06-25,0.7093484419263456
2025-06-26,0.6753541076487252
2025-06-27,0.6645892351274788
2025-06-30,0.659303313508921
2025-07-01,0.6782781081846503
2025-07-02,0.6809173272933182
2025-07-03,0.7095130237825594
2025-07-04,0.6911098527746319
2025-07-07,0.6800679501698754
2025-07-08,0.6823329558323896
2025-07-09,0.6945073612684032
2025-07-10,0.7075311438278595
2025-07-11,0.7163080407701019
2025-07-14,0.7061155152887882
2025-07-15,0.7154586636466591
2025-07-16,0.7049830124575311
2025-07-17,0.7180067950169875
2025-07-18,0.7273499433748585
2025-07-21,0.7327293318233296
2025-07-22,0.7131936579841449
2025-07-23,0.7097961494903737
2025-07-24,0.6930917327293318
2025-07-25,0.692329465043872
2025-07-28,0.6748726655348047
2025-07-29,0.6751556310130165
2025-07-30,0.6844934917940011
2025-07-31,0.6810979060554613
2025-08-01,0.5997171145685997
2025-08-04,0.6171897087927622
2025-08-05,0.6424533634821933
2025-08-06,0.6599773883550029
2025-08-07,0.6585641605426795
2025-08-08,0.6648770839220118
2025-08-11,0.6590395480225989
2025-08-12,0.6503812482349619
2025-08-13,0.6524562394127611
2025-08-14,0.6589497459062676
2025-08-18,0.615015523567598
2025-08-19,0.5973476297968398
2025-08-20,0.5713882618510158
2025-08-21,0.5835214446952596
2025-08-22,0.5829571106094809
2025-08-25,0.6025387870239775
2025-08-26,0.6045133991537377
2025-08-27,0.5961646926113932
2025-08-28,0.5967287084038353
2025-08-29,0.583756345177665
2025-09-01,0.5544275239706712
2025-09-02,0.5641387087679729
2025-09-03,0.5690529875986471
2025-09-04,0.5932919954904171
2025-09-05,0.6034385569334837
2025-09-08,0.616685456595265
2025-09-09,0.6297548605240912
2025-09-10,0.642152719075796
2025-09-11,0.6463792617638772
2025-09-12,0.6644125105663568
2025-09-15,0.6694843617920541
2025-09-16,0.6599041983657369
2025-09-17,0.6514511129895745
2025-09-18,0.6759650605804451
2025-09-19,0.6601859678782755
2025-09-22,0.6539870386024232
2025-09-23,0.6393350239504085
2025-09-24,0.6201746970977741
2025-09-25,0.6100309946463792
2025-09-26,0.556056338028169
2025-09-29,0.5705435088707407
2025-09-30,0.5539284708532808
2025-10-01,0.5520833333333334
2025-10-02,0.566722972972973
2025-10-10,0.5501126126126126
2025-10-13,0.545045045045045
2025-10-14,0.5322262876442443
2025-10-15,0.565156206023079
2025-10-16,0.5617787784970447
2025-10-17,0.5325077399380805
2025-10-20,0.549113425274416
2025-10-21,0.5468618069237264
2025-10-22,0.5616207090602139
2025-10-23,0.5438942037141249
2025-10-24,0.549085794655415
2025-10-27,0.5582114735658043
2025-10-28,0.5532752319370255
2025-10-29,0.5425920719707619
2025-10-30,0.5105425920719707
2025-10-31,0.507026419336706
2025-11-03,0.4896008993816751
2025-11-04,0.491849353569421
2025-11-05,0.4640247329960652
2025-11-06,0.4773812868783366
2025-11-07,0.4534981736442821
2025-11-10,0.4914301770160157
2025-11-11,0.4858106209609441
2025-11-12,0.512784490025288
2025-11-13,0.5157303370786517
2025-11-14,0.4905925301881494
2025-11-17,0.4925582701488346
2025-11-18,0.4416058394160584
2025-11-19,0.44357102751263333
2025-11-20,0.4678641594162223
2025-11-21,0.43209876543209874
2025-11-24,0.4239618406285073
2025-11-25,0.4217171717171717
2025-11-26,0.44725028058361394
2025-11-27,0.4444444444444444
2025-11-28,0.4725028058361392
2025-12-01,0.4739057239057239
2025-12-02,0.49130190796857465
2025-12-03,0.5151515151515151
2025-12-04,0.5086980920314254
2025-12-05,0.5210437710437711
2025-12-08,0.5164095371669004
2025-12-09,0.5155680224403927
2025-12-10,0.5093969144460028
2025-12-11,0.5279102384291725
2025-12-12,0.5422159887798036
2025-12-15,0.5360448807854138
2025-12-16,0.506030855539972
2025-12-17,0.5166900420757363
2025-12-18,0.4952327537857543
2025-12-19,0.5193494111048794
2025-12-22,0.5392596747055525
2025-12-23,0.5196298373527762
2025-12-24,0.5179472798653953
2025-12-26,0.5084127874369041
2025-12-29,0.47756590016825573
2025-12-30,0.46971396522714526
2026-01-02,0.4796747967479675
2026-01-05,0.4878048780487805
2026-01-06,0.49172974488365573
2026-01-07,0.4737874964956546
2026-01-08,0.4465937762825904
2026-01-09,0.4659377628259041
2026-01-12,0.4813568825343426
2026-01-13,0.4850014017381553
2026-01-14,0.49677600224278107
2026-01-15,0.503784693019344
2026-01-16,0.4976170451359686
2026-01-19,0.5015419119708439
2026-01-20,0.5250911129800954
2026-01-21,0.49187219730941706
2026-01-22,0.5201793721973094
2026-01-23,0.5535313901345291
2026-01-26,0.5753923766816144
2026-01-27,0.5835201793721974
2026-01-28,0.588680302605772
2026-01-29,0.6012888764359765
2026-01-30,0.5791538246007285
2026-02-02,0.5376856262258336
2026-02-03,0.5843137254901961
2026-02-04,0.6058823529411764
2026-02-05,0.5901960784313726
2026-02-06,0.561344537815126
2026-02-09,0.6057126855222627
2026-02-10,0.6240201567749161
2026-02-11,0.6339210747271201
2026-02-12,0.6452154448796866
2026-02-13,0.6242305540011192
2026-02-19,0.6506293706293707
2026-02-20,0.6557606263982103
2026-02-23,0.6697427293064877
2026-02-24,0.6742170022371364
2026-02-25,0.6683445190156599
2026-02-26,0.6375838926174496
2026-02-27,0.6294742729306487
2026-03-03,0.5626398210290827
2026-03-04,0.3775167785234899
2026-03-05,0.49720357941834453
2026-03-06,0.5212527964205816
2026-03-09,0.44658836689038034
2026-03-10,0.49384787472035796
2026-03-11,0.5180318702823595
2026-03-12,0.5269779144534527
2026-03-13,0.5318613750698714
2026-03-16,0.5220793739519285
2026-03-17,0.536483086385239
2026-03-18,0.5563006426376083
2026-03-19,0.5276536312849162
2026-03-20,0.5579447081820721
2026-03-23,0.4831052778553477
2026-03-24,0.5110304384250209
2026-03-25,0.5448700027956388
2026-03-26,0.5301844605925098
2026-03-27,0.529066517607602
2026-03-30,0.5307434320849637
2026-03-31,0.44577976523197316
2026-04-01,0.5184460592509782
2026-04-02,0.45314685314685316
2026-04-03,0.47692307692307695
2026-04-06,0.46797202797202797
2026-04-07,0.45706293706293705
2026-04-08,0.5202797202797202
2026-04-09,0.521958041958042
2026-04-10,0.5541258741258741
2026-04-13,0.5568946188340808
2026-04-14,0.5997757847533632
2026-04-15,0.6252802690582959
2026-04-16,0.6631165919282511
2026-04-17,0.6776905829596412
2026-04-20,0.6695627802690582
2026-04-21,0.6743273542600897
2026-04-22,0.671804932735426
2026-04-23,0.6580717488789237
2026-04-24,0.6785313901345291
2026-04-27,0.6863789237668162
2026-04-28,0.6776905829596412
2026-04-29,0.6858183856502242
2026-04-30,0.6676008968609866
2026-05-04,0.6631165919282511
2026-05-06,0.6233183856502242
2026-05-07,0.6179932735426009
2026-05-08,0.6266816143497758
2026-05-11,0.5989349775784754
2026-05-12,0.5594170403587444
2026-05-13,0.554652466367713
2026-05-14,0.5753923766816144
2026-05-15,0.5294282511210763
2026-05-18,0.5011217049915873
2026-05-19,0.4761637689287717
2026-05-20,0.44251261918115536
2026-05-21,0.48037016264722376
2026-05-22,0.5190689848569826
2026-05-26,0.5134680134680135
2026-05-27,0.468013468013468
2026-05-28,0.44865319865319864
2026-05-29,0.4292929292929293
2026-06-01,0.4044880785413745
2026-06-02,0.38053841839596186
2026-06-04,0.3839035333707235
2026-06-05,0.3572630398205272
