ym,hreg,areg,hret,aret,gap,hstop,astop,cum_h,cum_a
2018-04,Bull,Bull,4.35922051519012,4.35922051519012,0.0,0,0,1.043592205151901,1.043592205151901
2018-05,Bull,Bull,-0.08781628696645961,-0.08781628696645961,0.0,0,0,1.0426757612262654,1.0426757612262654
2018-06,Bull,Bull,-9.361052750349415,-9.361052750349415,0.0,0,0,0.9450703332027673,0.9450703332027673
2018-07,Bear,Bull,3.690238702780456,3.8072880996585208,-0.11704939687806476,4,0,0.9799456844071119,0.9810518835321994
2018-08,Bear,Bull,-2.521232753546658,-1.7982179787402606,-0.7230147748063974,7,0,0.9552389728448729,0.9634104321817535
2018-09,Bear,Bull,-2.1721457124482457,-2.461101376663727,0.28895566421548136,5,0,0.9344897904525883,0.9396999247724064
2018-10,Bull,Bull,-11.672665263759981,-11.685079093329993,0.012413829570011303,1,0,0.8254099252890456,0.8298952453227884
2018-11,Bear,Bull,1.8435873198700523,4.131588655311487,-2.2880013354414346,16,0,0.8406270780086232,0.8641831031295142
2018-12,Bear,Bear,-4.28533737587197,-4.367298343003283,0.0819609671313129,0,0,0.8046033716430193,0.8264416487860246
2019-01,Bull,Bear,8.607425863840694,8.53548249984778,0.07194336399291429,0,5,0.8738590103551548,0.8969824310896091
2019-02,Bull,Bear,-1.9728495066242389,-1.9975628595753354,0.02471335295109664,0,1,0.8566190871807716,0.8790646431892472
2019-03,Bull,Bear,-1.2788211960927425,-2.0438956081060065,0.7650744120132638,0,10,0.8456644607241278,0.8610974795546894
2019-04,Bull,Bear,3.6088775997890945,3.393782455145705,0.2150951446433895,0,4,0.8761834560165781,0.8903212547375183
2019-05,Bull,Bear,-6.72349722338542,-7.1562427349270425,0.4327455115416226,0,17,0.817273285679541,0.8266077046278534
2019-06,Bull,Bear,3.435750385704915,3.339033700281903,0.09671668542301226,0,1,0.8453527557445392,0.8542084144545041
2019-07,Bear,Bull,-6.100366395344368,-8.88339540727455,2.7830290119301835,14,0,0.7937831403109817,0.7783257033962999
2019-08,Bear,Bull,-1.9079502331187603,-1.5989412932112028,-0.3090089399075575,14,0,0.778638153034961,0.76588073232902
2019-09,Bear,Bear,5.174683213153044,1.5922901480491334,3.58239306510391,0,10,0.818930210831266,0.7780757757757015
2019-10,Bear,Bear,-5.21199576876794,-5.375278689444951,0.16328292067701103,3,4,0.7762476028935781,0.7362520344126967
2019-11,Bull,Bull,-0.11899427919649856,-0.12464165644557366,0.005647377249075108,1,1,0.7753239126537348,0.7353343576813904
2019-12,Bull,Bull,3.314793061411624,3.314793061411624,0.0,0,0,0.8010242959138459,0.7597091699479889
2020-01,Bull,Bull,-4.811782190704796,-4.811782190704796,0.0,0,0,0.7624807514998451,0.7231536194072803
2020-02,Bear,Bull,-5.432188516786947,-6.173668148304309,0.7414796315173624,24,0,0.7210613596741596,0.6785085147426232
2020-03,Bear,Bear,-10.108859949731528,-8.630935356451127,-1.477924593280401,30,30,0.6481702766730689,0.6199468834471707
2020-04,Bear,Bear,13.093041418298352,13.093041418298352,0.0,2,2,0.7330354794589728,0.7011167856683586
2020-05,Bull,Bull,8.512076508748825,8.512076508748825,0.0,0,0,0.7954320203067945,0.7607963828801299
2020-06,Bull,Bull,-2.558725040147099,-2.558725040147099,0.0,0,0,0.7750791020258565,0.7413296953268426
2020-07,Bull,Bull,7.130370406308563,7.130370406308563,0.0,0,0,0.8303451129421904,0.7941892485356052
2020-08,Bull,Bull,5.156629932310832,5.156629932310832,0.0,0,0,0.8731629375776475,0.8351426490447867
2020-09,Bull,Bull,4.312000077020737,4.312000077020737,0.0,0,0,0.9108137241185121,0.8711540007148308
2020-10,Bull,Bull,0.3843715333729809,0.3843715333729809,0.0,0,0,0.914314632796078,0.8745024687054186
2020-11,Bull,Bull,10.577638696114196,10.577638696114196,0.0,0,0,1.0110275311989503,0.9670041802336768
2020-12,Bull,Bull,10.249222241576389,10.249222241576389,0.0,0,0,1.1146499897950537,1.0661145877511602
2021-01,Bull,Bull,15.078413914536496,15.078413914536496,0.0,0,0,1.2827215289546907,1.2268677580955347
2021-02,Bull,Bull,-0.10624680003278948,-0.10624680003278948,0.0,0,0,1.2813586783768447,1.2255642503619242
2021-03,Bull,Bull,6.312585049175204,6.312585049175204,0.0,0,0,1.3622455347343703,1.3029290359983072
2021-04,Bull,Bull,6.548105732382687,6.548105732382687,0.0,0,0,1.4514468126834388,1.388246206893391
2021-05,Bull,Bear,1.0874281850832832,1.4499770102283862,-0.362548825145103,0,7,1.4672302544160514,1.4083754577387126
2021-06,Bull,Bull,-0.6172086704833357,-0.6841057854169883,0.06689711493365258,0,0,1.4581743820698407,1.398740679751929
2021-07,Bull,Bull,-3.3198628675947877,-3.3198628675947877,0.0,0,0,1.4097649922147242,1.3523044073109018
2021-08,Bull,Bull,-2.570472393642271,-2.570472393642271,0.0,0,0,1.3735273722746115,1.3175437958429672
2021-09,Bull,Bull,-6.221839300721372,-6.221839300721372,0.0,0,0,1.288068706420264,1.2355683381489933
2021-10,Bull,Bull,0.8849658000059669,0.8849658000059669,0.0,0,0,1.2994676739526627,1.246502695377314
2021-11,Bear,Bull,-5.440479189079053,-4.573258923742924,-0.8672202653361285,18,0,1.2287704055824584,1.1894968996262747
2021-12,Bear,Bull,4.928073113767575,5.028554566406212,-0.10048145263863717,0,0,1.2893251095699003,1.249311400289692
2022-01,Bear,Bull,-7.080436808556814,-4.865847177642602,-2.214589630914212,24,0,1.1980352599299477,1.1885218167787286
2022-02,Bull,Bull,0.8698799374550696,1.2057741834608269,-0.33589424600575724,0,0,1.208456728299716,1.202852706010246
2022-03,Bull,Bull,-1.7807556959510153,-1.7807556959510153,0.0,0,0,1.1869370662774155,1.1814328379340677
2022-04,Bull,Bull,-0.9436443403210281,-0.9436443403210281,0.0,0,0,1.1757366018283162,1.1702843138242087
2022-05,Bull,Bear,-0.08709780742757363,0.7808861214897754,-0.8679839289173491,0,8,1.1747125610270004,1.1794229016128337
2022-06,Bull,Bear,-14.55618813484261,-10.980686900680825,-3.5755012341617847,0,24,1.0037191906002825,1.0499141655518036
2022-07,Bear,Bear,3.397505665780959,3.2953564689185697,0.10214919686238888,6,5,1.037820606969458,1.0845125799244073
2022-08,Bull,Bear,-0.15153704709259921,-0.769838490527459,0.6183014434348597,0,5,1.036247924267538,1.0761635846495368
2022-09,Bull,Bear,-9.18289987469501,-7.489496391518152,-1.6934034831768585,0,23,0.9410903149284446,0.9955643518103774
2022-10,Bear,Bear,1.828617596212714,0.420833720242216,1.407783875970498,11,7,0.9582992580234798,0.9997540223095064
2022-11,Bear,Bear,3.7364901760320537,3.8161042131053327,-0.07961403707327924,4,4,0.9941060156565152,1.0379056776755495
2022-12,Bull,Bear,-8.62466274325213,-7.322502953182726,-1.3021597900694057,0,9,0.9083677244957595,0.9619050037765062
2023-01,Bear,Bull,4.391775160626869,6.228606354375694,-1.8368311937488244,9,3,0.9482611925873159,1.0218182799647875
2023-02,Bull,Bull,3.7065527930473747,3.7052372244010563,0.0013155686463185712,0,0,0.9834089943065454,1.0596790712397774
2023-03,Bull,Bull,1.0785842275457516,1.0785842275457516,0.0,0,0,0.994015888611402,1.071108602564773
2023-04,Bull,Bull,3.9093838761089064,3.9093838761089064,0.0,0,0,1.0328757854867368,1.1129823495690556
2023-05,Bull,Bull,-2.212885986264591,-2.212885986264591,0.0,0,0,1.0100194219741805,1.0883533191258437
2023-06,Bull,Bull,5.504857129869049,5.504857129869049,0.0,0,0,1.0656195481377884,1.1482656144119092
2023-07,Bull,Bull,6.886022409893079,6.886022409893079,0.0,0,0,1.138998349026758,1.2273354419454099
2023-08,Bull,Bull,-3.3252771055045467,-3.3252771055045467,0.0,0,0,1.1011234976944964,1.1865231374866563
2023-09,Bull,Bull,-0.174394512165272,-0.174394512165272,0.0,0,0,1.0992031987423547,1.1844539062493082
2023-10,Bull,Bull,-6.530562769055622,-6.530562769055622,0.0,0,0,1.027419043889018,1.1071024004311658
2023-11,Bear,Bull,6.62631812006274,7.135034631068797,-0.5087165110060576,4,0,1.0954990981632113,1.1860945401033234
2023-12,Bull,Bull,5.615152097696145,5.620347860913742,-0.00519576321759696,0,0,1.1570130387539652,1.2527571792164351
2024-01,Bull,Bull,3.9094474354355446,3.9094474354355446,0.0,0,0,1.2022458553251871,1.3017330626315469
2024-02,Bull,Bull,9.252133595409742,9.252133595409742,0.0,0,0,1.31347924800515,1.4221711446418364
2024-03,Bull,Bull,-2.2426245308646067,-2.2426245308646067,0.0,0,0,1.2840228401815705,1.3902771856812204
2024-04,Bull,Bull,-0.5578728049797433,-0.5578728049797433,0.0,0,0,1.276859625946469,1.3825212073484672
2024-05,Bull,Bear,-0.21174518292543681,-0.1603026888178259,-0.051442494107610925,0,7,1.2741559371958076,1.3803049886796108
2024-06,Bull,Bull,4.229299763129276,4.197053375859438,0.03224638726983739,0,0,1.3280438112295274,1.4382371258041444
2024-07,Bull,Bull,-5.970252196291711,-5.970252196291711,0.0,0,0,1.2487562464218804,1.3523707422129396
2024-08,Bull,Bull,-4.49031852005496,-4.49031852005496,0.0,0,0,1.1926831134184557,1.2916449883155472
2024-09,Bull,Bull,-0.9934568570528611,-0.9934568570528611,0.0,0,0,1.1808343212452885,1.2788130526103467
2024-10,Bull,Bear,0.16907131925471308,2.2627075217314245,-2.0936362024767114,0,14,1.1828307734104304,1.3077488517406444
2024-11,Bull,Bear,-0.1602282667113792,-0.4388591795257182,0.278630912814339,0,12,1.180935544164066,1.3020096758596384
2024-12,Bear,Bear,1.3954844270750169,1.0344651015965984,0.3610193254784184,8,4,1.1974153157766694,1.3154785115758174
2025-01,Bull,Bear,0.036580618155256345,0.09838917670519295,-0.06180855854993661,0,4,1.1978533377010663,1.3167728000530905
2025-02,Bull,Bull,-0.794690699410871,-0.8124061480996758,0.01771544868880478,0,2,1.1883341086337733,1.3060752568689549
2025-03,Bull,Bull,-0.07436332223607627,-0.07436332223607627,0.0,0,0,1.1874504239113286,1.3051040159170437
2025-04,Bear,Bear,-5.656221391386406,-4.14002821842603,-1.5161931729603757,16,16,1.1202855990219474,1.2510723413782667
2025-05,Bull,Bear,8.04592033550345,7.978106500523651,0.0678138349797977,0,5,1.2104228858493709,1.3508842251720194
2025-06,Bull,Bull,19.089363656970022,19.091651418138216,-0.002287761168193181,0,0,1.4414849123163485,1.6087903325044788
2025-07,Bull,Bull,-8.321755086351615,-8.321755086351615,0.0,0,0,1.3215280683066717,1.4749107411805542
2025-08,Bull,Bull,3.266755696540935,3.266755696540935,0.0,0,0,1.3646991617594673,1.523092471836964
2025-09,Bull,Bull,12.026687826512955,12.026687826512955,0.0,0,0,1.5288272697153173,1.7062700487339153
2025-10,Bull,Bull,31.398062798290866,31.398062798290866,0.0,0,0,2.0088494159379287,2.242005790143818
2025-11,Bull,Bull,-0.3995962629265627,-0.3995962629265627,0.0,0,0,2.0008221287440184,2.233046818791806
2025-12,Bull,Bull,12.961714919065937,12.961714919065937,0.0,0,0,2.260162989109405,2.5224879814528713
2026-01,Bull,Bull,15.216571052629707,15.216571052629707,0.0,0,0,2.604082296252477,2.906324157444692
2026-02,Bull,Bull,18.720406913882037,18.720406913882037,0.0,0,0,3.0915770984833038,3.450399865954792
2026-03,Bull,Bull,-10.32853265987158,-10.32853265987158,0.0,0,0,2.7722625481613457,3.094024188903486
2026-04,Bull,Bull,42.814892336004604,42.814892336004604,0.0,0,0,3.9592037734280034,4.418727314232453
2026-05,Bull,Bull,17.503926120808472,17.503926120808472,0.0,0,0,4.6522198769011025,5.192178078795686
2026-06,Bear,Bear,-2.522686433527014,-2.520640412735128,-0.0020460207918859136,2,1,4.534858957208671,5.061301939840387
