as_of,ai_says_bear,ai_v2_p_bear_total,kospi_ret_6m,vix_zscore_3m,foreign_5d_norm,kospi_next_ret,real_bear,ml_proba
2018-04-01,1,0.55,-0.9759876065065788,0.4215032992968416,-1.1547908706567165,1.301552454132037,0,0.5172123337833957
2018-06-01,1,0.55,-4.38124519600307,-0.5338896632363151,-1.909916374844029,-3.978906999041227,1,0.5527937281573743
2018-07-01,1,0.55,-8.747152619589983,0.2686000331485739,-2.041665816548284,1.4638297872340424,0,0.5662655727012977
2018-08-01,1,0.55,-11.597211923476202,-0.5436855727616885,-1.2887957087765562,0.1671681711802073,0,0.5431788460313982
2018-09-01,1,0.4499999999999999,-4.112658025284044,-0.1676240651566756,-0.1349913258684932,1.141514184992446,0,0.48414223632736786
2018-10-01,1,0.55,-5.5198369139093595,-0.6948546219974232,0.2177563346734215,-12.383798140770253,1,0.4733533787252375
2018-11-01,1,0.75,-17.711256626130346,1.4812773503439918,-3.3553072517318228,3.34855403348554,0,0.6316942407459202
2018-12-01,1,0.55,-13.19910514541387,0.1588685883940944,-1.8692990323126155,-3.817622580061516,1,0.568355890976692
2019-01-01,1,0.6000000000000001,-9.51489361702128,0.966395131160666,-1.3986021899162966,10.487247811191471,0,0.5433056138482404
2019-04-01,1,0.55,-6.457503320053126,-1.0331258483639016,1.5427075625376072,-0.1926444833625219,0,0.42474620320214534
2019-06-01,1,0.65,-4.595621494481639,1.9350171305093988,0.3272781820237534,3.805970149253731,0,0.4673392297860958
2019-08-01,1,0.55,-8.018623900672528,0.4286194042318333,1.7254186521700527,-2.871621621621622,0,0.4208803877140615
2019-09-01,1,0.6000000000000001,-9.733124018838302,1.0722317101476715,-0.6488805773943666,5.825617283950617,0,0.5149790474810071
2020-02-01,1,0.55,8.35210210210211,3.5955393988721567,-0.7026197631056446,-5.900674857241738,1,0.481458007711834
2020-03-01,1,0.6000000000000001,4.899691358024683,4.5031335234808,-2.1329645087778277,-12.258652094717668,1,0.543198968789818
2020-04-01,1,0.75,-12.402254955446445,1.0132365697660766,-3.1900102788159352,12.480940971465913,0,0.6159124447062551
2020-11-01,1,0.4499999999999999,20.391451967245857,2.8752260169417405,-1.0672832425322578,13.34967320261438,0,0.47181633921526317
2021-04-01,1,0.55,34.24025457438344,-1.1001577601944494,-1.8403159843360024,-0.6459948320413437,0,0.47430406009288517
2021-08-01,1,0.55,0.794780545670215,0.0809966263419829,-1.7405712182165518,-1.6399203467260162,0,0.5362192023077514
2021-09-01,1,0.6,-0.4387004979843456,-0.5637104200877353,-2.0552675481107467,-4.400047568081817,1,0.5506508669489097
2021-10-01,1,0.6000000000000001,-5.5790462767207005,2.120724028072458,-1.2055679846784613,-1.5718088477627077,0,0.5282054396094482
2021-11-01,1,0.55,-7.614515169541935,-0.8585170794895932,-1.420947619037046,-3.988713607797871,1,0.540444914806168
2021-12-01,1,0.55,-12.96360888268806,2.844926738613891,-0.6580510535270555,4.017740673102009,0,0.5216824983045111
2022-01-01,1,0.6000000000000001,-8.63886342804766,-0.5486138360375635,0.4228646882863567,-9.295633679469535,1,0.471603210577838
2022-02-01,1,0.75,-15.07555347311702,0.8218863891687672,0.9967435351975206,0.0136612021857923,0,0.4622246409759514
2022-03-01,1,0.6000000000000001,-12.938518254251395,1.4812051177221173,0.6399307785205685,1.7144424633109314,0,0.4717112555354359
2022-04-01,1,0.55,-5.995690201546456,-0.962974885461918,-1.2190200024188054,-3.492322326403044,1,0.5295390199047527
2022-05-01,1,0.6000000000000001,-8.91368475054508,1.639139552996581,-2.2241357243683715,0.1837455830388692,0,0.5734738716427061
2022-06-01,1,0.6000000000000001,-7.539786068353771,-0.1628636010656267,-1.5884783019599114,-11.924119241192413,1,0.5466989395261744
2022-07-01,1,0.75,-22.74490178906543,0.3390211351323093,-1.6968283296238298,5.971858638743456,0,0.5802396123897552
2022-08-01,1,0.55,-11.516393442622952,-1.9977966742895972,-0.950619537816748,-0.4324992276799506,0,0.530073161221726
2022-09-01,1,0.55,-11.589631051981897,0.2687127954643141,0.1517841115942521,-10.238095238095235,1,0.4878191577921771
2022-10-01,1,0.75,-23.155320016306568,2.164104065120103,-0.0706636449325262,3.470303867403315,0,0.5191388032629167
2022-11-01,1,0.55,-15.29328621908127,-0.1252445798616381,1.749630664834792,5.440499671268903,0,0.4339864527875629
2023-01-01,1,0.6000000000000001,-3.1577225130890008,-0.8575859760465498,1.205196511391786,9.296397008837523,0,0.4311076081585961
2023-03-01,1,0.55,1.28571428571429,-0.0077472233168193,1.6259591861637248,2.2041581991558545,0,0.4068236371505889
2023-04-01,1,0.5,12.879834254143653,-0.9970010277571468,0.9954789262560896,0.3074558032282859,0,0.4082201790175796
2023-09-01,1,0.55,4.971080193840871,-0.8603344847475674,-0.2056495778625129,-3.052196992037747,1,0.4690143402910543
2023-10-01,1,0.55,1.0760953112989968,1.5996894594751832,-1.2075031096417588,-4.202468364318075,1,0.5152038560867116
2023-11-01,1,0.6000000000000001,-7.034566403881137,0.651637643274814,-2.179616786708631,9.232748914267331,0,0.5681695272719681
2024-02-01,1,0.55,-3.9056952137480505,0.987997404823574,2.394983088386584,4.141238012205754,0,0.3882565567490066
2024-05-01,1,0.55,17.902525333762263,0.6323556041085601,1.5998122061121705,-1.3829932904285909,0,0.37661665256766197
2024-08-01,1,0.55,10.796280151118864,1.839297040157915,1.2145208643760137,-4.861748132616958,1,0.4040425307674555
2024-09-01,1,0.4499999999999999,-0.1375515818431871,-0.1355844890103212,0.5334307551289085,-4.247104247104247,1,0.4507409418628365
2024-10-01,1,0.55,-8.571428571428575,-0.1018041298318649,-2.615750571631928,-0.7859118032309707,0,0.5875010552914774
2024-11-01,1,0.55,-6.654799397507871,1.1037850673961471,-2.298731896805557,-3.560348648249372,1,0.5719318931070441
2024-12-01,1,0.55,-10.965630114566284,-1.805055453848238,-1.8750535083968256,-1.9571865443425076,0,0.5642540225716572
2025-01-01,1,0.55,-16.98601760745727,-0.0208929070089297,-1.602565336242009,4.548296342607064,0,0.5655934241976873
2025-04-01,1,0.6000000000000001,-1.4262843836413963,1.146798708435543,-1.295536281437098,-1.208151382823872,0,0.5235062373221554
2025-05-01,1,0.55,0.2659181563007928,0.1068195548912257,-2.1432518545174,6.403650817017518,0,0.552629362973593
2025-09-01,1,0.55,28.208933076124044,-0.83099028821126,0.9552964347603806,12.14832254267216,0,0.3808720177792055
2025-12-01,1,0.55,54.0484429065744,-0.5655704106333149,-0.5654421695834193,9.572649572649574,0,0.38813529064181074
2026-04-01,1,0.7,56.7051002389114,1.0681399471581452,-0.2910114265118859,21.58330290860411,0,0.37324196592166164
2026-05-01,1,0.6000000000000001,66.70281995661604,0.4876219861891128,1.986600131089904,17.147063013438434,0,0.2793343523731306
