ym,logB_bull,logB_bear,lldiff,raw_dur,raw_plain,E_d_bear,frac_long,breadth,newlow,trend,d_breadth,d_newlow,diverg,kospi_ret,fcf_next,pb_FULL,exp_FULL,pb_NO_DURATION,exp_NO_DURATION,pb_NO_EMA,exp_NO_EMA,pb_NO_BOTH,exp_NO_BOTH
2017-01,,,,,,,,0.0,0.0,0.02670350466294721,0.0,0.0,0.0,0.011641600247119799,,,1.0,,1.0,,1.0,,1.0
2017-02,,,,,,,,0.0,0.0,0.03408083399220426,0.0,0.0,0.0,0.03279249364769088,,,1.0,,1.0,,1.0,,1.0
2017-03,,,,,,,,0.0,0.038718929254302106,0.057676754659490403,0.0,0.0,0.0,0.020928309182937088,,,1.0,,1.0,,1.0,,1.0
2017-04,,,,,,,,0.0,0.04136947218259629,0.06899814731019348,0.0,0.04136947218259629,0.0,0.06435901460809901,,,1.0,,1.0,,1.0,,1.0
2017-05,,,,,,,,0.6354418155480445,0.017975402081362345,0.11816255622471675,0.6354418155480445,0.017975402081362345,0.0,0.018919032481777176,,,1.0,,1.0,,1.0,,1.0
2017-06,,,,,,,,0.5879518072289157,0.03144063819802909,0.12056172260447018,0.5879518072289157,-0.007278291056273013,0.0,0.004565585480605261,,,1.0,,1.0,,1.0,,1.0
2017-07,,,,,,,,0.46105769230769234,0.1223155929038282,0.10701810246205311,0.46105769230769234,0.0809461207212319,0.0,-0.016448102423411104,,,1.0,,1.0,,1.0,,1.0
2017-08,,,,,,,,0.4419493549928333,0.03005085529357374,0.07237232580256894,-0.1934924605552112,0.012075453212211394,0.0,0.01323635851219862,,,1.0,,1.0,,1.0,,1.0
2017-09,,,,,,,,0.3412434741338396,0.019788311090658078,0.06792414288340817,-0.24670833309507612,-0.011652327107371015,0.0,0.05385741417322154,,,1.0,,1.0,,1.0,,1.0
2017-10,,,,,,,,0.39442607463391594,0.022914757103574702,0.1044723427561803,-0.0666316176737764,-0.0994008358002535,0.0,-0.01864914649028071,,,1.0,,1.0,,1.0,,1.0
2017-11,,,,,,,,0.4514312529328954,0.028271773825809393,0.06323498219499395,0.0094818979400621,-0.0017790814677643464,0.0,-0.003585944964967669,,,1.0,,1.0,,1.0,,1.0
2017-12,,,,,,,,0.412861136999068,0.028519692168401993,0.0449518288065326,0.07161766286522842,0.008731381077743915,-1.3253057671922976,0.04010957332950493,,,1.0,,1.0,,1.0,,1.0
2018-01,-26.546710539887105,-7.865668990575461,-18.681041549311644,0.9999999823010468,0.9999999911430076,5.999999372142269,0.9999997808370602,0.5963938973647711,0.0036150022593764122,0.06663073151421918,0.20196782273085517,-0.01929975484419829,-1.2928282535436508,-0.05419911303226155,,0.9999999823010468,0.2,0.9999999911430076,0.2,0.9999999823010468,0.2,0.9999999911430076,0.2
2018-02,-83.83819464445713,-20.363843749335935,-63.4743508951212,0.9999999989151174,0.9999999989550704,6.999999377941413,0.9999998680602539,0.48525345622119814,0.0310391363022942,0.00039833410371750775,0.033822203288302766,0.0027673624764848054,-2.508059519688241,0.0076173247545101574,,0.9999999906080821,0.2,0.999999995049039,0.2,0.9999999989151174,0.2,0.9999999989550704,0.2
2018-03,-71.72418413623161,-15.98184052892622,-55.74234360730539,0.9999999987476601,0.9999999988515987,7.999999469025353,0.9999998905450096,0.4631241410902428,0.013410818059901655,0.0014204112093784366,0.05026300409117479,-0.015108874108500338,-2.110900723671985,0.028427655980584055,0.0435922051519012,0.999999994677871,0.2,0.9999999969503188,0.2,0.9999999987476601,0.2,0.9999999988515987,0.2
2018-04,-51.462927143311255,-11.279131539574797,-40.183795603736456,0.9999999988901652,0.9999999989289541,8.999999521759051,0.9999999094847829,0.5485193621867882,0.021836007130124777,0.02586194663557565,-0.0478745351779829,0.018221004870748365,-1.7341267500331934,-0.03672203696866427,-0.0008781628696645,0.9999999967840181,0.2,0.9999999979396365,0.2,0.9999999988901652,0.2,0.9999999989289541,0.2
2018-05,-83.59196314710083,-20.929769261684953,-62.662193885415874,0.9999999989181136,0.9999999989422297,9.999999557762225,0.9999999916947923,0.5160706201901313,0.0400355871886121,-0.013486506385806884,0.030817163968933137,0.008996450886317904,-2.348601774939509,-0.03998337875727398,-0.0936105275034941,0.9999999978510659,0.2,0.9999999984409331,0.2,0.9999999989181136,0.2,0.9999999989422297,0.2
2018-06,-98.20598521534964,-32.782090686200334,-65.42389452914931,0.9999999989902654,0.999999998992563,10.99999940813937,0.999999996697773,0.34523271577044734,0.08643617021276596,-0.055121105649671806,-0.11789142531979546,0.0730253521528643,-2.0948261784337032,-0.013270915469926647,0.0380728809965852,0.9999999984206656,0.2,0.999999998716748,0.2,0.9999999989902654,0.2,0.999999998992563,0.2
2018-07,-108.40386973152194,-25.92388508200205,-82.47998464951988,0.9999999989795177,0.9999999989831593,11.999999384197165,0.999999999,0.2802519118308592,0.013192612137203167,-0.0646651771331531,-0.268267450355929,-0.00864339499292161,-1.641246733708439,0.012033439753823538,-0.0179821797874026,0.9999999987000916,0.2,0.9999999988499537,0.2,0.9999999989795177,0.2,0.9999999989831593,0.2
2018-08,-84.31333308563805,-18.918367780686122,-65.39496530495192,0.9999999989557895,0.9999999989610932,12.999999407312082,0.9999999990000001,0.3263392857142857,0.016157205240174673,-0.04319894107003041,-0.18973133447584556,-0.02387838194843743,-1.3172118234487014,0.008691876707128454,-0.0246110137666372,0.9999999988279406,0.2,0.9999999989055235,0.2,0.9999999989557895,0.2,0.9999999989610932,0.2
2018-09,-66.62984926108537,-15.814373507706868,-50.8154757533785,0.9999999989057391,0.9999999989116483,13.999999445935268,0.999999999,0.339126559714795,0.02826086956521739,-0.02676937530992641,-0.006106156055652345,-0.05817530064754857,-1.0178129162807343,-0.1337476549186405,-0.1168507909332999,0.9999999988668398,0.2,0.9999999989085859,0.2,0.9999999989057391,0.2,0.9999999989116483,0.2
2018-10,-174.59287783853358,-57.18987266387911,-117.40300517465448,0.9999999989735192,0.9999999989736824,14.99999945146109,0.9999999990000001,0.10938194753223655,0.0622568093385214,-0.1564911710161133,-0.1708699642986226,0.04906419720131824,-1.5147819576653019,0.03309380642103732,0.0413158865531148,0.9999999989201795,0.2,0.9999999989411341,0.2,0.9999999989735192,0.2,0.9999999989736824,0.2
2018-11,-120.08605347179524,-31.904843396437904,-88.18121007535734,0.9999999989491224,0.9999999989466086,15.999999473768284,0.999999999,0.16474756421612047,0.020137103684661525,-0.10311455950389839,-0.16159172149816525,0.003979898444486853,-0.8616691942055189,-0.026620787987619576,-0.0436729834300328,0.999999998934651,0.2,0.9999999989438714,0.2,0.9999999989491224,0.2,0.9999999989466086,0.2
2018-12,-132.815779600399,-36.80596037850579,-96.00981922189321,0.9999999989451943,0.9999999989395059,16.999999495346398,0.999999999,0.140597539543058,0.02037351443123939,-0.11585041706123472,-0.198529020171737,-0.007887355133978001,-0.7879186342987916,0.0802581308836019,0.0860742586384069,0.9999999989399226,0.2,0.9999999989416886,0.2,0.9999999989451943,0.2,0.9999999989395059,0.2
2019-01,-21.407846560942595,-7.0039349091275405,-14.403911651815054,0.9999999523400098,0.999999980194427,17.99794417257962,0.9999999989375179,0.2903930131004367,0.004655099449851883,-0.021462696675266933,0.18101106556820012,-0.05760170988866952,-0.27482612075712204,-0.004267934704496712,-0.0197284950662423,0.9999999756399662,0.2,0.9999999895680578,0.2,0.9999999523400098,0.2,0.999999980194427,0.2
2019-02,-17.184201457150984,-5.936021150321651,-11.248180306829333,0.9999994659647196,0.9999997746447195,18.998029786835996,0.999999972848485,0.3305821025195482,0.0122517955217575,-0.01594087542600675,0.16583453830342776,-0.007885308162904026,-0.3930344619388052,-0.02494717277311076,-0.0127882119609274,0.9999997208023429,0.2,0.9999998821063887,0.2,0.9999994659647196,0.2,0.9999997746447195,0.2
2019-03,-15.89428193143744,-6.413961586446693,-9.480320344990748,0.9999962484796777,0.9999983559069715,19.998080741457265,0.9999997071282734,0.3720829732065687,0.02107037505267594,-0.02784397746559102,0.23148543366351068,0.0006968606214365486,-0.7486595168268576,0.02939274540771497,0.0360887759978909,0.9999979846410103,0.2,0.9999991190066801,0.2,0.9999962484796777,0.2,0.9999983559069715,0.2
2019-04,-12.883083988823678,-7.575427377719566,-5.307656611104112,0.9997382023774208,0.9998809868675534,20.998088729477722,0.9999979468362866,0.5578406169665809,0.013883045856121162,0.009009729462064546,0.26744760386614425,0.00922794640626928,-1.1586942710878436,-0.07344836888932471,-0.0672349722338542,0.9998680935092156,0.2,0.9999400529371167,0.2,0.9997382023774208,0.2,0.9998809868675534,0.2
2019-05,-23.69136620738828,-5.13492447844749,-18.55644172894079,0.9999999982571112,0.9999999986507652,21.996052865611347,0.9998996603456504,0.3471986417657046,0.028080469404861693,-0.05755215157558609,0.01661653924615636,0.015828673883104195,-0.9698532089642773,0.04353156003126646,0.0343575038570491,0.9999340458831634,0.2,0.999970025793941,0.2,0.9999999982571112,0.2,0.9999999986507652,0.2
2019-06,-15.46704552469427,-5.777419839645237,-9.689625685049034,0.999989078638154,0.999994704830214,22.99622298579289,0.9999039007664987,0.4523910283537876,0.04008350730688935,-0.007101519983515922,0.08030805514721889,0.019013132254213413,-0.7990157392973632,-0.049783660401832464,-0.0888019852259,0.9999615622606587,0.2,0.9999823653120775,0.2,0.999989078638154,0.2,0.999994704830214,0.2
2019-07,-29.375124988021348,-8.352584733054975,-21.022540254966373,0.9999999986804854,0.9999999988407354,23.99632906048541,0.9999053374582161,0.2799831081081081,0.0676629306766293,-0.04628444306771609,-0.2778575088584728,0.05377988482050814,-0.42563711270315846,-0.02803586396813429,-0.015989412932112,0.999980780470572,0.2,0.9999911820764065,0.2,0.9999999986804854,0.2,0.9999999988407354,0.2
2019-08,-31.469168135289063,-5.4391986058582384,-26.029969529430826,0.9999999988024583,0.9999999988990468,24.996478737058016,0.9999086868564363,0.2527379949452401,0.009488448844884489,-0.0671955097361137,-0.09446064682046451,-0.018592020559977204,-0.5525334456435347,0.04840964120898228,0.0523024925246462,0.9999903896365152,0.2,0.9999955904877267,0.2,0.9999999988024583,0.2,0.9999999988990468,0.2
2019-09,-25.53015075516604,-5.243634351126152,-20.286516404039887,0.9999999988360476,0.9999999989143366,25.996550027553365,0.9999128559835505,0.30908326324642554,0.028395061728395062,-0.017867039511590337,-0.14330776510736204,-0.01168844557849429,-0.1513780093840386,0.009902780425627533,-0.0516345635274035,0.9999951942362815,0.2,0.9999977947010317,0.2,0.9999999988360476,0.2,0.9999999989143366,0.2
2019-10,-21.826585649656536,-5.880976528662892,-15.945609120993645,0.9999999794489174,0.9999999885846718,26.996657956342546,0.9999979561870128,0.3073701842546064,0.023712183156173343,-0.008773354293174272,0.027387076146498268,-0.04395074752045596,-0.009572880637812753,0.002150239268313925,-0.0011432925981264,0.9999975868425994,0.2,0.9999988916428517,0.2,0.9999999794489174,0.2,0.9999999885846718,0.2
2019-11,-17.44164251493898,-6.3403930225725365,-11.101249492366444,0.9999970355558282,0.9999983937238287,27.99676708133375,0.9999980018424197,0.3045833333333333,0.032454361054766734,-0.0060845591303646295,0.05184533838809324,0.022965912209882245,0.045094325430925786,0.05254409231498869,0.0331479306141162,0.9999973111992138,0.2,0.9999986426833403,0.2,0.9999970355558282,0.2,0.9999983937238287,0.2
2019-12,-14.50811454449849,-6.52710054552681,-7.9810139989716795,0.9999491256304289,0.999972051492699,28.996828527608095,0.9999993399177735,0.39784500621632823,0.014118596208148447,0.04753831670836856,0.08876174296990269,-0.014276465520246615,0.3063656144433935,-0.035792414195787936,-0.0481178219070479,0.9999732184148213,0.2,0.9999853470880196,0.2,0.9999491256304289,0.2,0.999972051492699,0.2
2020-01,-6.436139197852703,-21.318832574081267,14.882693376228563,1.2942764326692407e-05,1.4426923950586227e-05,29.89486139242389,0.9982747855679299,0.3184818481848185,0.12701612903225806,0.009693605282830312,0.011111663930212123,0.10330394587608471,0.2645879386959803,-0.062293240424381,-0.061736681483043,0.49999308058957403,0.5,0.4999998870059851,0.5,1.2942764326692407e-05,1.0,1.4426923950586227e-05,1.0
2020-02,-24.610633472750425,-117.79253139523574,93.18189792248532,1.0206336714908839e-40,7.788236701277348e-41,1.0211105968766446e-31,1.5920657446044666e-36,0.2102015631427396,0.31023368251410155,-0.052737451993655156,-0.09438177019059371,0.2777793214593348,0.120220825623641,-0.11694455185185326,-0.1787914208908876,0.24999654029478702,0.75,0.24999994350299254,0.75,1.0206336714908839e-40,1.0,7.788236701277348e-41,1.0
2020-03,-25.287162551649867,-9.182377771419745,-16.104784780230123,0.999999984726,0.9999999802941297,0.999999999,1.2974427002376754e-45,0.14133986928104575,0.014883346741753822,-0.16232042770724772,-0.2565051369352825,0.000764750533605375,-0.7252783835438763,0.10994850358748165,0.1360470612750471,0.6249982625103936,0.4,0.6249999618985611,0.4,0.999999984726,0.2,0.9999999802941297,0.2
2020-04,-24.587367119899408,-11.617116815281491,-12.970250304617917,0.9999999561100631,0.9999999833543772,1.999999981119231,1.015011137923128e-45,0.3006085192697769,0.012459807073954984,-0.045317524689084815,-0.01787332891504162,-0.11455632195830308,-0.03917376228437941,0.04212446061941999,0.0851192607700717,0.8124991093102283,0.2,0.8124999726264692,0.2,0.9999999561100631,0.2,0.9999999833543772,0.2
2020-05,-57.60971127744913,-53.84200229735122,-3.7677089800979076,0.9997111369363262,0.9998291238955032,2.99999989580952,8.337760964789445e-46,0.4485679709560307,0.01201923076923077,0.0002933678401253365,0.23836640781329108,-0.29821445174487077,-0.5355539850467265,0.038790945746012495,-0.0255872504014709,0.9061051231232773,0.2,0.9061645482609861,0.2,0.9997111369363262,0.2,0.9998291238955032,0.2
2020-06,-8.832333010892238,-7.03309940539646,-1.799233605495778,0.9957769191142108,0.9969804703106542,3.999380993053274,7.629458598854046e-46,0.4588709677419355,0.011590727418065548,0.028130658314911024,0.3175310984608897,-0.003292619323688274,-0.19418513308414787,0.06689656450185977,0.0713037040630856,0.9509410211187441,0.2,0.9515725092858202,0.2,0.9957769191142108,0.2,0.9969804703106542,0.2
2020-07,-7.995960961569962,-8.324799274890896,0.3288383133209347,0.9497771077892257,0.9595485434491896,4.989297520958449,6.656594581319961e-41,0.5982286634460547,0.013116057233704292,0.08500565887107073,0.29762014417627786,0.0006562501597493081,-0.31057716027945426,0.034142804734832444,0.0515662993231083,0.950359064453985,0.2,0.9555605263675049,0.2,0.9497771077892257,0.2,0.9595485434491896,0.2
2020-08,-9.095531238523066,-8.583004173365786,-0.5125270651572791,0.954485549034695,0.9595292946485089,5.8640936070699,0.9723005122805123,0.6041834271922768,0.013033175355450236,0.10648609531186078,0.15561545623624612,0.0010139445862194663,0.0419495803566301,0.0007394002849707704,0.0431200007702073,0.95242230674434,0.2,0.9575449105080069,0.2,0.954485549034695,0.2,0.9595292946485089,0.2
2020-09,-9.352118521107215,-8.562724926473518,-0.7893935946336974,0.9683868691140451,0.9702346275422379,6.7333166224872025,0.9509199700517346,0.6602409638554216,0.009811616954474097,0.09428833212388435,0.20136999611348616,-0.0017791104635914504,-0.4112731056858556,-0.02609229518459133,0.0038437153337298,0.9604045879291926,0.2,0.9638897690251225,0.2,0.9683868691140451,0.2,0.9702346275422379,0.2
2020-10,-11.056851887680885,-7.034514144913916,-4.022337742766969,0.9983048411225657,0.9983966049569731,7.659156878097209,0.9410587773182493,0.6028823058446757,0.014820592823712949,0.05982764941382349,0.004653642398620983,0.0017045355900086566,-0.3801352041420172,0.14299459652479585,0.1057763869611419,0.9793547145258792,0.2,0.9811431869910479,0.2,0.9983048411225657,0.2,0.9983966049569731,0.2
2020-11,-11.67953568997954,-14.614578331801127,2.935042641821587,0.31400158683065543,0.33639383040248827,8.604410979027788,0.9319091042456701,0.7861986437973674,0.008935508935508936,0.1789921716056031,0.18201521660509057,-0.0040976664199413,0.21740015230251197,0.1088741242922524,0.1024922224157638,0.6466781506782673,0.35000000000000003,0.6587685086967681,0.2,0.31400158683065543,0.7000000000000001,0.33639383040248827,0.65
2020-12,-15.700221606542467,-20.98141187542115,5.281190268878682,0.005045538260335437,0.004393608516114508,5.862806713945806,0.5290479519863395,0.8022239872915012,0.015396458814472672,0.250970199987554,0.1419830234360796,0.005584841859998574,0.8022812427201162,0.03575467684780964,0.1507841391453649,0.3258618444693014,0.65,0.33158105860644127,0.65,0.005045538260335437,1.0,0.004393608516114508,1.0
2021-01,-6.970206106949686,-11.552309719596332,4.582103612646646,0.007247470655061379,0.004336931137564608,1.0419496723083481,0.004035518251055816,0.7045813586097947,0.014581734458940905,0.22547621511658206,0.10169905276511892,-0.00023885836477204395,0.8205861358735893,0.012344555900485554,-0.0010624680003278,0.16655465756218138,0.8500000000000001,0.16795899487200294,0.8500000000000001,0.007247470655061379,1.0,0.004336931137564608,1.0
2021-02,-7.551632803327317,-11.683165820195601,4.131533016868284,0.015956412324035097,0.011458179019701266,1.0120356771500354,4.917604798515491e-05,0.6821036106750392,0.021764032073310423,0.19342085260031527,-0.10409503312232815,0.012828523137801487,0.484289224358486,0.01608721402234803,0.063125850491752,0.09125553494310824,0.8500000000000001,0.0897085869458521,0.8500000000000001,0.015956412324035097,1.0,0.011458179019701266,1.0
2021-03,-7.915488899244913,-9.901457947264657,1.9859690480197436,0.17115587642994473,0.14683349904539095,1.0218989766228102,1.0408526446934373e-06,0.7234789391575663,0.012167300380228136,0.16590025086033847,-0.0787450481339349,-0.0032291584342445355,-0.0357183381477717,0.0282353247031637,0.0654810573238268,0.13120570568652648,0.8500000000000001,0.11827104299562152,0.8500000000000001,0.17115587642994473,0.8500000000000001,0.14683349904539095,1.0
2021-04,-7.566099164602463,-8.176614201840362,0.6105150372378993,0.3715141832824841,0.2899530997501615,1.2919493979005263,1.5552131534783512e-07,0.73933281613654,0.019296254256526674,0.15110312854570276,0.034751457526745355,0.004714519797585769,-0.25942573285138426,0.017808864606451147,0.0108742818508328,0.25135994448450527,0.8500000000000001,0.2041120713728915,0.8500000000000001,0.3715141832824841,0.65,0.2899530997501615,0.7000000000000001
2021-05,-7.810486971441488,-7.520325061108666,-0.2901619103328219,0.6807343544656659,0.6335898699267863,1.5996253417735078,8.008481703908835e-08,0.7378752886836027,0.01539039039039039,0.13618449709010436,0.05577167800856353,-0.006373641682920032,-0.38007189547270825,0.02895203751264175,-0.0061720867048333,0.4660471494750856,0.55,0.4188509706498389,0.6000000000000001,0.6807343544656659,0.30000000000000004,0.6335898699267863,0.35000000000000003
2021-06,-8.19100305928666,-7.833126708179626,-0.3578763511070333,0.8808109368176577,0.8063089730805586,2.3684165215557345,5.991077766085518e-06,0.7627443464929091,0.013852489704230626,0.13013010064537364,0.039265407335342783,0.00168518932400249,-0.5098305766807847,-0.02862269472253287,-0.0331986286759478,0.6734290431463716,0.35000000000000003,0.6125799718651987,0.4,0.8808109368176577,0.30000000000000004,0.8063089730805586,0.2
2021-07,-9.421035284331325,-6.648456399556561,-2.772578884774764,0.994398857536541,0.9920404676069298,3.2065772904443013,0.0013169066560797683,0.7041555470834922,0.02381838481577968,0.06820764477687961,-0.035177269053047855,0.004522130559253008,-0.7843306492500426,-0.0009524497124010489,-0.0257047239364227,0.8339139503414563,0.2,0.8023102197360643,0.2,0.994398857536541,0.30000000000000004,0.9920404676069298,0.2
2021-08,-10.055388348140355,-6.335415130608908,-3.7199732175314466,0.9994454373566305,0.9994529918791776,4.181721443205106,0.1012099671613703,0.5696969696969697,0.01664201183431953,0.03902834569868092,-0.16817831898663305,0.0012516214439291379,-0.4240959555270053,-0.04077491126897381,-0.0622183930072137,0.9166796938490434,0.2,0.900881605807621,0.2,0.9994454373566305,0.30000000000000004,0.9994529918791776,0.2
2021-09,-11.914870514639684,-7.5434033456782235,-4.371467168961461,0.9997199129657609,0.9997120472686811,5.167622809682999,0.36808443794471,0.42413923571698825,0.04195804195804196,-0.01894062537778562,-0.33860511077592087,0.028105552253811332,-0.29270330058058236,-0.03197976242745859,0.0088496580000596,0.9581998034074022,0.2,0.9502968265381511,0.2,0.9997199129657609,0.30000000000000004,0.9997120472686811,0.2
2021-10,-13.459647642446306,-6.828213492834911,-6.631434149611395,0.9999523384813669,0.9999492006123317,6.164082522971086,0.7723847402535152,0.37410881801125706,0.03468419131069733,-0.05652299926207223,-0.3300467290722351,0.01086580649491765,-0.42949309057032303,-0.044323159985223404,-0.0457325892374292,0.9790760709443845,0.2,0.9751230135752413,0.2,0.9999523384813669,0.30000000000000004,0.9999492006123317,0.2
2021-11,-10.53108944286079,-42.508534476683835,31.977445033823045,3.61953126302002e-13,3.441100060799002e-13,0.0026136501426809863,0.00033510036468818114,0.19947604790419163,0.23113207547169812,-0.09672632705117,-0.3702209217927781,0.2144900636373786,0.03140113753328455,0.04883388649607845,0.0502855456640621,0.48953803547237323,0.5,0.4875615067877927,0.5,3.61953126302002e-13,1.0,3.441100060799002e-13,1.0
2021-12,-12.169832260280288,-4.9244520095607225,-7.245380250719565,0.9946805172874851,0.9984866192442308,0.9999999990117034,2.3683275538407067e-12,0.3117559523809524,0.01733477789815818,-0.04652629484340204,-0.11238328333603587,-0.02462326405988378,-0.006849444206107336,-0.1055563362924995,-0.048658471776426,0.7421092763799292,0.25,0.7430240630160118,0.25,0.9946805172874851,0.2,0.9984866192442308,0.2
2022-01,-5.110294851350538,-9.928299948744822,4.818005097394284,0.0037737788126720718,0.001555065779192186,1.4705357904152907,2.0401099202386856e-08,0.16518847006651885,0.02843772498200144,-0.15162837328133236,-0.2089203479447382,-0.0062464663286958926,-0.2795851971417709,0.013456728231198367,0.0120577418346082,0.3729415275963006,0.65,0.37228956439760197,0.65,0.0037737788126720718,1.0,0.001555065779192186,1.0
2022-02,-30.29936785539058,-9.985949943643005,-20.313417911747578,0.9999999820816631,0.999999975269106,1.0127104712217883,1.5233084047734272e-08,0.18549871181450128,0.02327246688148944,-0.12499562763251286,-0.013977336089690345,-0.2078596085902087,-0.0928863185664659,0.021662124120634507,-0.0178075569595101,0.6864707548389819,0.30000000000000004,0.686144769833354,0.30000000000000004,0.9999999820816631,0.2,0.999999975269106,0.2
2022-03,-4.21040824360281,-8.783302713073093,4.572894469470283,0.010664193163698718,0.011364380495896373,2.0133466797479254,7.834273109662997e-07,0.31947483588621445,0.016387602422515142,-0.08662633775378654,0.007718883505262064,-0.0009471754756430369,-0.3585925077784875,-0.022700435418731346,-0.0094364434032102,0.3485674740013403,0.65,0.3487545751646252,0.65,0.010664193163698718,1.0,0.011364380495896373,1.0
2022-04,-5.719676798555,-8.870260755150024,3.1505839565950247,0.028885283097857328,0.011428355804658055,1.0236961748232938,1.2089856124857574e-06,0.34494015233949943,0.019538188277087035,-0.08958797063819257,0.17975168227298058,-0.008899536704914404,-0.49695006424694477,-0.003395167554811729,-0.0008709780742757,0.1887263785495988,0.8,0.18009146548464164,0.8,0.028885283097857328,1.0,0.011428355804658055,1.0
2022-05,-4.941967230283874,-8.443709495141514,3.50174226485764,0.0076011800084906,0.004771303499914577,1.0578399448705447,3.686470481306281e-08,0.30985915492957744,0.014846235418875928,-0.07187937994158612,0.12436044311507616,-0.008426231462613511,-0.1622565129998289,-0.1315238924046893,-0.1455618813484261,0.09816377927904471,0.8,0.09243138449227811,0.8,0.0076011800084906,1.0,0.004771303499914577,1.0
2022-06,-8.550403697521544,-10.236209696504158,1.6858059989826142,0.0627935797365086,0.058426386605022966,1.0132092827298698,4.5347273226718824e-08,0.1302158273381295,0.06,-0.188198407031154,-0.18925900854808494,0.043612397577484856,-0.3302944126477587,0.05095518935436982,0.037601582629774,0.08047867950777665,0.8,0.07542888554865054,0.8,0.0627935797365086,1.0,0.058426386605022966,1.0
2022-07,-5.35543669730246,-9.525839899052315,4.1704032017498545,0.0023040432150560723,0.0024291787168386585,1.185447518950747,1.2566268231603183e-06,0.1741151233464426,0.013971358714634998,-0.11012047432411311,-0.17082502899305682,-0.005566829562452037,0.1543686592478566,0.00838264280160117,-0.0011959298209331,0.041391361361416364,0.9500000000000001,0.0389290321327446,0.9500000000000001,0.0023040432150560723,1.0,0.0024291787168386585,1.0
2022-08,-4.866398138171677,-8.875478663190293,4.009080525018616,0.005889127679459331,0.005997902754442044,1.0065136466057518,6.095329654618206e-09,0.21573513705945177,0.01768990634755463,-0.0810094452419559,-0.09412401787012567,0.002843670928678701,0.21276603686939655,-0.12805568347769303,-0.0918289987469501,0.023640244520437847,0.9500000000000001,0.022463467443593323,0.9500000000000001,0.005889127679459331,1.0,0.005997902754442044,1.0
2022-09,-127.06823228492672,-10.314832339013286,-116.75339994591343,0.9999999965248986,0.999999996545831,1.0132856783730901,4.188707187394381e-09,0.10053285968028419,0.2832988267770876,-0.1945588916680447,-0.02968296765784531,0.22329882677708762,-0.19987846049413038,0.06407829208823257,0.0100058931949772,0.5118201205226682,0.5,0.5112317319947122,0.5,0.9999999965248986,0.2,0.999999996545831,0.2
2022-10,-7.070051524433065,-9.185359875354873,2.115308350921808,0.12386986064438715,0.1943514852147063,2.0141335925417763,1.6793990853609776e-07,0.12968197879858656,0.0332533424751457,-0.10422497886324614,-0.044433144547856046,0.0192819837605107,0.40622844154556226,0.0780079932923361,0.0437304375368187,0.31784499058352766,0.7000000000000001,0.35279160860470926,0.5,0.12386986064438715,0.9,0.1943514852147063,0.8
2022-11,-5.8927148156954114,-8.785319629163443,2.892604813468031,0.00511942820206795,0.0059903987014099155,1.6070817334144292,3.959908152244839e-06,0.22950245269796776,0.012224108658743633,-0.01108148224600031,0.013767315638515992,-0.005465797688810996,0.7243516453650528,-0.09550141925688738,-0.0861212453563599,0.1614822093927978,0.7000000000000001,0.1793910036530596,0.8,0.00511942820206795,0.9,0.0059903987014099155,1.0
2022-12,-54.04412798541682,-10.07615500567889,-43.96797297973793,0.9999999538437471,0.999999941469166,1.0302279629209175,4.426410252688388e-07,0.14764397905759163,0.13706954760297096,-0.09679931345329791,0.04711111937730744,-0.14622927917411666,0.35829410880080803,0.08436781614214572,0.0634698356536683,0.5807410816182724,0.4,0.5896954725611128,0.4,0.9999999538437471,0.2,0.999999941469166,0.2
2023-01,-3.9658837615582514,-10.041546065616405,6.075662304058154,0.00018986343524038564,8.626230679221814e-05,2.001347436076599,2.592401411802568e-07,0.3541449878598682,0.014141414141414142,-0.0014223935164539398,0.22446300906128164,-0.019111928333731557,0.26817825929307804,-0.005043124381363007,0.0370523722440105,0.2904654725267564,0.7000000000000001,0.2948908674339525,0.7000000000000001,0.00018986343524038564,1.0,8.626230679221814e-05,1.0
2023-02,-3.478641497095912,-10.096011741589923,6.61737024449401,0.00011829643193450869,0.00012499839198142564,1.0009574403497603,1.816670441279322e-08,0.43517241379310345,0.017767348307073418,0.0031616326523328203,0.2056699610951357,0.005543239648329784,-0.025122540546022858,0.026528796723759074,0.0107858422754575,0.14529188447934546,0.8500000000000001,0.14750793291296696,0.8500000000000001,0.00011829643193450869,1.0,0.00012499839198142564,1.0
2023-03,-14.481964446418594,-9.892239580092141,-4.589724866326453,0.9079978139591723,0.9228576785098853,1.00031304752665,5.5725381350623764e-12,0.4830537487161931,0.015318015318015318,0.038573901473973965,0.3354097696586015,-0.12175153228495565,0.05634500389223979,0.009960159558901616,0.039093838761089,0.5266448492192589,0.45,0.5351828057114262,0.45,0.9079978139591723,0.2,0.9228576785098853,0.2
2023-04,-3.3136395220945594,-9.221034624500843,5.907395102406284,0.0014271645855027278,0.0006849512210512712,1.9645083643228929,1.4813577780227933e-10,0.4519850695622667,0.03245033112582781,0.04218945826008652,0.0978400817023985,0.01830891698441367,0.2221768641664314,0.030217541666638148,-0.0221288598626459,0.2640360069023808,0.75,0.26793387846623873,0.75,0.0014271645855027278,1.0,0.0006849512210512712,1.0
2023-05,-2.7832700944018884,-9.886250526807403,7.102980432405515,7.345189303308654e-05,6.98392541770035e-05,1.0064928060147451,4.107928160861365e-10,0.5238095238095238,0.025303976339139007,0.06712525867587818,0.08863711001642038,0.00753662803206559,0.10737146091131122,-0.0049823397074086895,0.0550485712986904,0.13205472939770696,0.75,0.13400185886020788,0.75,7.345189303308654e-05,1.0,6.98392541770035e-05,1.0
2023-06,-2.9095285124346915,-9.642020514417709,6.732492001983017,9.071681077691532e-05,0.00010132001137242866,1.000171473941483,9.120474423943127e-14,0.5435586949209552,0.031942633637548894,0.05629279850645504,0.0605049462047621,0.016624618319533574,-0.06691607386307136,0.02663517558449069,0.0688602240989307,0.06607272310424193,0.9500000000000001,0.06705158943579015,0.9500000000000001,9.071681077691532e-05,1.0,0.00010132001137242866,1.0
2023-07,-3.5780899012990783,-9.450784025374652,5.872694124075574,9.977520725977737e-05,0.00011487054700459653,1.0002629145892858,5.640060256691667e-14,0.43450586264656615,0.011658031088082901,0.06920165333066294,-0.01747920691570054,-0.02079230003774491,0.5077290024705287,-0.02898679482832678,-0.0332527710550454,0.033086249155750855,0.9500000000000001,0.03358322999139737,0.9500000000000001,9.977520725977737e-05,1.0,0.00011487054700459653,1.0
2023-08,-3.040924213905085,-8.28125963696821,5.240335423063125,0.0003398056943454949,0.00038657472678778673,1.0002816892407662,5.90567018091111e-14,0.4329450915141431,0.009958239640218438,0.027950871948379755,-0.09086443229538071,-0.01534573669892057,0.16579736572260467,-0.03567696310446833,-0.0017439451216527,0.016713027425048176,0.9500000000000001,0.016984902359092578,0.9500000000000001,0.0003398056943454949,1.0,0.00038657472678778673,1.0
2023-09,-4.571525269543916,-7.8523381244697115,3.280812854925795,0.003299919824121109,0.0036342885964246296,1.0008989161856414,5.499269619786422e-17,0.30453492221118833,0.04439476205685085,-0.012585355701384738,-0.23902377270976688,0.012452128419301954,0.38094124955437453,-0.07589239775626777,-0.0653056276905562,0.010006473624584643,0.9500000000000001,0.010309595477758605,0.9500000000000001,0.003299919824121109,1.0,0.0036342885964246296,1.0
2023-10,-32.01077973186611,-6.146916784845851,-25.86386294702026,0.9999999899346329,0.9999999903066066,1.0083877608841638,9.081863964092108e-17,0.17142857142857143,0.15584415584415584,-0.09427100994547444,-0.2630772912179947,0.14418612475607295,0.2620548941389518,0.11295047385245627,0.0713503463106879,0.5050032317796088,0.5,0.5051547928921826,0.5,0.9999999899346329,0.2,0.9999999903066066,0.2
2023-11,-3.1643470560156244,-8.085260695984664,4.920913639969039,0.0011351028936187934,0.000515987362543792,2.0088052784476207,7.464712199236816e-13,0.35037447085639856,0.02478042659974906,0.010664219656660182,-0.08257062065774456,0.014822186959530623,0.35063339740902455,0.047327914512986125,0.0562034786091374,0.25306916733661383,0.75,0.25283539012736317,0.75,0.0011351028936187934,1.0,0.000515987362543792,1.0
2023-12,-3.649555572635389,-9.38488736983728,5.735331797201891,0.00012405002510886142,0.00016037304484828872,1.007828905858691,1.0923317816005835e-11,0.4183112261404076,0.013383131030189854,0.052794103216056154,0.11377630392921928,-0.031011631026660994,0.4342396692941256,-0.0595756152499437,0.0390944743543554,0.12659660868086134,0.75,0.12649788158610573,0.75,0.00012405002510886142,1.0,0.00016037304484828872,1.0
2024-01,-14.477386007473175,-5.059900488450789,-9.417485519022385,0.9984112668696995,0.9990621428308541,1.0023347091491033,1.9050199057695947e-10,0.34831460674157305,0.05847772277227723,-0.01267658822026686,0.17688603531300162,-0.09736643307187862,0.18016138955499986,0.05817572230802637,0.0925213359540974,0.5625039377752804,0.45,0.56278001220848,0.45,0.9984112668696995,0.2,0.9990621428308541,0.2
2024-02,-3.55407027764694,-6.748433216728729,3.1943629390817887,0.007640209659852193,0.0023942969180362297,2.0020790332213187,1.0359820254324564e-07,0.4301658163265306,0.04326480515495551,0.04017952408909992,0.07979134547013206,0.01848437855520645,0.3361488901931772,0.039460849828057754,-0.022426245308646,0.2850720737175663,0.7000000000000001,0.2825871545632581,0.7000000000000001,0.007640209659852193,1.0,0.0023942969180362297,1.0
2024-03,-3.7427754906813844,-8.338169739808507,4.595394249127122,0.0006195259565490911,0.0010421047056160342,1.0423522397780023,3.3693405705477957e-07,0.46187915216703573,0.03632478632478633,0.07271245190602368,0.04356792602662812,0.022941655294596474,0.5325307331920772,-0.019867920523340188,-0.0055787280497974,0.1428457998370577,0.8500000000000001,0.14181462963443708,0.8500000000000001,0.0006195259565490911,1.0,0.0010421047056160342,1.0
2024-04,-3.5426088564163285,-6.651897109169487,3.1092882527531582,0.0018621101746981894,0.0028392286807022715,1.0016114027634793,6.637068306219759e-10,0.45642633228840124,0.01851289833080425,0.0494145378826015,0.10811172554682819,-0.03996482444147298,0.2951904408822871,-0.020631054974127316,-0.0021174518292543,0.07235395500587795,0.8500000000000001,0.07232692915756968,0.8500000000000001,0.0018621101746981894,1.0,0.0028392286807022715,1.0
2024-05,-3.74209785379686,-6.391491010446071,2.649393156649211,0.002756562292429039,0.0038627215815131275,1.004658582690489,5.000167772052317e-10,0.4620410703173615,0.05515370705244123,0.024344177358783737,0.03187525399083091,0.011888901897485718,-0.0569621281689614,0.06117914813209069,0.0422929976312927,0.037555258649153496,0.8500000000000001,0.0380948253695414,0.8500000000000001,0.002756562292429039,1.0,0.0038627215815131275,1.0
2024-06,-5.108040604194375,-8.624306772248252,3.5162661680538765,0.001262066522741385,0.001659192024778631,1.0065345281524194,1.4128199122563422e-09,0.4498762376237624,0.055089820359281436,0.0764859229140458,-0.012002914543273346,0.018765034034495108,0.6046310508332159,-0.009696880532075847,-0.0597025219629171,0.01940866258594744,0.8500000000000001,0.01987700869716002,0.8500000000000001,0.001262066522741385,1.0,0.001659192024778631,1.0
2024-07,-6.69777166744784,-7.519553201542746,0.8217815340949066,0.017242942680104376,0.021678610886287024,1.0029278137500843,5.027513603055657e-12,0.41347626339969373,0.0662704309063893,0.05397881881220789,-0.042950068888707504,0.04775753257558506,0.47423456561678445,-0.03478551727212853,-0.0449031852005496,0.018325802633025908,0.8500000000000001,0.02077780979172352,0.8500000000000001,0.017242942680104376,1.0,0.021678610886287024,1.0
2024-08,-3.46220720358217,-6.688452750257515,3.2262455466753446,0.0014447334695181664,0.0017296581688467714,1.0387594975679313,8.979833387240164e-12,0.3569249542403905,0.021854695806261076,0.008346978310445192,-0.10511611607697102,-0.03329901124618015,0.27594170602692514,-0.030303157557248217,-0.0099345685705286,0.009885268051272038,0.8500000000000001,0.011253733980285147,0.8500000000000001,0.0014447334695181664,1.0,0.0017296581688467714,1.0
2024-09,-3.3788460371905655,-6.418737881738752,3.039891844548187,0.0019300954628629831,0.0023893252056873394,1.0034574715015443,2.3793919675787923e-11,0.32706880872991817,0.022300469483568074,-0.026093303364016773,-0.12280742889384422,-0.03278935087571336,0.047185447226444924,-0.014314019330007755,0.0016907131925471,0.005907681757067511,0.8500000000000001,0.006821529592986243,0.8500000000000001,0.0019300954628629831,1.0,0.0023893252056873394,1.0
2024-10,-3.557417126834113,-6.0602876403631765,2.5028705135290634,0.006575364876150312,0.008249164214470273,1.0039528645105973,1.7357560555351914e-11,0.3134418324291742,0.034041315100378236,-0.04155982191301317,-0.1000344309705195,-0.032229115806011066,-0.0636876678470846,-0.03921522370126429,-0.0016022826671137,0.0062415233166089115,0.8500000000000001,0.007535346903728258,0.8500000000000001,0.006575364876150312,1.0,0.008249164214470273,1.0
2024-11,-12.366414382321674,-5.8490767517951605,-6.517337630526513,0.9885248312718719,0.9908847623439627,1.012765194038879,2.62440357380324e-11,0.2631578947368421,0.10025854639471417,-0.08134976121706189,-0.09376705950354841,0.07840385058845309,-0.16781912584022385,-0.022973123564838382,0.0128700833256036,0.49738317729424036,0.5,0.4992100546238455,0.5,0.9885248312718719,0.2,0.9908847623439627,0.2
2024-12,-2.784767950201961,-7.953293729934247,5.168525779732286,0.003192042215688939,0.0010102182021460768,2.0061621263228866,7.0972074401751e-09,0.2597325408618128,0.03025977733371396,-0.09722073381716936,-0.06733626786810537,0.007959307850145887,-0.33289686267687535,0.04912715928504907,0.0005974012370535,0.25028760975496467,0.75,0.2501101364129958,0.75,0.003192042215688939,1.0,0.0010102182021460768,1.0
2025-01,-3.6169311201151784,-6.602354974401592,2.985423854286414,0.007860401036952925,0.006710739116587081,1.0144579127797466,2.747350988155249e-10,0.3228951255539143,0.034492588369441274,-0.04223335124172008,0.009453293124740081,0.0004512732690630378,-0.1412404025532924,0.006121432841425634,-0.0079469069941087,0.12907400539595879,0.75,0.12841043776479144,0.75,0.007860401036952925,1.0,0.006710739116587081,1.0
2025-02,-5.841158126544236,-6.3542019711269635,0.5130438445827279,0.08441090492754279,0.07538787969439546,1.0158042211347782,1.2290588573843285e-09,0.357981220657277,0.03835227272727273,-0.03262800304068284,0.09482332592043491,-0.06190627366744144,-0.30392023469067,-0.020396525364153484,-0.0007436332223607,0.1067424551617508,0.75,0.10189915872959346,0.75,0.08441090492754279,1.0,0.07538787969439546,1.0
2025-03,-7.131686887514667,-5.921518179847137,-1.2101687076675303,0.30846244568795167,0.25837335053124605,1.1687659278455693,5.022222575553681e-08,0.26156531859179516,0.12577903682719546,-0.048467322341249376,0.00183277772998236,0.0955192594934815,0.2548029526508662,0.030425770083210457,0.0045073043098731,0.20760245042485123,0.75,0.18013625463041977,0.75,0.30846244568795167,0.7000000000000001,0.25837335053124605,0.75
2025-04,-5.232660660579417,-8.547741829775251,3.3150811691958344,0.006542772417056451,0.003328969731240624,1.5890126903687598,2.1380875926630635e-06,0.42143062338408505,0.01726089417091115,-0.0065084513560545836,0.09853549783017074,-0.017231694198530125,-0.5087233010115099,0.055174550880334294,0.0808435554205224,0.10707261142095384,0.75,0.09173261218083019,0.9,0.006542772417056451,1.0,0.003328969731240624,1.0
2025-05,-7.236300066038585,-10.621144816967451,3.384844750928866,0.0032787178257217987,0.0037484549193286198,1.0288352946824242,3.59568491444174e-07,0.5498144447616329,0.015796897038081806,0.054373798994654,0.19183322410435588,-0.022555375689190922,-0.6537033768335093,0.13864929369746903,0.1908936365697002,0.05517566462333782,0.9500000000000001,0.04774053355007941,0.9,0.0032787178257217987,1.0,0.0037484549193286198,1.0
2025-06,-10.659962615477253,-11.612616705220326,0.9526540897430724,0.037151805504742307,0.04074467806800503,1.0088565660388142,2.3661700864330703e-07,0.6329438586491878,0.023950408565793183,0.1731593442650227,0.3713785400573926,-0.10182862826140228,0.35782199348683763,0.0565615108884876,-0.0832175508635161,0.04616373506404006,0.9500000000000001,0.04424260580904222,0.9,0.037151805504742307,1.0,0.04074467806800503,1.0
2025-07,-6.497781380107084,-13.769545813662166,7.271764433555082,0.00010063958287016555,9.849202166273666e-05,1.0869496246157675,1.2745786286308323e-06,0.6644904910587568,0.02417767781838628,0.20326394938316508,0.24305986767467175,0.006916783647475132,0.4069203652822737,-0.01831182604318171,0.0326675569654093,0.023132187323455115,0.9500000000000001,0.02217054891535248,0.9,0.00010063958287016555,1.0,9.849202166273666e-05,1.0
2025-08,-4.788032939023515,-11.416241949120941,6.628209010097426,0.00022909978274482837,0.00025115152825249456,1.0002493638584455,1.710254623958926e-09,0.6140996602491506,0.027216610549943884,0.16283542110893048,0.06428521548751776,0.011419713511862079,0.2207706016699953,0.07488679795710262,0.1202668782651295,0.011680643553099971,0.9500000000000001,0.011210850221802487,0.9,0.00022909978274482837,1.0,0.00025115152825249456,1.0
2025-09,-6.63816131669315,-15.004137633358763,8.365976316665613,4.5049878111366635e-05,4.9681415965519625e-05,1.0004951670016735,1.723759894529848e-12,0.6163415323720667,0.03757711721817162,0.20077369439638454,-0.016602326277121104,0.013626708652378437,0.6526374853670152,0.19941011588801794,0.3139806279829086,0.005862846715605669,0.9500000000000001,0.005630265818884004,0.9,4.5049878111366635e-05,1.0,4.9681415965519625e-05,1.0
2025-10,-23.791912909376368,-41.28421770370321,17.492304794326845,3.910983489770378e-09,4.411219684861737e-09,0.7964598308945763,8.067023477682669e-15,0.583756345177665,0.06278026905829596,0.3394639198645848,-0.08073414588109185,0.03860259123990968,1.9866823544607266,-0.044043800878727946,-0.0039959626292656,0.0029314253132945796,0.9500000000000001,0.002815135115051844,0.9,3.910983489770378e-09,1.0,4.411219684861737e-09,1.0
2025-11,-10.608753936758507,-19.900360012192188,9.29160607543368,1.75452411868469e-05,2.048762346647561e-05,0.9999430166503473,9.863015257180408e-21,0.5492957746478874,0.023210290827740492,0.24419642262152758,-0.06480388560126327,-0.004006319722203392,1.0584246761422924,0.07323907704836685,0.1296171491906593,0.0014744852772407132,0.9500000000000001,0.0014178113692591599,0.9,1.75452411868469e-05,1.0,2.048762346647561e-05,1.0
2025-12,-12.851877441093063,-23.041391821240552,10.18951438014749,5.402590089558147e-06,6.596457239765537e-06,0.99985840567641,4.80818332906129e-24,0.5362563237774031,0.045188284518828455,0.2649523475400175,-0.08008520859466361,0.007611167300656835,1.2188046474185668,0.23971267417636266,0.152165710526297,0.0007399439336651357,0.9500000000000001,0.0007122039132494627,0.9,5.402590089558147e-06,1.0,6.596457239765537e-06,1.0
2026-01,-7.91828641985628,-24.785488288147036,16.867201868290756,1.590408527877802e-08,1.0914086558715993e-08,0.9408477453567755,7.36531388484571e-26,0.5895061728395061,0.03708867819297267,0.40944755765938273,0.005749827661841178,-0.025691590865323292,1.6960028253103483,0.19519520978992544,0.1872040691388203,0.00036997991887520725,0.9500000000000001,0.0003561074136680107,0.9,1.590408527877802e-08,1.0,1.0914086558715993e-08,1.0
2026-02,-11.946134395261872,-29.254547013551623,17.30841261828975,1.0903042275048383e-08,6.453167729051951e-09,0.9159878807013675,6.758260455365851e-31,0.6247896803140774,0.05465699944227551,0.5145445961220702,0.07549390566619008,0.031446708614535024,1.6907471477939184,-0.19084643404922963,-0.1032853265987158,0.00018499541095874116,0.9500000000000001,0.00017805693341786988,0.9,1.0903042275048383e-08,1.0,6.453167729051951e-09,1.0
2026-03,-4.772750525626403,-10.70649383428617,5.933743308659768,0.003740611369829055,0.0020381188131478787,0.9999997434650393,2.3300011960821149e-35,0.4854014598540146,0.05385044642857143,0.22453110494167575,-0.05085486392338845,0.008662161909742977,0.6776621525846709,0.3060707394429423,0.428148923360046,0.001962803390393898,0.9500000000000001,0.0011080878732828742,0.9,0.003740611369829055,1.0,0.0020381188131478787,1.0
2026-04,-10.237399852459486,-16.42896040647353,6.191560554014043,0.004238732805039183,0.0022644872628597855,1.0033779353475651,1.019385978882103e-28,0.6492411467116358,0.023509655751469353,0.41137237956509753,0.05973497387212967,-0.01357902244150332,0.5612833153195804,0.28448510731373733,0.1750392612080847,0.003100768097716541,0.9500000000000001,0.0016862875680713298,0.9,0.004238732805039183,1.0,0.0022644872628597855,1.0
2026-05,-35.97486661134802,-53.524611251121186,17.549744639773166,5.5646839478242776e-08,3.1209219083897024e-08,0.9859740162225806,1.0026131136513351e-26,0.4776873421274207,0.1656870976770221,0.5729459789192315,-0.14710233818665674,0.1110300982347466,2.4993732583545802,3.894198542830907e-05,-0.0981256452754222,0.0015504118722780096,0.9500000000000001,0.0008431593886452068,0.9,5.5646839478242776e-08,1.0,3.1209219083897024e-08,1.0
2026-06,-17.279510536528022,-50.83764554667069,33.55813501014267,4.901003778620589e-15,3.037161493291101e-15,4.900979999340666e-06,3.461284630468179e-34,0.3400900900900901,0.03227617176536626,0.4630986814240598,-0.1453113697639245,-0.02157427466320517,2.708797681199982,-0.22191170974465646,-0.0013871741858508,0.0007752059361414553,0.9500000000000001,0.000421579694324122,0.9,4.901003778620589e-15,1.0,3.037161493291101e-15,1.0
2026-07,-10.364016496594726,-21.651089531052026,11.2870730344573,6.98843071804269e-06,4.8494907338483205e-06,0.9998569268313395,1.7711624936890196e-35,0.2671561705732844,0.021114864864864864,0.13992806481532993,-0.3820849761383514,-0.0023947908866044886,1.4088529376729404,,,0.000391097183429749,0.9500000000000001,0.00021321459252898517,0.9,6.98843071804269e-06,1.0,4.8494907338483205e-06,1.0
