ym,kospi,fcf_next,pbear,base_exp,trend,mom3,d_breadth,score_FULL_BASE,final_FULL_BASE,score_TREND_LEVEL,final_TREND_LEVEL,score_TREND_CROSS,final_TREND_CROSS,score_PRICE_MOM,final_PRICE_MOM,score_TREND_PLUS_MOM,final_TREND_PLUS_MOM,score_PRICE_PLUS_THRUST,final_PRICE_PLUS_THRUST
2017-01,0.011641600247119799,,,1.0,0.02670350466294721,0.0,0.0,0.0,1.0,0.5340700932589442,1.0,0.0,1.0,0.0,1.0,0.0,1.0,0.0,1.0
2017-02,0.03279249364769088,,,1.0,0.03408083399220426,0.0,0.0,0.0,1.0,0.6816166798440851,1.0,0.0,1.0,0.0,1.0,0.0,1.0,0.0,1.0
2017-03,0.020928309182937088,,,1.0,0.057676754659490403,0.0,0.0,0.0,1.0,1.0,1.0,0.0,1.0,0.0,1.0,0.0,1.0,0.0,1.0
2017-04,0.06435901460809901,,,1.0,0.06899814731019348,0.06668208016586141,0.0,0.0,1.0,1.0,1.0,0.0,1.0,0.44454720110574275,1.0,0.44454720110574275,1.0,0.0,1.0
2017-05,0.018919032481777176,,,1.0,0.11816255622471675,0.1222676958599953,0.6354418155480445,0.0,1.0,1.0,1.0,0.0,1.0,0.8151179723999687,1.0,0.8151179723999687,1.0,0.8044876826012376,1.0
2017-06,0.004565585480605261,,,1.0,0.12056172260447018,0.10719231780289595,0.5879518072289157,0.0,1.0,1.0,1.0,0.0,1.0,0.7146154520193064,1.0,0.7146154520193064,1.0,0.2364879060222147,1.0
2017-07,-0.016448102423411104,,,1.0,0.10701810246205311,0.0894470150048452,0.46105769230769234,0.0,1.0,1.0,1.0,0.0,1.0,0.5963134333656347,1.0,0.5963134333656347,1.0,0.05706981850756576,1.0
2017-08,0.01323635851219862,,,1.0,0.07237232580256894,0.006735193868496081,-0.1934924605552112,0.0,1.0,1.0,1.0,0.0,1.0,0.04490129245664054,1.0,0.04490129245664054,1.0,0.0,1.0
2017-09,0.05385741417322154,,,1.0,0.06792414288340817,0.001120471110279908,-0.24670833309507612,0.0,1.0,1.0,1.0,0.0,1.0,0.0074698074018660545,1.0,0.0074698074018660545,1.0,0.0,1.0
2017-10,-0.01864914649028071,,,1.0,0.1044723427561803,0.05024325560128018,-0.0666316176737764,0.0,1.0,1.0,1.0,0.0,1.0,0.3349550373418679,1.0,0.3349550373418679,1.0,0.0,1.0
2017-11,-0.003585944964967669,,,1.0,0.06323498219499395,0.04789296611253335,0.0094818979400621,0.0,1.0,1.0,1.0,0.0,1.0,0.3192864407502224,1.0,0.3192864407502224,1.0,0.0,1.0
2017-12,0.04010957332950493,,,1.0,0.0449518288065326,0.0304952747057452,0.07161766286522842,0.0,1.0,0.8990365761306519,1.0,0.0,1.0,0.20330183137163468,1.0,0.20330183137163468,1.0,0.0,1.0
2018-01,-0.05419911303226155,,0.9999999823010468,0.2,0.06663073151421918,0.017052198976216015,0.20196782273085517,0.0,0.2,1.0,0.6,0.0,0.2,0.11368132650810678,0.2,0.11368132650810678,0.2,0.40504215980118446,0.24302529588071067
2018-02,0.0076173247545101574,,0.9999999906080821,0.2,0.00039833410371750775,-0.019791068154742297,0.033822203288302766,0.0,0.2,0.007966682074350154,0.3,0.0,0.2,0.0,0.2,0.0,0.2,0.0,0.2
2018-03,0.028427655980584055,0.0435922051519012,0.999999994677871,0.2,0.0014204112093784366,-0.00877000217377566,0.05026300409117479,0.0,0.2,0.02840822418756873,0.2,0.0,0.2,0.0,0.2,0.0,0.2,0.019143481264987553,0.2
2018-04,-0.03672203696866427,-0.0008781628696645,0.9999999967840181,0.2,0.02586194663557565,-0.019902932016263142,-0.0478745351779829,0.0,0.2,0.517238932711513,0.3103433596269078,0.0,0.2,0.0,0.2,0.0,0.2,0.0,0.2
2018-05,-0.03998337875727398,-0.0936105275034941,0.9999999978510659,0.2,-0.013486506385806884,-0.0017921105496252476,0.030817163968933137,0.0,0.2,0.0,0.2,0.0,0.2,0.0,0.2,0.0,0.2,0.0,0.2
2018-06,-0.013270915469926647,0.0380728809965852,0.9999999984206656,0.2,-0.055121105649671806,-0.04894830429651953,-0.11789142531979546,0.0,0.2,0.0,0.2,0.0,0.2,0.0,0.2,0.0,0.2,0.0,0.2
2018-07,0.012033439753823538,-0.0179821797874026,0.9999999987000916,0.2,-0.0646651771331531,-0.0875095942966494,-0.268267450355929,0.0,0.2,0.0,0.2,0.0,0.2,0.0,0.2,0.0,0.2,0.0,0.2
2018-08,0.008691876707128454,-0.0246110137666372,0.9999999988279406,0.2,-0.04319894107003041,-0.041324685638756686,-0.18973133447584556,0.0,0.2,0.0,0.2,0.0,0.2,0.0,0.2,0.0,0.2,0.0,0.2
2018-09,-0.1337476549186405,-0.1168507909332999,0.9999999988668398,0.2,-0.02676937530992641,0.00728256219570711,-0.006106156055652345,0.0,0.2,0.0,0.2,0.0,0.2,0.0485504146380474,0.2,0.0,0.2,0.0,0.2
2018-10,0.03309380642103732,0.0413158865531148,0.9999999989201795,0.2,-0.1564911710161133,-0.11570369684892168,-0.1708699642986226,0.0,0.2,0.0,0.2,0.0,0.2,0.0,0.2,0.0,0.2,0.0,0.2
2018-11,-0.026620787987619576,-0.0436729834300328,0.999999998934651,0.2,-0.10311455950389839,-0.09730153378269579,-0.16159172149816525,0.0,0.2,0.0,0.2,0.0,0.2,0.0,0.2,0.0,0.2,0.0,0.2
2018-12,0.0802581308836019,0.0860742586384069,0.9999999989399226,0.2,-0.11585041706123472,-0.12890354128775894,-0.198529020171737,0.0,0.2,0.0,0.2,0.0,0.2,0.0,0.2,0.0,0.2,0.0,0.2
2019-01,-0.004267934704496712,-0.0197284950662423,0.9999999756399662,0.2,-0.021462696675266933,0.08629897240789508,0.18101106556820012,0.0,0.2,0.0,0.2,0.0,0.2,0.5753264827193005,0.3451958896315803,0.0,0.2,0.7240442622728005,0.4344265573636803
2019-02,-0.02494717277311076,-0.0127882119609274,0.9999997208023429,0.2,-0.01594087542600675,0.047013071418283925,0.16583453830342776,0.0,0.2,0.0,0.2,0.0,0.2,0.31342047612189283,0.2,0.0,0.2,0.0,0.21721327868184015
2019-03,0.02939274540771497,0.0360887759978909,0.9999979846410103,0.2,-0.02784397746559102,0.048813291707036965,0.23148543366351068,0.0,0.2,0.0,0.2,0.0,0.2,0.32542194471357977,0.2,0.0,0.2,0.0,0.2
2019-04,-0.07344836888932471,-0.0672349722338542,0.9998680935092156,0.2,0.009009729462064546,-0.0005714718506099059,0.26744760386614425,0.0,0.2,0.1801945892412909,0.2,0.1801945892412909,0.2,0.0,0.2,0.0,0.2,0.36740931759643713,0.22044559055786228
2019-05,0.04353156003126646,0.0343575038570491,0.9999340458831634,0.2,-0.05755215157558609,-0.07000872502730604,0.01661653924615636,0.0,0.2,0.0,0.2,0.0,0.2,0.0,0.2,0.0,0.2,0.0,0.2
2019-06,-0.049783660401832464,-0.0888019852259,0.9999615622606587,0.2,-0.007101519983515922,-0.004694700749893088,0.08030805514721889,0.0,0.2,0.0,0.2,0.0,0.2,0.0,0.2,0.0,0.2,0.17479674618177082,0.2
2019-07,-0.02803586396813429,-0.015989412932112,0.999980780470572,0.2,-0.04628444306771609,-0.08124924869029759,-0.2778575088584728,0.0,0.2,0.0,0.2,0.0,0.2,0.0,0.2,0.0,0.2,0.0,0.2
2019-08,0.04840964120898228,0.0523024925246462,0.9999903896365152,0.2,-0.0671955097361137,-0.03621908349034508,-0.09446064682046451,0.0,0.2,0.0,0.2,0.0,0.2,0.0,0.2,0.0,0.2,0.0,0.2
2019-09,0.009902780425627533,-0.0516345635274035,0.9999951942362815,0.2,-0.017867039511590337,-0.03171380379556832,-0.14330776510736204,0.0,0.2,0.0,0.2,0.0,0.2,0.0,0.2,0.0,0.2,0.0,0.2
2019-10,0.002150239268313925,-0.0011432925981264,0.9999975868425994,0.2,-0.008773354293174272,0.029107668479095183,0.027387076146498268,0.0,0.2,0.0,0.2,0.0,0.2,0.1940511231939679,0.2,0.0,0.2,0.01356041007893569,0.2
2019-11,0.05254409231498869,0.0331479306141162,0.9999973111992138,0.2,-0.0060845591303646295,0.06106846741243377,0.05184533838809324,0.0,0.2,0.0,0.2,0.0,0.2,0.4071231160828918,0.24427386964973508,0.0,0.2,0.005573994124055073,0.2
2019-12,-0.035792414195787936,-0.0481178219070479,0.9999732184148213,0.2,0.04753831670836856,0.06525283917534774,0.08876174296990269,0.0,0.2,0.9507663341673712,0.5704598005004227,0.9507663341673712,0.5704598005004227,0.43501892783565166,0.261011356701391,0.43501892783565166,0.261011356701391,0.23319526083249326,0.2
2020-01,-0.062293240424381,-0.061736681483043,0.49999308058957403,0.5,0.009693605282830312,0.017053213676130996,0.011111663930212123,0.0,0.5,0.19387210565660623,0.5,0.19387210565660623,0.5,0.11368809117420664,0.5,0.11368809117420664,0.5,0.0,0.5
2020-02,-0.11694455185185326,-0.1787914208908876,0.24999654029478702,0.75,-0.052737451993655156,-0.048348604887302526,-0.09438177019059371,0.0,0.75,0.0,0.75,0.0,0.75,0.0,0.75,0.0,0.75,0.0,0.75
2020-03,0.10994850358748165,0.1360470612750471,0.6249982625103936,0.4,-0.16232042770724772,-0.20159074063705607,-0.2565051369352825,0.0,0.4,0.0,0.4,0.0,0.4,0.0,0.4,0.0,0.4,0.0,0.4
2020-04,0.04212446061941999,0.0851192607700717,0.8124991093102283,0.2,-0.045317524689084815,-0.08091040173559083,-0.01787332891504162,0.0,0.2,0.0,0.2,0.0,0.2,0.0,0.2,0.0,0.2,0.0,0.2
2020-05,0.038790945746012495,-0.0255872504014709,0.9061051231232773,0.2,0.0002933678401253365,0.02143419792099399,0.23836640781329108,0.0,0.2,0.005867356802506729,0.2,0.005867356802506729,0.2,0.1428946528066266,0.2,0.1428946528066266,0.2,0.5020528179461793,0.30123169076770756
2020-06,0.06689656450185977,0.0713037040630856,0.9509410211187441,0.2,0.028130658314911024,0.201574146562153,0.3175310984608897,0.0,0.2,0.5626131662982204,0.33756789977893226,0.5626131662982204,0.33756789977893226,1.0,0.6,1.0,0.6,0.4848868218251562,0.2909320930950937
2020-07,0.034142804734832444,0.0515662993231083,0.950359064453985,0.2,0.08500565887107073,0.15496829340999851,0.29762014417627786,0.0,0.2,1.0,0.6,1.0,0.6,1.0,0.6,1.0,0.6,0.8362070562732471,0.5017242337639483
2020-08,0.0007394002849707704,0.0431200007702073,0.95242230674434,0.2,0.10648609531186078,0.14612236394191114,0.15561545623624612,0.0,0.2,1.0,0.6,1.0,0.6,0.9741490929460743,0.5844894557676446,0.9741490929460743,0.5844894557676446,0.26565740679980077,0.25086211688197413
2020-09,-0.02609229518459133,0.0038437153337298,0.9604045879291926,0.2,0.09428833212388435,0.10413920321640813,0.20136999611348616,0.0,0.2,1.0,0.6,1.0,0.6,0.6942613547760542,0.4165568128656325,0.6942613547760542,0.4165568128656325,0.00744465162554373,0.2
2020-10,0.14299459652479585,0.1057763869611419,0.9793547145258792,0.2,0.05982764941382349,0.007904339539497762,0.004653642398620983,0.0,0.2,1.0,0.6,1.0,0.6,0.052695596929985086,0.20827840643281625,0.052695596929985086,0.20827840643281625,0.0,0.2
2020-11,0.1088741242922524,0.1024922224157638,0.6466781506782673,0.35000000000000003,0.1789921716056031,0.11399432325300007,0.18201521660509057,0.0,0.35000000000000003,1.0,0.6,1.0,0.6,0.7599621550200005,0.4559772930120003,0.7599621550200005,0.4559772930120003,0.7280608664203623,0.43683651985221733
2020-12,0.03575467684780964,0.1507841391453649,0.3258618444693014,0.65,0.250970199987554,0.234366788508529,0.1419830234360796,0.0,0.65,1.0,0.65,1.0,0.65,1.0,0.65,1.0,0.65,0.5679320937443184,0.65
2021-01,0.012344555900485554,-0.0010624680003278,0.16655465756218138,0.8500000000000001,0.22547621511658206,0.3127539373822319,0.10169905276511892,0.0,0.8500000000000001,1.0,0.8500000000000001,1.0,0.8500000000000001,1.0,0.8500000000000001,1.0,0.8500000000000001,0.18181083836725842,0.8500000000000001
2021-02,0.01608721402234803,0.063125850491752,0.09125553494310824,0.8500000000000001,0.19342085260031527,0.1626995488749008,-0.10409503312232815,0.0,0.8500000000000001,1.0,0.8500000000000001,1.0,0.8500000000000001,1.0,0.8500000000000001,1.0,0.8500000000000001,0.0,0.8500000000000001
2021-03,0.0282353247031637,0.0654810573238268,0.13120570568652648,0.8500000000000001,0.16590025086033847,0.06540870553308231,-0.0787450481339349,0.0,0.8500000000000001,1.0,0.8500000000000001,1.0,0.8500000000000001,0.43605803688721545,0.8500000000000001,0.43605803688721545,0.8500000000000001,0.0,0.8500000000000001
2021-04,0.017808864606451147,0.0108742818508328,0.25135994448450527,0.8500000000000001,0.15110312854570276,0.05767407163381222,0.034751457526745355,0.0,0.8500000000000001,1.0,0.8500000000000001,1.0,0.8500000000000001,0.38449381089208146,0.8500000000000001,0.38449381089208146,0.8500000000000001,0.049060934358792864,0.8500000000000001
2021-05,0.02895203751264175,-0.0061720867048333,0.4660471494750856,0.55,0.13618449709010436,0.06338305441444447,0.05577167800856353,0.0,0.55,1.0,0.6,1.0,0.6,0.4225536960962965,0.55,0.4225536960962965,0.55,0.049661513126454844,0.55
2021-06,-0.02862269472253287,-0.0331986286759478,0.6734290431463716,0.35000000000000003,0.13013010064537364,0.0768466972089008,0.039265407335342783,0.0,0.35000000000000003,1.0,0.6,1.0,0.6,0.5123113147260054,0.35000000000000003,0.5123113147260054,0.35000000000000003,0.05684067730610014,0.35000000000000003
2021-07,-0.0009524497124010489,-0.0257047239364227,0.8339139503414563,0.2,0.06820764477687961,0.017300629341531648,-0.035177269053047855,0.0,0.2,1.0,0.6,1.0,0.6,0.11533752894354432,0.2,0.11533752894354432,0.2,0.0,0.2
2021-08,-0.04077491126897381,-0.0622183930072137,0.9166796938490434,0.2,0.03902834569868092,-0.0014513166549521284,-0.16817831898663305,0.0,0.2,0.7805669139736183,0.468340148384171,0.7805669139736183,0.468340148384171,0.0,0.2,0.0,0.2,0.0,0.2
2021-09,-0.03197976242745859,0.0088496580000596,0.9581998034074022,0.2,-0.01894062537778562,-0.06911798172892492,-0.33860511077592087,0.0,0.2,0.0,0.2341700741920855,0.0,0.2341700741920855,0.0,0.2,0.0,0.2,0.0,0.2
2021-10,-0.044323159985223404,-0.0457325892374292,0.9790760709443845,0.2,-0.05652299926207223,-0.07233509823314588,-0.3300467290722351,0.0,0.2,0.0,0.2,0.0,0.2,0.0,0.2,0.0,0.2,0.0,0.2
2021-11,0.04883388649607845,0.0502855456640621,0.48953803547237323,0.5,-0.09672632705117,-0.11260694082283473,-0.3702209217927781,0.0,0.5,0.0,0.5,0.0,0.5,0.0,0.5,0.0,0.5,0.0,0.5
2021-12,-0.1055563362924995,-0.048658471776426,0.7421092763799292,0.25,-0.04652629484340204,-0.029708540737080513,-0.11238328333603587,0.0,0.25,0.0,0.25,0.0,0.25,0.0,0.25,0.0,0.25,0.0,0.25
2022-01,0.013456728231198367,0.0120577418346082,0.3729415275963006,0.65,-0.15162837328133236,-0.1034577439583888,-0.2089203479447382,0.0,0.65,0.0,0.65,0.0,0.65,0.0,0.65,0.0,0.65,0.0,0.65
2022-02,0.021662124120634507,-0.0178075569595101,0.6864707548389819,0.30000000000000004,-0.12499562763251286,-0.04925311205103633,-0.013977336089690345,0.0,0.30000000000000004,0.0,0.30000000000000004,0.0,0.30000000000000004,0.0,0.30000000000000004,0.0,0.30000000000000004,0.0,0.30000000000000004
2022-03,-0.022700435418731346,-0.0094364434032102,0.3485674740013403,0.65,-0.08662633775378654,-0.07388376982358968,0.007718883505262064,0.0,0.65,0.0,0.65,0.0,0.65,0.0,0.65,0.0,0.65,0.00836037062818526,0.65
2022-04,-0.003395167554811729,-0.0008709780742757,0.1887263785495988,0.8,-0.08958797063819257,0.011906087803685184,0.17975168227298058,0.0,0.8,0.0,0.8,0.0,0.8,0.07937391869123456,0.8,0.0,0.8,0.0,0.8
2022-05,-0.1315238924046893,-0.1455618813484261,0.09816377927904471,0.8,-0.07187937994158612,-0.004920023723206546,0.12436044311507616,0.0,0.8,0.0,0.8,0.0,0.8,0.0,0.8,0.0,0.8,0.0,0.8
2022-06,0.05095518935436982,0.037601582629774,0.08047867950777665,0.8,-0.188198407031154,-0.1541203650994295,-0.18925900854808494,0.0,0.8,0.0,0.8,0.0,0.8,0.0,0.8,0.0,0.8,0.0,0.8
2022-07,0.00838264280160117,-0.0011959298209331,0.041391361361416364,0.9500000000000001,-0.11012047432411311,-0.09036939738244432,-0.17082502899305682,0.0,0.9500000000000001,0.0,0.9500000000000001,0.0,0.9500000000000001,0.0,0.9500000000000001,0.0,0.9500000000000001,0.0,0.9500000000000001
2022-08,-0.12805568347769303,-0.0918289987469501,0.023640244520437847,0.9500000000000001,-0.0810094452419559,-0.07961944275325228,-0.09412401787012567,0.0,0.9500000000000001,0.0,0.9500000000000001,0.0,0.9500000000000001,0.0,0.9500000000000001,0.0,0.9500000000000001,0.0,0.9500000000000001
2022-09,0.06407829208823257,0.0100058931949772,0.5118201205226682,0.5,-0.1945588916680447,-0.07594395641924656,-0.02968296765784531,0.0,0.5,0.0,0.5,0.0,0.5,0.0,0.5,0.0,0.5,0.0,0.5
2022-10,0.0780079932923361,0.0437304375368187,0.31784499058352766,0.7000000000000001,-0.10422497886324614,-0.06440542222236367,-0.044433144547856046,0.0,0.7000000000000001,0.0,0.7000000000000001,0.0,0.7000000000000001,0.0,0.7000000000000001,0.0,0.7000000000000001,0.0,0.7000000000000001
2022-11,-0.09550141925688738,-0.0861212453563599,0.1614822093927978,0.7000000000000001,-0.01108148224600031,0.00019416292521157175,0.013767315638515992,0.0,0.7000000000000001,0.0,0.7000000000000001,0.0,0.7000000000000001,0.0012944195014104785,0.7000000000000001,0.0,0.7000000000000001,0.05369803329914147,0.7000000000000001
2022-12,0.08436781614214572,0.0634698356536683,0.5807410816182724,0.4,-0.09679931345329791,0.03753666798544364,0.04711111937730744,0.0,0.4,0.0,0.4,0.0,0.4,0.25024445323629096,0.4,0.0,0.4,0.0,0.4
2023-01,-0.005043124381363007,0.0370523722440105,0.2904654725267564,0.7000000000000001,-0.0014223935164539398,0.057320104353264956,0.22446300906128164,0.0,0.7000000000000001,0.0,0.7000000000000001,0.0,0.7000000000000001,0.3821340290217664,0.7000000000000001,0.0,0.7000000000000001,0.8978520362451266,0.7000000000000001
2023-02,0.026528796723759074,0.0107858422754575,0.14529188447934546,0.8500000000000001,0.0031616326523328203,-0.024137191837300453,0.2056699610951357,0.0,0.8500000000000001,0.0632326530466564,0.8500000000000001,0.0632326530466564,0.8500000000000001,0.0,0.8500000000000001,0.0,0.8500000000000001,0.0,0.8500000000000001
2023-03,0.009960159558901616,0.039093838761089,0.5266448492192589,0.45,0.038573901473973965,0.10752111231364414,0.3354097696586015,0.0,0.45,0.7714780294794793,0.4628868176876876,0.7714780294794793,0.4628868176876876,0.7168074154242943,0.45,0.7168074154242943,0.45,0.3316099590469884,0.45
2023-04,0.030217541666638148,-0.0221288598626459,0.2640360069023808,0.75,0.04218945826008652,0.03152471205445062,0.0978400817023985,0.0,0.75,0.8437891652017304,0.75,0.8437891652017304,0.75,0.2101647470296708,0.75,0.2101647470296708,0.75,0.04872514125059297,0.75
2023-05,-0.0049823397074086895,0.0550485712986904,0.13205472939770696,0.75,0.06712525867587818,0.06808131996712752,0.08863711001642038,0.0,0.75,1.0,0.75,1.0,0.75,0.4538754664475168,0.75,0.4538754664475168,0.75,0.13391977825657864,0.75
2023-06,0.02663517558449069,0.0688602240989307,0.06607272310424193,0.9500000000000001,0.05629279850645504,0.03529465455600311,0.0605049462047621,0.0,0.9500000000000001,1.0,0.9500000000000001,1.0,0.9500000000000001,0.23529769704002076,0.9500000000000001,0.23529769704002076,0.9500000000000001,0.0,0.9500000000000001
2023-07,-0.02898679482832678,-0.0332527710550454,0.033086249155750855,0.9500000000000001,0.06920165333066294,0.05238795748734648,-0.01747920691570054,0.0,0.9500000000000001,1.0,0.9500000000000001,1.0,0.9500000000000001,0.3492530499156432,0.9500000000000001,0.3492530499156432,0.9500000000000001,0.0,0.9500000000000001
2023-08,-0.03567696310446833,-0.0017439451216527,0.016713027425048176,0.9500000000000001,0.027950871948379755,-0.008090464048297497,-0.09086443229538071,0.0,0.9500000000000001,0.559017438967595,0.9500000000000001,0.559017438967595,0.9500000000000001,0.0,0.9500000000000001,0.0,0.9500000000000001,0.0,0.9500000000000001
2023-09,-0.07589239775626777,-0.0653056276905562,0.010006473624584643,0.9500000000000001,-0.012585355701384738,-0.03868920703044387,-0.23902377270976688,0.0,0.9500000000000001,0.0,0.9500000000000001,0.0,0.9500000000000001,0.0,0.9500000000000001,0.0,0.9500000000000001,0.0,0.9500000000000001
2023-10,0.11295047385245627,0.0713503463106879,0.5050032317796088,0.5,-0.09427100994547444,-0.13469299218551178,-0.2630772912179947,0.0,0.5,0.0,0.5,0.0,0.5,0.0,0.5,0.0,0.5,0.0,0.5
2023-11,0.047327914512986125,0.0562034786091374,0.25306916733661383,0.75,0.010664219656660182,-0.008207263046725144,-0.08257062065774456,0.0,0.75,0.21328439313320363,0.75,0.21328439313320363,0.75,0.0,0.75,0.0,0.75,0.0,0.75
2023-12,-0.0595756152499437,0.0390944743543554,0.12659660868086134,0.75,0.052794103216056154,0.07716209100055904,0.11377630392921928,0.0,0.75,1.0,0.75,1.0,0.75,0.514413940003727,0.75,0.514413940003727,0.75,0.26923975929828087,0.75
2024-01,0.05817572230802637,0.0925213359540974,0.5625039377752804,0.45,-0.01267658822026686,0.09618132590376649,0.17688603531300162,0.0,0.45,0.0,0.45,0.0,0.45,0.6412088393584433,0.45,0.0,0.45,0.0,0.45
2024-02,0.039460849828057754,-0.022426245308646,0.2850720737175663,0.7000000000000001,0.04017952408909992,0.042231881445393915,0.07979134547013206,0.0,0.7000000000000001,0.8035904817819984,0.7000000000000001,0.8035904817819984,0.7000000000000001,0.2815458763026261,0.7000000000000001,0.2815458763026261,0.7000000000000001,0.23209595783271,0.7000000000000001
2024-03,-0.019867920523340188,-0.0055787280497974,0.1428457998370577,0.8500000000000001,0.07271245190602368,0.03440309590993129,0.04356792602662812,0.0,0.8500000000000001,1.0,0.8500000000000001,1.0,0.8500000000000001,0.22935397273287528,0.8500000000000001,0.22935397273287528,0.8500000000000001,0.08596136931283506,0.8500000000000001
2024-04,-0.020631054974127316,-0.0021174518292543,0.07235395500587795,0.8500000000000001,0.0494145378826015,0.07807886934020192,0.10811172554682819,0.0,0.8500000000000001,0.98829075765203,0.8500000000000001,0.98829075765203,0.8500000000000001,0.5205257956013462,0.8500000000000001,0.5205257956013462,0.8500000000000001,0.0,0.8500000000000001
2024-05,0.06117914813209069,0.0422929976312927,0.037555258649153496,0.8500000000000001,0.024344177358783737,-0.0022101786483307295,0.03187525399083091,0.0,0.8500000000000001,0.4868835471756747,0.8500000000000001,0.4868835471756747,0.8500000000000001,0.0,0.8500000000000001,0.0,0.8500000000000001,0.0,0.8500000000000001
2024-06,-0.009696880532075847,-0.0597025219629171,0.01940866258594744,0.8500000000000001,0.0764859229140458,0.018637453071928656,-0.012002914543273346,0.0,0.8500000000000001,1.0,0.8500000000000001,1.0,0.8500000000000001,0.12424968714619104,0.8500000000000001,0.12424968714619104,0.8500000000000001,0.0,0.8500000000000001
2024-07,-0.03478551727212853,-0.0449031852005496,0.018325802633025908,0.8500000000000001,0.05397881881220789,0.02920807155155858,-0.042950068888707504,0.0,0.8500000000000001,1.0,0.8500000000000001,1.0,0.8500000000000001,0.19472047701039052,0.8500000000000001,0.19472047701039052,0.8500000000000001,0.0,0.8500000000000001
2024-08,-0.030303157557248217,-0.0099345685705286,0.009885268051272038,0.8500000000000001,0.008346978310445192,0.014333302528542369,-0.10511611607697102,0.0,0.8500000000000001,0.16693956620890382,0.8500000000000001,0.16693956620890382,0.8500000000000001,0.09555535019028247,0.8500000000000001,0.09555535019028247,0.8500000000000001,0.0,0.8500000000000001
2024-09,-0.014314019330007755,0.0016907131925471,0.005907681757067511,0.8500000000000001,-0.026093303364016773,-0.0731105088355708,-0.12280742889384422,0.0,0.8500000000000001,0.0,0.8500000000000001,0.0,0.8500000000000001,0.0,0.8500000000000001,0.0,0.8500000000000001,0.0,0.8500000000000001
2024-10,-0.03921522370126429,-0.0016022826671137,0.0062415233166089115,0.8500000000000001,-0.04155982191301317,-0.0774319911644864,-0.1000344309705195,0.0,0.8500000000000001,0.0,0.8500000000000001,0.0,0.8500000000000001,0.0,0.8500000000000001,0.0,0.8500000000000001,0.0,0.8500000000000001
2024-11,-0.022973123564838382,0.0128700833256036,0.49738317729424036,0.5,-0.08134976121706189,-0.08166597802770026,-0.09376705950354841,0.0,0.5,0.0,0.5,0.0,0.5,0.0,0.5,0.0,0.5,0.0,0.5
2024-12,0.04912715928504907,0.0005974012370535,0.25028760975496467,0.75,-0.09722073381716936,-0.07472420065686103,-0.06733626786810537,0.0,0.75,0.0,0.75,0.0,0.75,0.0,0.75,0.0,0.75,0.0,0.75
2025-01,0.006121432841425634,-0.0079469069941087,0.12907400539595879,0.75,-0.04223335124172008,-0.015171170173037485,0.009453293124740081,0.0,0.75,0.0,0.75,0.0,0.75,0.0,0.75,0.0,0.75,0.02322067185536826,0.75
2025-02,-0.020396525364153484,-0.0007436332223607,0.1067424551617508,0.75,-0.03262800304068284,0.03130005575875394,0.09482332592043491,0.0,0.75,0.0,0.75,0.0,0.75,0.20866703839169295,0.75,0.0,0.75,0.02902273107112784,0.75
2025-03,0.030425770083210457,0.0045073043098731,0.20760245042485123,0.75,-0.048467322341249376,0.03401978223928803,0.00183277772998236,0.0,0.75,0.0,0.75,0.0,0.75,0.22679854826192022,0.75,0.0,0.75,0.0,0.75
2025-04,0.055174550880334294,0.0808435554205224,0.10707261142095384,0.75,-0.0065084513560545836,0.015587692078515403,0.09853549783017074,0.0,0.75,0.0,0.75,0.0,0.75,0.1039179471901027,0.75,0.0,0.75,0.14990092010077288,0.75
2025-05,0.13864929369746903,0.1908936365697002,0.05517566462333782,0.9500000000000001,0.054373798994654,0.06510233445890701,0.19183322410435588,0.0,0.9500000000000001,1.0,0.9500000000000001,1.0,0.9500000000000001,0.43401556305938005,0.9500000000000001,0.43401556305938005,0.9500000000000001,0.5292155991942178,0.9500000000000001
2025-06,0.0565615108884876,-0.0832175508635161,0.04616373506404006,0.9500000000000001,0.1731593442650227,0.23802952138159017,0.3713785400573926,0.0,0.9500000000000001,1.0,0.9500000000000001,1.0,0.9500000000000001,1.0,0.9500000000000001,1.0,0.9500000000000001,1.0,0.9500000000000001
2025-07,-0.01831182604318171,0.0326675569654093,0.023132187323455115,0.9500000000000001,0.20326394938316508,0.26943092808117,0.24305986767467175,0.0,0.9500000000000001,1.0,0.9500000000000001,1.0,0.9500000000000001,1.0,0.9500000000000001,1.0,0.9500000000000001,0.6873916676017651,0.9500000000000001
2025-08,0.07488679795710262,0.1202668782651295,0.011680643553099971,0.9500000000000001,0.16283542110893048,0.18102292053254865,0.06428521548751776,0.0,0.9500000000000001,1.0,0.9500000000000001,1.0,0.9500000000000001,1.0,0.9500000000000001,1.0,0.9500000000000001,0.0,0.9500000000000001
2025-09,0.19941011588801794,0.3139806279829086,0.005862846715605669,0.9500000000000001,0.20077369439638454,0.11488757108250125,-0.016602326277121104,0.0,0.9500000000000001,1.0,0.9500000000000001,1.0,0.9500000000000001,0.7659171405500084,0.9500000000000001,0.7659171405500084,0.9500000000000001,0.0,0.9500000000000001
2025-10,-0.044043800878727946,-0.0039959626292656,0.0029314253132945796,0.9500000000000001,0.3394639198645848,0.26562194160346064,-0.08073414588109185,0.0,0.9500000000000001,1.0,0.9500000000000001,1.0,0.9500000000000001,1.0,0.9500000000000001,1.0,0.9500000000000001,0.0,0.9500000000000001
2025-11,0.07323907704836685,0.1296171491906593,0.0014744852772407132,0.9500000000000001,0.24419642262152758,0.23244750514122825,-0.06480388560126327,0.0,0.9500000000000001,1.0,0.9500000000000001,1.0,0.9500000000000001,1.0,0.9500000000000001,1.0,0.9500000000000001,0.0,0.9500000000000001
2025-12,0.23971267417636266,0.152165710526297,0.0007399439336651357,0.9500000000000001,0.2649523475400175,0.23055825547605435,-0.08008520859466361,0.0,0.9500000000000001,1.0,0.9500000000000001,1.0,0.9500000000000001,1.0,0.9500000000000001,1.0,0.9500000000000001,0.0,0.9500000000000001
2026-01,0.19519520978992544,0.1872040691388203,0.00036997991887520725,0.9500000000000001,0.40944755765938273,0.2719074530203893,0.005749827661841178,0.0,0.9500000000000001,1.0,0.9500000000000001,1.0,0.9500000000000001,1.0,0.9500000000000001,1.0,0.9500000000000001,0.022999310647364712,0.9500000000000001
2026-02,-0.19084643404922963,-0.1032853265987158,0.00018499541095874116,0.9500000000000001,0.5145445961220702,0.5902168912586603,0.07549390566619008,0.0,0.9500000000000001,1.0,0.9500000000000001,1.0,0.9500000000000001,1.0,0.9500000000000001,1.0,0.9500000000000001,0.3019756226647603,0.9500000000000001
2026-03,0.3060707394429423,0.428148923360046,0.001962803390393898,0.9500000000000001,0.22453110494167575,0.19892174606227586,-0.05085486392338845,0.0,0.9500000000000001,1.0,0.9500000000000001,1.0,0.9500000000000001,1.0,0.9500000000000001,1.0,0.9500000000000001,0.0,0.9500000000000001
2026-04,0.28448510731373733,0.1750392612080847,0.003100768097716541,0.9500000000000001,0.41137237956509753,0.26309639647276617,0.05973497387212967,0.0,0.9500000000000001,1.0,0.9500000000000001,1.0,0.9500000000000001,1.0,0.9500000000000001,1.0,0.9500000000000001,0.23893989548851868,0.9500000000000001
2026-05,3.894198542830907e-05,-0.0981256452754222,0.0015504118722780096,0.9500000000000001,0.5729459789192315,0.35745901345779596,-0.14710233818665674,0.0,0.9500000000000001,1.0,0.9500000000000001,1.0,0.9500000000000001,1.0,0.9500000000000001,1.0,0.9500000000000001,0.0,0.9500000000000001
2026-06,-0.22191170974465646,-0.0013871741858508,0.0007752059361414553,0.9500000000000001,0.4630986814240598,0.6776937440939486,-0.1453113697639245,0.0,0.9500000000000001,1.0,0.9500000000000001,1.0,0.9500000000000001,1.0,0.9500000000000001,1.0,0.9500000000000001,0.0,0.9500000000000001
2026-07,,,0.000391097183429749,0.9500000000000001,0.13992806481532993,-0.0005182587040306608,-0.3820849761383514,0.0,0.9500000000000001,1.0,0.9500000000000001,1.0,0.9500000000000001,0.0,0.9500000000000001,0.0,0.9500000000000001,0.0,0.9500000000000001
