as_of,har_vol_fcst,garch_vol_fcst,trailing_drift,realized_next_vol,kospi_next_ret,real_bear,ai_says_bear
2018-04-01,4.297156397632113,4.7694151976795585,-0.043678098152975776,3.336650972312553,1.301552454132037,0,1
2018-05-01,3.5561290143540467,3.5854193680879636,-1.6625731386787221,3.1434474223367044,-3.0246336139694416,1,0
2018-06-01,3.5174560335133815,3.697938629847495,-1.0561871136329126,3.581327771006487,-3.978906999041227,1,1
2018-07-01,3.8083294916449657,3.6075766213566403,-2.2177496413766007,3.190554510057886,1.4638297872340424,0,1
2018-08-01,3.4883156017900463,3.231266753170387,-2.7640348834187325,3.354959052683628,0.1671681711802073,0,1
2018-09-01,3.494687410755791,3.2449812413686745,-1.3040992568185972,2.9224444837608554,1.141514184992446,0,1
2018-10-01,3.4212550791892964,3.3711164151120077,-0.1445991089725445,5.611370015132763,-12.383798140770253,1,1
2018-11-01,4.244338593032998,4.466846742535645,-4.255385171181654,4.9968266093138825,3.34855403348554,0,1
2018-12-01,4.109852977449905,3.9403708776105177,-3.168965148433799,4.243982343124006,-3.817622580061516,1,1
2019-01-01,3.924934458135988,3.9952351500861147,-4.591490313093787,4.358175597056789,10.487247811191473,0,1
2019-02-01,4.08574642504826,4.079798902590415,3.3234798341458727,3.345273020864507,-0.655285394033454,0,0
2019-03-01,3.918380500257505,3.936295218894047,2.7416394188684023,3.326009267077075,-1.7094017094017095,0,0
2019-04-01,3.900983621729505,3.756912262114256,2.166662277547202,3.1494118651911216,-0.1926444833625219,0,1
2019-05-01,3.6936917121360784,3.5376210106567867,-0.11012122450377014,4.04639785810424,-7.879105520614954,1,0
2019-06-01,3.918927552366245,3.8313875484361457,-3.090881626098534,2.9068217906329394,3.805970149253731,0,1
2019-07-01,3.7418159332053635,3.6326636740265568,-0.23768390648868376,3.979950542960531,-4.150943396226415,1,0
2019-08-01,3.859856797931913,3.7909003106000325,-2.311372209598201,4.411644762449559,-2.871621621621622,0,1
2019-09-01,4.071884948294957,4.019359681933429,-0.6551153503679358,2.9760983796875538,5.825617283950617,0,1
2019-10-01,3.8882572220295284,3.8088482792514604,-0.4930053873131105,3.880132513652542,0.6001091107474086,0,0
2019-11-01,3.7993442514069575,3.750870237537235,0.9340019477592014,4.172742974336856,-0.6099748833871547,0,0
2019-12-01,3.94169570074156,3.978873831551823,2.7599661146705023,3.334235960928372,7.16084922634041,0,0
2020-01-01,3.876268296647022,3.872947098744834,3.164509820612766,5.534573511893819,-2.036314271169184,0,0
2020-02-01,4.551415753529775,4.796766096774717,1.2688610655609123,7.0958125898974584,-5.900674857241738,1,1
2020-03-01,5.657632945829612,6.330559135000288,-1.3725758927743958,19.78754274458713,-12.258652094717668,1,1
2020-04-01,25.025749629051386,16.851891535276913,-7.534736076617056,9.170923699647176,12.480940971465913,0,1
2020-05-01,13.213686773335493,6.606085668345119,-4.2660022866519185,5.765469357348187,6.9502696225284595,0,0
2020-06-01,5.018065219199483,4.963096128644185,-2.045244113211859,10.447917061368987,2.801684673136788,0,0
2020-07-01,6.169756919175045,7.619577410274208,5.75512134920761,4.677119469176554,6.569343065693431,0,0
2020-08-01,5.264666252717658,4.775082706836123,6.236353133046654,6.400232393293019,2.72302038088874,0,0
2020-09-01,5.8897211979205135,5.925513214623786,3.780996517265471,5.532261370559587,0.32273680813296757,0,0
2020-10-01,5.506299701500082,5.6135272166183245,3.5440869177967,3.9817981143815557,-4.089101034208433,1,0
2020-11-01,6.9071051375779735,5.44577562753091,0.12768070868005682,4.701433461074829,13.34967320261438,0,1
2020-12-01,5.749318597231657,5.102264674710609,3.8266705405574455,5.315881317293159,12.104441606357314,0,0
2021-01-01,6.468125804807606,5.842744917632012,9.201732375927838,8.989537525907037,1.4430192402565367,0,0
2021-02-01,7.2395407480645435,7.724888374794693,9.892121000206219,7.090322498030645,-1.055753262158956,0,0
2021-03-01,7.722623438712045,8.033574806380305,6.120643194431037,4.286121664487374,0.03557031064737966,0,0
2021-04-01,5.050560329560869,4.503700950296033,3.786574619287159,3.815193656659928,-0.6459948320413437,0,1
2021-05-01,5.2204229530247455,4.891085424348012,0.18626590377474528,4.103402709857935,1.7489589530041643,0,0
2021-06-01,5.015376219180398,4.246275234681519,0.872389413003064,2.577814000636155,2.069526799209394,0,0
2021-07-01,4.799497756952111,3.8303249862277906,1.387596248782206,3.426060593874289,-2.646654445462878,0,0
2021-08-01,5.252060920377877,4.319489202253899,0.15652115458660235,4.924631939496901,-1.6399203467260162,0,1
2021-09-01,5.953797517034863,5.224903265389851,-0.8098020560798398,3.2546061081747677,-4.400047568081817,1,1
2021-10-01,4.949414712180692,4.455938584955915,-2.951506222716442,4.89705595710751,-1.5718088477627075,0,1
2021-11-01,5.691397260823361,4.795761007531776,-3.4079239389101352,5.08900784115284,-3.988713607797871,1,1
2021-12-01,6.145141748317102,5.672851685970732,-3.2620740143663007,4.021260379137241,4.017740673102009,0,1
2022-01-01,4.932434514022323,4.266751378966658,-0.2835013722325979,6.184332543903377,-9.295633679469535,1,1
2022-02-01,7.304750073696829,7.51226590793091,-2.540042317681551,5.061907290604522,0.01366120218579235,0,1
2022-03-01,5.631286573372963,5.689272214156952,-2.4184955185758956,5.231656166006222,1.7144424633109314,0,1
2022-04-01,4.9192982915626,4.328325412612357,-2.747296741547988,4.38752257678328,-3.492322326403044,1,1
2022-05-01,5.568187725942961,4.974200860470452,-1.1367925629224305,5.102005915102316,0.18374558303886926,0,1
2022-06-01,5.013640676591403,5.008815476385332,-1.1294631459650517,6.15314040233275,-11.924119241192411,1,1
2022-07-01,6.120939906724484,6.335505142049953,-6.286577665619462,4.769850111992281,5.971858638743456,0,1
2022-08-01,4.93041587281355,4.412404301835387,-2.69671270219931,4.481949971528886,-0.4324992276799506,0,1
2022-09-01,5.279113754193931,5.248891899370917,-3.3154848539836794,5.654836210998286,-10.238095238095237,1,1
2022-10-01,5.524023191630585,5.836484903021007,-3.0719254044620237,5.739138369043681,3.470303867403315,0,1
2022-11-01,5.805716968474355,5.668464403130143,-2.4088864149031655,5.830092243453615,5.440499671268903,0,1
2022-12-01,5.692537033510635,5.329202528411418,0.47683315436419405,4.705491271166791,-8.275220827522082,1,0
2023-01-01,5.912872119487175,5.362684968179152,1.4392987705739875,5.020883444040134,9.296397008837525,0,1
2023-02-01,5.874418779189345,5.602730222341829,2.4632291506141617,5.250895056354139,-1.8458698661744346,0,0
2023-03-01,5.205246650401266,5.133095741952118,0.7299590899426184,4.63027964362162,2.2041581991558545,0,1
2023-04-01,5.268899073463693,4.682692850192866,2.8419087994038925,3.739984436860068,0.3074558032282859,0,1
2023-05-01,4.886023635047231,4.313588638916009,-0.037442669504994704,3.221856758600684,3.001819284414797,0,0
2023-06-01,4.921416543985441,4.331853172362971,2.2886951122701973,2.7137544075086324,0.29533372711163614,0,0
2023-07-01,4.664417000244521,3.809248708112729,1.9833080401503091,4.256417306413748,0.4204117135401566,0,0
2023-08-01,4.9102370216017,4.396451696207137,2.1574034721984914,4.236636174892475,-4.630024144297685,1,0
2023-09-01,4.781455452225008,4.232705103093851,-0.2951713563573622,3.709333411193612,-3.052196992037747,1,1
2023-10-01,4.87491599354972,4.608789865300507,-1.0309230104052884,5.363141363805006,-4.202468364318075,1,1
2023-11-01,5.521488949479402,5.408706694988698,-3.8360804610290766,6.121171737542402,9.232748914267331,0,1
2023-12-01,5.1119591556896085,4.645647701998918,0.6749663800213402,3.8922370452113393,7.745010425975574,0,0
2024-01-01,5.484883721180285,4.936134389489474,2.9920059379594055,4.85302857563352,-7.034899697719153,1,0
2024-02-01,4.900272489631533,4.5755175138715805,3.435810167741063,5.277203860656717,4.141238012205754,0,1
2024-03-01,4.969948824802746,4.774283517189995,2.3685790886430778,4.885354931250607,4.401650618982118,0,0
2024-04-01,4.854305829597165,4.934649296757156,2.6318103003078757,5.565222597030417,-3.489137590520079,1,0
2024-05-01,5.1892707057624055,5.436325316698936,2.878613083032802,4.600879265239325,-1.3829932904285909,0,1
2024-06-01,5.052248151975383,5.160160415880904,0.5030260249643929,3.607711739361106,5.141843971631205,0,0
2024-07-01,4.867960427730257,4.391983537978184,0.6584680400154395,4.770046838337584,-1.2817193164163645,0,0
2024-08-01,5.553087622725391,5.175500056132561,1.5019427657424926,11.928602913356649,-4.861748132616958,1,1
2024-09-01,5.960024833596111,5.244997234537277,0.2801006340007518,6.503450789592328,-4.247104247104247,1,1
2024-10-01,6.569945711156867,6.915856967108652,-3.4451323695733276,4.072123138420085,-0.7859118032309707,0,1
2024-11-01,5.364149307211384,5.1023621937612225,-3.269099327357064,5.545105063199099,-3.5603486482493722,1,1
2024-12-01,5.7740539394684935,5.4294680563293385,-4.10830307582331,5.837481114653723,-1.9571865443425076,0,1
2025-01-01,5.220646892412389,5.263746534131125,-3.7358500502679624,4.114165112656946,4.548296342607064,0,1
2025-02-01,5.174790710707105,4.766899590167326,-1.1755097402087413,5.850926285337105,3.84260682446972,0,0
2025-03-01,6.937402522454968,6.395062378249889,0.45260897856899357,5.096591020735717,0.5045258940495623,0,0
2025-04-01,6.606010020010474,6.299194832334719,2.125751882243494,9.572997460730846,-1.208151382823872,0,1
2025-05-01,5.677184176000654,5.486578848337143,0.1650365377906375,4.070891318285628,6.403650817017518,0,1
2025-06-01,5.437448953310762,5.532456769379768,1.039556489717787,4.9892788669940895,15.432525951557095,0,0
2025-07-01,5.689728318962249,5.638585228857619,5.273647987848871,4.1301334404859205,5.033476805356289,0,0
2025-08-01,5.002360775137345,4.431889584818486,8.739167904922619,5.51416161548978,2.5154247745609872,0,0
2025-09-01,5.199668646568819,4.7017642813585825,5.894681564504125,5.464794168687029,12.14832254267216,0,1
2025-10-01,5.428546073820151,5.658743091394879,4.680285214555803,6.226060875531108,20.795678819985458,0,0
2025-11-01,6.106706669273725,6.599588269495183,10.105147501932414,10.655030278568415,-7.141665276155515,1,0
2025-12-01,6.4681376586783985,8.18238891083164,8.944546820264025,6.3199237230549485,9.572649572649574,0,1
2026-01-01,5.624533939953138,6.356354265948965,8.175035881250963,5.400352605398084,23.3721672518353,0,0
2026-02-01,6.075032976196025,6.416423063277909,10.369007462671458,13.33847493734195,29.463548830811554,0,0
2026-03-01,8.055507128605457,10.16862171449638,19.26589484589228,24.361003074803403,-13.00386367568191,1,0
2026-04-01,18.37599783174469,16.378553525236146,8.81940557684035,13.297368786532715,21.583302908604114,0,1
2026-05-01,10.27078465505892,7.241829338931403,10.11776961681565,15.451263655991248,17.147063013438434,0,1
